name,side_effects
Chlordiazepoxide,"['drowsiness', 'dizziness', 'tiredness', 'weakness', 'dry mouth', 'diarrhea', 'upset stomach', 'changes in appetite', 'restlessness', 'excitement', 'constipation', 'difficulty urinating', 'frequent urination', 'blurred vision', 'changes in sex drive', 'changes in sex ability', 'shuffling walk', 'persistent fine tremor', 'inability to sit still', 'fever', 'difficulty breathing', 'difficulty swallowing', 'severe skin rash', 'yellowing of the skin', 'yellowing of the eyes', 'irregular heartbeat']"
Daridorexant,"['headache', 'fatigue', 'daytime sleepiness', 'dizziness', 'nausea', 'temporary inability to move while going to sleep', 'temporary inability to move while waking up', 'temporary inability to speak while going to sleep', 'temporary inability to speak while waking up', 'hallucinations while going to sleep', 'hallucinations while waking up', 'temporary leg weakness during the day', 'temporary leg weakness at night', 'rash', 'hives', 'swelling of the tongue', 'swelling of the throat', 'difficulty swallowing', 'difficulty breathing', 'feeling that the throat is closing']"

Fluoxymesterone,"['changes in sex drive', 'enlargement of the breast', 'headache', 'anxiety', 'depression', 'tingling sensations', 'prickling sensations', 'burning sensations', 'enlargement of the clitoris', 'deepening of voice', 'increase in facial hair', 'acne', 'baldness', 'abnormal menstrual periods', 'absent menstrual periods', 'erections of the penis that happen too often', 'erections of the penis that do not go away', 'rash', 'itching', 'hives', 'difficulty breathing', 'yellowing of skin', 'yellowing of eyes', 'pain in the upper right part of the stomach', 'nausea', 'vomiting', 'unusual bleeding', 'excessive bleeding', 'swelling', 'fluid retention']"
Furosemide,"['frequent urination', 'blurred vision', 'headache', 'constipation', 'diarrhea', 'decreased urination', 'dry mouth', 'thirst', 'nausea', 'vomiting', 'weakness', 'drowsiness', 'confusion', 'muscle pain', 'muscle cramps', 'rapid heartbeats', 'pounding heartbeats', 'fever', 'ringing in the ears', 'loss of hearing', 'itching', 'rash', 'hives', 'blisters', 'peeling skin', 'difficulty breathing', 'difficulty swallowing', 'yellowing of the skin', 'yellowing of the eyes']"
Cinacalcet,"['nausea', 'vomiting', 'diarrhea', 'dizziness', 'weakness', 'chest pain', 'burning of the lips', 'burning of the tongue', 'burning of the fingers', 'burning of the feet', 'tingling of the lips', 'tingling of the tongue', 'tingling of the fingers', 'tingling of the feet', 'unusual feelings of the lips', 'unusual feelings of the tongue', 'unusual feelings of the fingers', 'unusual feelings of the feet', 'muscle aches', 'muscle cramps', 'sudden tightening of the muscles in the hands', 'sudden tightening of the muscles in the feet', 'sudden tightening of the muscles in the face', 'sudden tightening of the muscles in the throat', 'seizures', 'bloody vomit', 'vomit that looks like coffee grounds', 'black stools', 'tarry stools', 'bloody stools']"
Rosiglitazone,"['headache', 'runny nose', 'cold symptoms', 'sore throat', 'back pain', 'pain in the jaw', 'pain in the arm', 'pain in the back', 'pain in the neck', 'pain in the stomach', 'chest pain', 'breaking out in a cold sweat', 'lightheadedness', 'loss of appetite', 'nausea', 'vomiting', 'stomach pain', 'dark urine', 'yellowing of the skin', 'yellowing of the eyes', 'changes in vision', 'vision loss', 'pale skin', 'dizziness', 'swelling of the eyes', 'swelling of the face', 'swelling of the lips', 'swelling of the tongue', 'swelling of the throat', 'hoarseness', 'difficulty swallowing', 'difficulty breathing', 'hives', 'itching', 'fever', 'blisters']"
Cabotegravir,"['headache', 'nausea', 'abnormal dreams', 'anxiety', 'difficulty falling asleep', 'difficulty staying asleep', 'rash', 'rash with fever', 'rash with extreme tiredness', 'rash with muscle aches', 'rash with joint aches', 'rash with blisters', 'rash with mouth sores', 'rash with swelling of the eyes', 'rash with swelling of the lips', 'rash with swelling of the tongue', 'rash with swelling of the mouth', 'rash with difficulty breathing', 'yellow eyes', 'yellow skin', 'right upper abdominal pain', 'bruising', 'bleeding', 'loss of appetite', 'confusion', 'yellow urine', 'brown-colored urine', 'pale stools']"
Pretomanid,"['acne', 'headache', 'heartburn', 'loss of appetite', 'weight loss', 'rash', 'itching', 'stomach pain', 'nausea', 'vomiting', 'diarrhea', 'constipation', 'dry skin', 'difficulty falling asleep', 'difficulty staying asleep', 'loss of appetite', 'nausea', 'yellow eyes', 'yellow skin', 'pain in the upper right area of the stomach', 'dark urine', 'pain in hands', 'pain in feet', 'pain in other parts of the body', 'numbness in hands', 'numbness in feet', 'numbness in other parts of the body', 'weakness in hands', 'weakness in feet', 'weakness in other parts of the body', 'problems with balance', 'vision changes', 'fast heartbeat', 'irregular heartbeat', 'feeling dizzy', 'fainting', 'pale skin', 'extreme tiredness', 'repeated nausea', 'repeated vomiting', 'fast breathing', 'confusion', 'feeling tired', 'sudden stabbing pain in the chest when breathing in', 'sudden stabbing pain in the chest when breathing out']"
Aficamten,[]
Osimertinib,"['diarrhea', 'constipation', 'stomach pain', 'rash', 'itching', 'dry skin', 'cracking skin', 'eczema', 'nausea', 'vomiting', 'loss of appetite', 'swelling in the mouth', 'sores in the mouth', 'bone pain', 'muscle pain', 'joint pain', 'back pain', 'headache', 'nail swelling', 'nail redness', 'nail pain', 'nail splitting', 'nail breaking', 'nail separation from nailbed', 'nail loss from nailbed', 'tiredness', 'darkening of the skin', 'hair loss', 'fast heartbeat', 'pounding heartbeat', 'shortness of breath', 'swelling of ankles', 'swelling of feet', 'feeling lightheaded', 'feeling dizzy', 'feeling faint', 'fever', 'new shortness of breath', 'worsening shortness of breath', 'difficulty breathing', 'cough', 'rash', 'skin blisters', 'skin peeling', 'purple spots on arms', 'purple spots on lower legs', 'purple spots on buttocks', 'purple spots on trunk', 'redness on arms', 'redness on lower legs', 'redness on buttocks', 'redness on trunk', 'hives on arms', 'hives on lower legs', 'hives on buttocks', 'hives on trunk', 'chest pain', 'swollen eyes', 'red eyes', 'teary eyes', 'painful eyes', 'sensitivity to light', 'vision changes', 'new fever', 'persistent fever', 'bruising', 'bleeding', 'pale skin', 'unusual tiredness', 'unusual weakness', 'signs of an infection']"
Treprostinil,"['headache', 'diarrhea', 'nausea', 'vomiting', 'flushing', 'jaw pain', 'pain in arms', 'pain in legs', 'stomach pain']"
Deuruxolitinib,"['acne', 'weight gain', 'headache', 'runny nose', 'sneezing', 'sore throat', 'congestion', 'stomach pain', 'fever', 'chills', 'nausea', 'vomiting', 'shortness of breath', 'tiredness', 'weakness', 'pale skin']"
Butabarbital,"['drowsiness', 'difficulty falling asleep', 'difficulty staying asleep', 'nightmares', 'headache', 'dizziness', 'depression', 'nervousness', 'agitation', 'excitement', 'confusion', 'restlessness', 'nausea', 'vomiting', 'constipation', 'hallucinating', 'slow breathing', 'shallow breathing', 'slow heartbeat', 'fainting', 'hives', 'rash', 'itching', 'swelling of the face', 'swelling of the throat', 'swelling of the tongue', 'swelling of the lips', 'swelling of the eyes', 'swelling of the hands', 'swelling of the feet', 'swelling of the ankles', 'swelling of the lower legs', 'difficulty breathing', 'difficulty swallowing', 'hoarseness']"
Benzphetamine,"['nausea', 'diarrhea', 'dry mouth', 'unpleasant taste', 'changes in sex drive', 'changes in sex ability', 'restlessness', 'abnormally excited mood', 'falling asleep', 'staying asleep', 'dizziness', 'sweating', 'headache', 'uncontrollable shaking of part of the body', 'shortness of breath', 'chest pain', 'fainting', 'swelling of the legs', 'swelling of the ankles', 'swelling of the feet', 'fast heartbeat', 'pounding heartbeat', 'irregular heartbeat', 'rash', 'hives', 'itching', 'believing things that are not true', 'feeling unusually suspicious of others', 'hallucinating']"
Dicyclomine,"['dry mouth', 'upset stomach', 'vomiting', 'constipation', 'stomach pain', 'gas', 'bloating', 'loss of appetite', 'dizziness', 'tingling', 'headache', 'drowsiness', 'weakness', 'blurred vision', 'double vision', 'difficulty urinating', 'hot skin', 'flushed skin', 'dry skin', 'confusion', 'forgetfulness', 'seeing things that do not exist', 'hearing voices that do not exist', 'unsteadiness', 'coma', 'anxiety', 'excessive tiredness', 'difficulty falling asleep', 'difficulty staying asleep', 'excitement', 'inappropriate mood', 'muscle weakness', 'rapid heartbeat', 'pounding heartbeat', 'fainting', 'hives', 'skin rash', 'itching', 'difficulty breathing', 'difficulty swallowing']"
Moexipril,"['cough', 'dizziness', 'lightheadedness', 'sore throat', 'hoarseness', 'excessive tiredness', 'headache', 'diarrhea', 'vomiting', 'fever', 'muscle aches', 'fast heartbeat', 'swelling of the face', 'swelling of the eyes', 'swelling of the lips', 'swelling of the tongue', 'swelling of the arms', 'swelling of the legs', 'difficulty breathing', 'difficulty swallowing', 'fainting', 'rash']"
Exemestane,"['hot flushes', 'sweating', 'muscle pain', 'joint pain', 'tiredness', 'headache', 'dizziness', 'feeling worried', 'feeling anxious', 'depression', 'difficulty falling asleep', 'difficulty staying asleep', 'nausea', 'vomiting', 'increased appetite', 'diarrhea', 'hair loss', 'red skin', 'itchy skin', 'changes in vision', 'swelling of the arms', 'swelling of the hands', 'swelling of the feet', 'swelling of the ankles', 'swelling of the lower legs', 'shortness of breath', 'chest pain']"
Tizanidine,"['dizziness', 'drowsiness', 'unusual tiredness', 'weakness', 'nervousness', 'vomiting', 'dry mouth', 'constipation', 'nausea', 'extreme tiredness', 'lack of energy', 'loss of appetite', 'unusual bleeding', 'unusual bruising', 'pain in the upper right part of the stomach', 'yellowing of the skin', 'yellowing of the eyes', 'flu-like symptoms', 'rash', 'hives', 'itching', 'swelling of the face', 'swelling of the throat', 'swelling of the tongue', 'swelling of the lips', 'swelling of the eyes', 'shortness of breath', 'difficulty breathing', 'difficulty swallowing', 'seeing things that do not exist', 'hearing voices that do not exist', 'slow heartbeat', 'changes in vision']"
Captopril,"['dizziness', 'lightheadedness', 'salty taste', 'metallic taste', 'decreased ability to taste', 'cough', 'fast heartbeat', 'excessive tiredness', 'chest pain', 'swelling of the face', 'swelling of the eyes', 'swelling of the lips', 'swelling of the tongue', 'swelling of the arms', 'swelling of the legs', 'hives', 'hoarseness', 'difficulty breathing', 'difficulty swallowing', 'stomach pain', 'fainting', 'rash', 'itching', 'mouth sores', 'fever', 'sore throat', 'chills', 'signs of infection']"
Olaparib,"['diarrhea', 'constipation', 'heartburn', 'headache', 'decreased appetite', 'muscle pain', 'joint pain', 'back pain', 'fatigue', 'dizziness', 'stomach pain', 'stomach discomfort', 'taste changes', 'mouth pain', 'mouth sores', 'rash', 'shortness of breath', 'new or worsening cough', 'difficulty breathing', 'wheezing', 'fever', 'weakness', 'extreme tiredness', 'weight loss', 'unusual bruising', 'unusual bleeding', 'pale skin', 'blood in urine', 'blood in stool', 'fever', 'chills', 'cough', 'sore throat', 'difficulty urinating', 'pain when urinating', 'signs of infection', 'pain in one leg', 'tenderness in one leg', 'redness in one leg', 'swelling in one leg', 'chest pain', 'chest tightness', 'shortness of breath', 'coughing up blood', 'fast heartbeat', 'pounding heartbeat', 'rapid breathing']"
Clonidine,"['dry mouth', 'tiredness', 'weakness', 'headache', 'nervousness', 'decreased sexual ability', 'nausea', 'vomiting', 'constipation', 'rash', 'hives', 'swelling of the face', 'swelling of the throat', 'swelling of the tongue', 'swelling of the lips', 'swelling of the eyes', 'swelling of the hands', 'swelling of the feet', 'swelling of the ankles', 'swelling of the lower legs', 'difficulty swallowing', 'difficulty breathing', 'hoarseness', 'fainting', 'fast heartbeat', 'irregular heartbeat']"
Trifluoperazine,"['dizziness', 'feeling unsteady', 'trouble keeping your balance', 'blurred vision', 'dry mouth', 'difficulty urinating', 'agitation', 'jitteriness', 'difficulty falling asleep', 'difficulty staying asleep', 'unusual movements of any part of the body', 'slowed movements of any part of the body', 'uncontrollable movements of any part of the body', 'weakness', 'breast enlargement', 'breast milk production', 'missed menstrual periods', 'decreased sexual ability in men', 'fever', 'stiff muscles', 'sweating', 'confusion', 'fast heartbeat', 'pounding heartbeat', 'irregular heartbeat', 'falling down', 'yellowing of the skin', 'yellowing of the eyes', 'sore throat', 'chills', 'signs of infection', 'neck cramps', 'tongue', 'tightness in the throat', 'uncontrollable rhythmic face movements', 'uncontrollable rhythmic mouth movements', 'uncontrollable rhythmic jaw movements', 'uncontrollable rhythmic body movements', 'uncontrollable rhythmic arm movements', 'uncontrollable rhythmic leg movements', 'seizures', 'rash', 'hives', 'itching', 'blisters', 'difficulty breathing', 'difficulty swallowing', 'swelling of the eyes', 'swelling of the face', 'swelling of the mouth', 'swelling of the lips', 'swelling of the tongue', 'swelling of the throat', 'swelling of the arms', 'swelling of the hands', 'swelling of the feet', 'swelling of the ankles', 'swelling of the lower legs', 'erection that lasts for hours', 'changes in vision']"
Rucaparib,"['nausea', 'vomiting', 'diarrhea', 'constipation', 'stomach pain', 'loss of appetite', 'bad taste in the mouth', 'mouth sores', 'weakness', 'tiredness', 'fever', 'weight loss', 'easy bruising', 'easy bleeding', 'blood in urine', 'blood in stool', 'pale skin', 'shortness of breath', 'rash']"
Doravirine,"['headache', 'tiredness', 'nausea', 'diarrhea', 'stomach pain', 'abnormal dreams', 'dizziness', 'fever', 'rash', 'itching', 'peeling of the skin', 'blistering of the skin', 'blisters of the skin', 'mouth sores', 'red eyes', 'swollen eyes']"
Elafibranor,"['diarrhea', 'stomach pain', 'nausea', 'vomiting', 'constipation', 'heartburn', 'weight loss', 'weight gain', 'dry mouth', 'joint pain', 'fever', 'chills', 'weakness', 'lightheadedness', 'yellowing of the skin', 'yellowing of the eyes', 'pain in the upper right part of the stomach', 'new or worsening fatigue', 'loss of appetite', 'swelling of legs', 'swelling of feet', 'swelling in and around the stomach area', 'black stools', 'tarry stools', 'bloody stools', 'coughing up blood', 'vomiting blood', 'confusion', 'slurred speech', 'anxiety', 'mood swings', 'changes in personality', 'rash', 'itching', 'swelling of the face', 'swelling of the eyes', 'swelling of the mouth', 'swelling of the throat', 'swelling of the tongue', 'swelling of the lips', 'difficulty breathing', 'difficulty swallowing', 'dark-colored urine', 'unexplained muscle pain', 'unexplained muscle tenderness', 'unexplained muscle weakness', 'tiredness', 'fracture of the bone', 'severe bone pain']"
Dofetilide,"['headache', 'chest pain', 'shortness of breath', 'nausea', 'flu-like symptoms', 'stomach pain', 'back pain', 'difficulty falling asleep', 'difficulty staying asleep', 'fast heartbeat', 'pounding heartbeat', 'irregular heartbeat', 'rash', 'severe diarrhea', 'dizziness', 'fainting', 'unusual sweating', 'vomiting', 'loss of appetite', 'increased thirst']"
Olanzapine,"['restlessness', 'unusual behavior', 'depression', 'difficulty falling asleep', 'difficulty staying asleep', 'weakness', 'constipation', 'increased appetite', 'weight gain', 'dry mouth', 'pain in arms', 'pain in legs', 'pain in back', 'pain in joints', 'breast enlargement', 'breast discharge', 'late menstrual periods', 'missed menstrual periods', 'decreased sexual ability', 'seizures', 'changes in vision', 'swelling of the arms', 'swelling of the hands', 'swelling of the feet', 'swelling of the ankles', 'swelling of the lower legs', 'unusual movements of your face that you cannot control', 'unusual movements of your body that you cannot control', 'problems with coordination', 'increased falls', 'sore throat', 'fever', 'chills', 'signs of infection', 'stiff muscles', 'sweating', 'confusion', 'fast heartbeat', 'pounding heartbeat', 'irregular heartbeat', 'rash', 'swollen glands', 'swelling of the face', 'hives', 'skin redness', 'skin peeling', 'difficulty breathing', 'difficulty swallowing']"
Diclofenac,"['diarrhea', 'constipation', 'gas', 'bloating', 'headache', 'dizziness', 'ringing in the ears', 'unexplained weight gain', 'shortness of breath', 'difficulty breathing', 'swelling of the abdomen', 'swelling of the feet', 'swelling of the ankles', 'swelling of the lower legs', 'excessive tiredness', 'lack of energy', 'nausea', 'loss of appetite', 'itching', 'pain in the upper right part of the stomach', 'yellowing of the skin', 'yellowing of the eyes', 'flu-like symptoms', 'fever', 'blisters', 'rash', 'hives', 'swelling of the eyes', 'swelling of the face', 'swelling of the tongue', 'swelling of the lips', 'swelling of the throat', 'swelling of the arms', 'swelling of the hands', 'difficulty breathing', 'difficulty swallowing', 'hoarseness', 'pale skin', 'fast heartbeat', 'cloudy urine', 'discolored urine', 'bloody urine', 'back pain', 'difficult urination', 'painful urination']"
Warfarin,"['gas', 'bloating', 'abdominal pain', 'change in the way things taste', 'loss of hair', 'feeling cold', 'having chills', 'hives', 'rash', 'itching', 'difficulty breathing', 'difficulty swallowing', 'swelling of the face', 'swelling of the throat', 'swelling of the tongue', 'swelling of the lips', 'swelling of the eyes', 'hoarseness', 'chest pain', 'chest pressure', 'swelling of the hands', 'swelling of the feet', 'swelling of the ankles', 'swelling of the lower legs', 'fever', 'infection', 'nausea', 'vomiting', 'diarrhea', 'extreme tiredness', 'loss of energy', 'loss of appetite', 'pain in the upper right part of the stomach', 'yellowing of the skin', 'yellowing of the eyes', 'flu-like symptoms']"
Griseofulvin,"['headache', 'upset stomach', 'vomiting', 'diarrhea', 'loose stools', 'thirst', 'fatigue', 'dizziness', 'faintness', 'fever', 'sore throat', 'skin rash', 'mouth soreness', 'mouth irritation']"
Hydrocortisone,"['nausea', 'headache', 'insomnia', 'acne', 'irregular menstrual periods', 'absent menstrual periods', 'rash', 'hives', 'itching', 'swelling of the eyes', 'swelling of the face', 'swelling of the lips', 'swelling of the mouth', 'swelling of the throat', 'swelling of the tongue', 'difficulty breathing', 'difficulty swallowing', 'vomiting', 'diarrhea', 'sudden weight gain', 'muscle weakness', 'unusual bruising', 'swollen face', 'swollen lower legs', 'swollen ankles', 'depression', 'sudden mood changes', 'unusual mood changes', 'hallucinations', 'confusion', 'mania', 'eye pain', 'eye redness', 'eye tearing', 'blurred vision', 'vision problems', 'sore throat', 'fever', 'chills', 'cough', 'stomach pain', 'difficult urination', 'painful urination', 'signs of infection', 'seizures']"
Retapamulin,"['irritation at the place where you applied the ointment', 'blisters', 'burning', 'redness', 'swelling', 'oozing from the place where you applied the ointment', 'itching', 'diarrhea', 'headache']"
Tolterodine,"['dry mouth', 'dry eyes', 'dry skin', 'headache', 'constipation', 'abdominal pain', 'excessive tiredness', 'difficulty emptying the bladder', 'painful urination', 'swelling of the face', 'swelling of the throat', 'swelling of the tongue', 'swelling of the lips', 'swelling of the eyes', 'difficulty swallowing', 'difficulty breathing']"
Desloratadine,"['headache', 'nausea', 'diarrhea', 'dizziness', 'sore throat', 'dry mouth', 'muscle pain', 'tiredness', 'sleepiness', 'rash', 'itching', 'hives', 'difficulty breathing', 'difficulty swallowing', 'swelling of the face', 'swelling of the throat', 'swelling of the tongue', 'swelling of the lips', 'swelling of the eyes', 'swelling of the hands', 'swelling of the feet', 'swelling of the ankles', 'swelling of the lower legs']"
Lorlatinib,"['weight gain', 'muscle pain', 'joint pain', 'back pain', 'diarrhea', 'constipation', 'nausea', 'vomiting', 'tiredness', 'headache', 'vision changes', 'rash', 'itching', 'swelling in your arms', 'swelling in your legs', 'swelling in your hands', 'swelling in your feet', 'difficulty breathing', 'shortness of breath', 'cough', 'fever', 'numbness in your joints', 'numbness in your arms', 'numbness in your legs', 'tingling feeling in your joints', 'tingling feeling in your arms', 'tingling feeling in your legs', 'difficulty thinking', 'confusion', 'seizures', 'seeing things that do not exist', 'hearing voices that do not exist', 'changes in mood', 'feeling sad', 'feeling anxious', 'problems with speech', 'difficulty falling asleep', 'difficulty staying asleep', 'unusual dreams', 'nightmares', 'headache', 'dizziness', 'blurred vision', 'feeling faint', 'chest pain', 'shortness of breath', 'feeling more hungry than usual', 'feeling more thirsty than usual', 'increased urination', 'extreme tiredness', 'weakness', 'confusion', 'breath that smells fruity']"
Trofinetide,"['vomiting', 'decreased appetite', 'fever', 'runny nose', 'sore throat', 'unusual tiredness', 'unusual weakness', 'anxiety', 'coughing after vomiting', 'choking after vomiting', 'shortness of breath after vomiting', 'chest pain after vomiting', 'fever after vomiting', 'seizures']"
Protriptyline,"['nausea', 'vomiting', 'diarrhea', 'loss of appetite', 'weight changes', 'unusual taste in the mouth', 'stomach pain', 'stomach cramps', 'heartburn', 'dry mouth', 'constipation', 'drowsiness', 'dizziness', 'nightmares', 'headaches', 'frequent urination', 'frequent urination at night', 'difficulty urinating', 'wide pupils', 'changes in sex drive', 'changes in sex ability', 'breast enlargement in men', 'breast enlargement in women', 'unsteadiness', 'ringing in ears', 'hair loss', 'flushing', 'sweating', 'black tongue', 'slow speech', 'difficult speech', 'weakness of an arm', 'weakness of a leg', 'numbness of an arm', 'numbness of a leg', 'crushing chest pain', 'rapid heartbeat', 'pounding heartbeat', 'irregular heartbeat', 'rash', 'hives', 'itching', 'swelling of the face', 'swelling of the tongue', 'yellowing of the skin', 'yellowing of the eyes', 'jaw muscle spasms', 'neck muscle spasms', 'back muscle spasms', 'uncontrollable shaking of a part of the body', 'fainting', 'difficulty walking', 'unusual bleeding', 'unusual bruising', 'seizures', 'confusion', 'hallucination', 'believing things that are not true', 'fever', 'pain in the hands', 'pain in the feet', 'burning in the hands', 'burning in the feet', 'tingling in the hands', 'tingling in the feet']"
Febuxostat,"['nausea', 'joint pain', 'rash', 'skin redness', 'skin pain', 'blistering of lips', 'blistering of eyes', 'blistering of mouth', 'skin peeling', 'fever', 'flu-like symptoms', 'swollen face', 'swollen lips', 'swollen mouth', 'swollen tongue', 'swollen throat', 'yellow eyes', 'yellow skin', 'dark urine', 'pain in right upper stomach area', 'discomfort in right upper stomach area']"
Crofelemer,"['runny nose', 'sneezing', 'cough', 'tiredness', 'fever', 'chills', 'cough with mucus', 'chest tightness', 'gas', 'nausea', 'swelling of the abdomen', 'hemorrhoids', 'back pain', 'joint pain', 'difficult urination', 'painful urination', 'frequent urination', 'urine that is cloudy', 'urine that is discolored', 'pressure in the lower abdomen', 'anxiety']"
Lemborexant,"['drowsiness', 'tiredness', 'headache', 'vivid dreams', 'unusual dreams', 'nightmares', 'temporary inability to move while going to sleep', 'temporary inability to move while waking up', 'temporary inability to talk while going to sleep', 'temporary inability to talk while waking up', 'sleep paralysis', 'sudden weakness of legs', 'temporary weakness of legs', 'new depression', 'worsening depression', 'new anxiety', 'worsening anxiety', 'thoughts of suicide', 'thoughts of dying', 'thoughts of hurting yourself', 'planning to hurt yourself', 'trying to hurt yourself', 'sudden onset of muscle weakness', 'pounding heartbeat']"
Metformin,"['diarrhea', 'nausea', 'stomach discomfort', 'gas', 'indigestion', 'constipation', 'lack of energy', 'weakness', 'change in sense of taste', 'headache', 'flushing of the skin', 'nail changes', 'muscle pain', 'rash', 'chest pain']"
Cyproheptadine,"['dry mouth', 'dry nose', 'dry throat', 'drowsiness', 'dizziness', 'nausea', 'chest congestion', 'headache', 'excitement', 'nervousness', 'muscle weakness', 'difficulty urinating', 'vision problems']"
Cefditoren,"['diarrhea', 'nausea', 'vomiting', 'stomach pain', 'heartburn', 'headache', 'swelling of the vagina', 'redness of the vagina', 'irritation of the vagina', 'burning of the vagina', 'itching of the vagina', 'white vaginal discharge', 'watery stools', 'bloody stools', 'stomach cramps', 'fever during treatment', 'fever up to two or more months after stopping treatment', 'hives', 'rash', 'itching', 'difficulty breathing', 'difficulty swallowing', 'closing of the throat', 'return of fever', 'sore throat', 'chills', 'signs of infection']"
Ambrisentan,"['flushing', 'pale skin', 'fast heartbeat', 'headache', 'swelling of the face', 'swelling of the throat', 'swelling of the tongue', 'swelling of the lips', 'swelling of the eyes', 'swelling of the hands', 'swelling of the feet', 'swelling of the ankles', 'swelling of the lower legs', 'hoarseness', 'difficulty swallowing', 'difficulty breathing', 'rash', 'unusual weight gain', 'extreme tiredness', 'loss of appetite', 'lack of energy', 'nausea', 'vomiting', 'pain in the upper right stomach area', 'yellowing of the skin', 'yellowing of the eyes', 'flu-like symptoms', 'itching', 'dark colored urine']"
Lefamulin,"['diarrhea', 'nausea', 'vomiting', 'severe diarrhea', 'watery stools', 'bloody stools', 'fever', 'stomach cramps']"
Amlexanox,"['slight pain of the skin that comes and goes', 'stinging of the skin that comes and goes', 'burning of the skin that comes and goes', 'nausea', 'diarrhea', 'rash']"
Mobocertinib,"['nausea', 'vomiting', 'mouth sores', 'decreased appetite', 'weight loss', 'stomach pain', 'heartburn', 'rash', 'dry skin', 'itching', 'red eyes', 'itchy eyes', 'irritated eyes', 'blurry vision', 'hair loss', 'nail infection', 'tiredness', 'muscle pain', 'bone pain', 'fatigue', 'runny nose', 'headache', 'diarrhea', 'cough', 'fever', 'shortness of breath', 'chest pain', 'swelling of your ankles', 'swelling of your feet']"
Sunvozertinib,"['decreased appetite', 'mouth sores', 'feeling tired', 'itchy skin', 'dry skin', 'infection around the skin', 'infection around the nail', 'constipation', 'muscle pain', 'joint pain', 'abdominal pain', 'decreased weight', 'shortness of breath', 'trouble breathing', 'cough', 'fever', 'diarrhea', 'nausea', 'vomiting', 'rash', 'acne', 'pain urinating', 'difficulty urinating', 'fever', 'lower back pain']"
Eliglustat,"['fatigue', 'weakness', 'joint pain', 'headache', 'migraine', 'nausea', 'heartburn', 'gas', 'mouth pain', 'throat pain', 'diarrhea', 'back pain', 'pain in legs', 'pain in arms', 'stomach pain', 'cough', 'rash', 'heart palpitations', 'dizziness', 'fainting']"
Pioglitazone,"['headache', 'muscle pain', 'pain in the arms', 'pain in the legs', 'sore throat', 'gas', 'changes in vision', 'vision loss', 'frequent urination', 'painful urination', 'difficult urination', 'cloudy urine', 'discolored urine', 'bloody urine', 'back pain', 'stomach pain']"
Propranolol,"['dizziness', 'lightheadedness', 'tiredness', 'diarrhea', 'constipation', 'rash', 'itching', 'hives', 'blistering skin', 'peeling skin', 'difficulty breathing', 'difficulty swallowing', 'swelling of the face', 'swelling of the throat', 'swelling of the tongue', 'swelling of the lips', 'feeling faint', 'unusual weight gain', 'shortness of breath', 'irregular heartbeat']"
Itraconazole,"['nausea', 'vomiting', 'diarrhea', 'constipation', 'stomach pain', 'unpleasant taste', 'headache', 'joint pain', 'muscle pain', 'joint weakness', 'muscle weakness', 'decreased sexual desire', 'inability to get an erection', 'inability to keep an erection', 'hair loss', 'excessive tiredness', 'loss of appetite', 'nausea', 'vomiting', 'yellowing of the skin', 'yellowing of the eyes', 'dark urine', 'pale stools', 'feelings of numbness on the skin', 'feelings of tingling on the skin', 'feelings of pricking on the skin', 'feelings of burning on the skin', 'feelings of creeping on the skin', 'changes in hearing', 'hearing loss', 'blistering skin', 'peeling skin', 'rash', 'hives', 'itching', 'swelling of the face', 'swelling of the throat', 'swelling of the tongue', 'swelling of the lips', 'swelling of the eyes', 'swelling of the hands', 'swelling of the ankles', 'swelling of the lower legs', 'hoarseness', 'difficulty breathing', 'difficulty swallowing', 'headaches', 'blurred vision', 'chest pain', 'dizziness', 'anxiety', 'muscle weakness', 'muscle spasms', 'muscle cramping', 'palpitations', 'feeling like heart is skipping beats', 'constipation', 'tingling', 'numbness']"
Lumateperone,"['extreme tiredness', 'fatigue', 'weight gain', 'nausea', 'dry mouth', 'dizziness', 'rash', 'hives', 'itching', 'problems with coordination', 'increased falls', 'unusual movements of your face that you cannot control', 'unusual movements of your body that you cannot control', 'sore throat', 'fever', 'chills', 'signs of infection', 'fever', 'stiff muscles', 'sweating', 'confusion', 'fast heartbeat', 'pounding heartbeat', 'irregular heartbeat', 'tightening of neck muscles', 'tightening of throat', 'difficulty breathing', 'difficulty swallowing', 'seizures']"
Nortriptyline,"['nausea', 'drowsiness', 'weakness', 'tiredness', 'excitement', 'anxiety', 'nightmares', 'dry mouth', 'changes in appetite', 'changes in weight', 'constipation', 'difficulty urinating', 'frequent urination', 'changes in sex drive', 'changes in sex ability', 'excessive sweating', 'jaw muscle spasms', 'neck muscle spasms', 'back muscle spasms', 'slow speech', 'difficult speech', 'shuffling walk', 'uncontrollable shaking of a part of the body', 'fever', 'difficulty breathing', 'difficulty swallowing', 'rash', 'yellowing of the skin', 'yellowing of the eyes', 'irregular heartbeat']"
Nilutamide,"['constipation', 'dizziness', 'hot flashes', 'visual changes', 'yellowing of the skin', 'yellowing of the eyes', 'nausea', 'vomiting', 'stomach pain', 'pain in the upper right part of the stomach', 'extreme tiredness', 'loss of appetite', 'flu-like symptoms', 'dark urine']"
Avacopan,"['nausea', 'vomiting', 'diarrhea', 'stomach pain', 'headache', 'dizziness', 'numbness in the fingers', 'numbness in the toes', 'tingling in the fingers', 'tingling in the toes', 'tiredness', 'rash', 'shortness of breath', 'difficulty breathing', 'difficulty swallowing', 'swelling of your face', 'swelling of your tongue', 'swelling of your throat', 'sweating', 'chest pain', 'lightheadedness', 'fainting', 'hives', 'itching', 'yellowing of skin', 'yellowing of eyes', 'pain in right upper stomach area', 'discomfort in right upper stomach area', 'fatigue', 'loss of appetite', 'bleeding more easily than normal', 'bruising more easily than normal', 'dark urine', 'sore throat', 'fever', 'chills', 'cough', 'earache', 'headache', 'muscle aches', 'signs of infection', 'warm skin', 'red skin', 'painful skin', 'sores on the skin', 'sores in the mouth', 'sores in the throat', 'frequent urination', 'painful urination', 'burning feeling during urination']"
Ensartinib,"['muscle pain', 'joint pain', 'constipation', 'tiredness', 'swelling of the hands', 'swelling of the feet', 'swelling of the legs', 'shortness of breath', 'chest pain', 'cough', 'fever', 'excessive tiredness', 'decreased appetite', 'nausea', 'vomiting', 'pain in the right upper part of the stomach', 'dark urine', 'itching', 'rash', 'itching of the skin', 'swelling of the skin', 'slow heartbeat', 'irregular heartbeat', 'dizziness', 'fainting', 'feeling hungry', 'feeling thirsty', 'increased urination', 'nausea', 'tiredness', 'confusion', 'unexplained muscle pain', 'unexplained muscle tenderness', 'unexplained muscle weakness', 'red joints', 'hot joints', 'tender joints', 'swollen joints', 'nausea', 'vomiting', 'pain in your abdomen', 'pain in your sides', 'pink urine', 'brown urine']"
Nimodipine,"['headache', 'diarrhea', 'nausea', 'muscle pain', 'rash', 'dizziness', 'lightheadedness', 'slow heartbeat', 'fast heartbeat', 'swelling of the arms', 'swelling of the hands', 'swelling of the feet', 'swelling of the legs']"
Palbociclib,"['nausea', 'diarrhea', 'vomiting', 'decreased appetite', 'changes in taste', 'tiredness', 'sores on the lips', 'sores on the mouth', 'sores on the throat', 'unusual hair thinning', 'hair loss', 'dry skin', 'rash', 'eye tearing', 'blurred vision', 'dry eye', 'fever', 'chills', 'signs of infection', 'difficulty breathing', 'shortness of breath', 'cough with mucus', 'cough without mucus', 'chest pain', 'dizziness', 'fast heartbeat', 'irregular heartbeat', 'pounding heartbeat', 'weakness', 'unusual bleeding', 'unusual bruising', 'nosebleeds', 'redness on the palms of the hands', 'redness on the soles of the feet', 'pain on the palms of the hands', 'pain on the soles of the feet', 'swelling on the palms of the hands', 'swelling on the soles of the feet', 'blisters on the palms of the hands', 'blisters on the soles of the feet', 'skin blistering', 'skin peeling', 'skin redness']"
Meperidine,"['nausea', 'vomiting', 'sweating', 'decreased sexual desire', 'inability to get an erection', 'inability to keep an erection', 'agitation', 'hallucinations', 'fever', 'sweating', 'confusion', 'fast heartbeat', 'shivering', 'severe muscle stiffness', 'severe muscle twitching', 'loss of coordination', 'nausea', 'vomiting', 'diarrhea', 'nausea', 'vomiting', 'loss of appetite', 'weakness', 'dizziness', 'seizures', 'chest pain', 'change in heartbeat', 'new pain', 'pain from touch', 'pain from doing ordinary tasks such as combing your hair', 'unusual snoring', 'long pauses during breaths during sleep', 'difficulty swallowing', 'regurgitation', 'pain in the chest area', 'extreme drowsiness', 'rash', 'hives', 'itching', 'swelling of your face', 'swelling of your tongue', 'swelling of your throat']"
Lubiprostone,"['nausea', 'stomach pain', 'stomach bloating', 'gas', 'vomiting', 'heartburn', 'headache', 'dizziness', 'swelling of the hands', 'swelling of the feet', 'swelling of the ankles', 'swelling of the lower legs', 'chest discomfort', 'tiredness', 'severe diarrhea', 'shortness of breath', 'difficulty taking in a breath', 'chest tightness', 'fainting', 'lightheadedness', 'rash', 'swelling of the face', 'swelling of the lips', 'swelling of the mouth', 'swelling of the tongue', 'swelling of the throat', 'throat tightness']"
Lindane,"['skin rash', 'itching skin', 'burning skin', 'dry skin', 'numbness of the skin', 'tingling of the skin', 'hair loss', 'headache', 'dizziness', 'drowsiness', 'shaking of your body that you cannot control', 'seizures']"
Ampicillin,"['diarrhea', 'nausea', 'vomiting', 'rash', 'itching', 'hives', 'difficulty breathing', 'difficulty swallowing', 'wheezing', 'severe diarrhea', 'watery stools', 'bloody stools', 'fever', 'stomach cramps', 'return of fever', 'cough', 'sore throat', 'chills', 'signs of infection']"
Phenelzine,"['drowsiness', 'weakness', 'dizziness', 'dry mouth', 'constipation', 'weight gain', 'decreased sexual ability', 'uncontrollable shaking of any part of the body', 'muscle twitching', 'muscle jerking', 'headache', 'slow heartbeat', 'fast heartbeat', 'pounding heartbeat', 'neck stiffness', 'neck soreness', 'chest pain', 'nausea', 'vomiting', 'sweating', 'wide pupils', 'eyes more sensitive to light than usual', 'swelling of face', 'swelling of throat', 'swelling of arms', 'swelling of hands', 'swelling of feet', 'swelling of ankles', 'swelling of lower legs', 'difficulty breathing', 'difficulty swallowing', 'yellowing of the skin', 'yellowing of the eyes']"
Desvenlafaxine,"['constipation', 'loss of appetite', 'difficulty falling asleep', 'difficulty staying asleep', 'sweating', 'decreased sex drive in males', 'inability to get an erection', 'inability to keep an erection', 'delayed ejaculation', 'absent ejaculation', 'decreased sex drive in females', 'delayed orgasm', 'unable to have an orgasm', 'rash', 'hives', 'difficulty swallowing', 'difficulty breathing', 'swelling of the face', 'swelling of the throat', 'swelling of the tongue', 'swelling of the lips', 'swelling of the eyes', 'swelling of the hands', 'swelling of the feet', 'swelling of the ankles', 'swelling of the lower legs', 'fast heartbeat', 'chest pain', 'arm pain', 'back pain', 'neck pain', 'jaw pain', 'coma', 'loss of consciousness', 'seizures', 'fever', 'sweating', 'confusion', 'fast heartbeat', 'irregular heartbeat', 'severe muscle stiffness', 'muscle twitching', 'agitation', 'hallucinations', 'loss of coordination', 'nausea', 'vomiting', 'diarrhea', 'unusual bleeding', 'unusual bruising', 'headache', 'unsteadiness', 'problems with thinking', 'problems with concentration', 'problems with memory', 'fainting']"
Nebivolol,"['headache', 'tiredness', 'weakness', 'dizziness', 'nausea', 'diarrhea', 'stomach pain', 'difficulty falling asleep', 'difficulty staying asleep', 'numbness in the hands', 'numbness in the arms', 'numbness in the feet', 'numbness in the legs', 'burning in the hands', 'burning in the arms', 'burning in the feet', 'burning in the legs', 'tingling in the hands', 'tingling in the arms', 'tingling in the feet', 'tingling in the legs', 'chest pain', 'slow heart rate', 'difficulty breathing', 'unusual weight gain', 'shortness of breath', 'swelling of the hands', 'swelling of the feet', 'swelling of the ankles', 'swelling of the lower legs', 'rapid heartbeat', 'pounding heartbeat', 'irregular heartbeat', 'vomiting']"
Naltrexone,"['nausea', 'vomiting', 'stomach pain', 'stomach cramping', 'diarrhea', 'constipation', 'loss of appetite', 'headache', 'dizziness', 'anxiety', 'nervousness', 'irritability', 'tearfulness', 'difficulty falling asleep', 'difficulty staying asleep', 'increased energy', 'decreased energy', 'drowsiness', 'muscle pain', 'joint pain', 'rash', 'confusion', 'hallucinations', 'blurred vision', 'severe vomiting', 'severe diarrhea']"
Tapentadol,"['headache', 'heartburn', 'stomach pain', 'dry mouth', 'excessive tiredness', 'anxiety', 'drowsiness', 'difficulty falling asleep', 'difficulty staying asleep', 'abnormal dreams', 'irritability', 'sudden feeling of warmth', 'seizures', 'agitation', 'hallucinations', 'fever', 'sweating', 'confusion', 'fast heartbeat', 'shivering', 'severe muscle stiffness', 'severe muscle twitching', 'loss of coordination', 'diarrhea', 'nausea', 'vomiting', 'loss of appetite', 'weakness', 'dizziness', 'inability to get an erection', 'inability to keep an erection', 'irregular menstruation', 'decreased sexual desire', 'rash', 'itching', 'hives', 'swelling of the eyes', 'swelling of the face', 'swelling of the lips', 'swelling of the tongue', 'swelling of the throat', 'hoarseness', 'difficulty breathing', 'difficulty swallowing', 'chest pain', 'feeling lightheaded when you change positions', 'feeling faint', 'loss of consciousness', 'feeling overheated', 'heavy sweating', 'worsening pain', 'increased sensitivity to pain', 'new pain']"
Valsartan,"['headache', 'excessive tiredness', 'nausea', 'diarrhea', 'stomach pain', 'back pain', 'joint pain', 'blurry vision', 'cough', 'rash', 'swelling of the face', 'swelling of the throat', 'swelling of the tongue', 'swelling of the lips', 'swelling of the eyes', 'swelling of the hands', 'swelling of the feet', 'swelling of the ankles', 'swelling of the lower legs', 'hoarseness', 'difficulty breathing', 'difficulty swallowing', 'unexplained weight gain']"
Methadone,"['headache', 'nausea', 'vomiting', 'sweating', 'decreased sexual desire', 'inability to get an erection', 'inability to keep an erection', 'seizures', 'rash', 'hives', 'itching', 'hoarseness', 'difficulty breathing', 'difficulty swallowing', 'swelling of the face', 'swelling of the mouth', 'swelling of the tongue', 'swelling of the throat', 'extreme drowsiness', 'agitation', 'hallucinations', 'fever', 'sweating', 'confusion', 'fast heartbeat', 'shivering', 'severe muscle stiffness', 'severe muscle twitching', 'loss of coordination', 'diarrhea', 'nausea', 'vomiting', 'loss of appetite', 'weakness', 'dizziness', 'new pain', 'pain from touch', 'pain from doing ordinary tasks', 'difficulty swallowing', 'regurgitation', 'pain in the chest area', 'chest pain', 'changes in heartbeat', 'unusual snoring', 'long pauses during breaths during sleep']"
Dronedarone,"['diarrhea', 'heartburn', 'weakness', 'rash', 'redness', 'shortness of breath', 'difficulty swallowing', 'difficulty breathing', 'wheezing', 'chest tightness', 'dry cough', 'coughing up frothy mucus', 'difficulty sleeping due to breathing problems', 'need to prop yourself up with extra pillows in order to breathe at night', 'weight gain in a short period of time', 'swelling of the eyes', 'swelling of the face', 'swelling of the lips', 'swelling of the throat', 'swelling of the hands', 'swelling of the feet', 'swelling of the legs', 'slowed heartbeat', 'fainting', 'fever', 'flu-like symptoms', 'yellowing of the skin', 'yellowing of the eyes', 'itching', 'unusual bruising', 'unusual bleeding', 'nausea', 'vomiting', 'loss of appetite', 'pain in the upper right part of the stomach', 'tiredness', 'lack of energy', 'unusual darkening of the urine', 'light colored stools', 'sudden severe headache', 'sudden complete loss of vision', 'sudden partial loss of vision', 'weakness of an arm', 'weakness of a leg', 'numbness of an arm', 'numbness of a leg', 'difficulty thinking clearly', 'difficulty remembering', 'difficulty learning new things']"
Cetirizine,"['drowsiness', 'excessive tiredness', 'dry mouth', 'rash', 'difficulty breathing', 'difficulty swallowing']"
Sulfadiazine,"['diarrhea', 'upset stomach', 'loss of appetite', 'dizziness', 'rash', 'skin changes', 'sore throat', 'fever', 'headache', 'joint aches', 'muscle aches', 'yellowing of the skin', 'yellowing of the eyes', 'swelling of the lips', 'swelling of the tongue', 'swallowing problems', 'tiredness', 'weakness', 'blood in urine', 'difficulty breathing', 'unusual bleeding', 'unusual bruising', 'ringing in ears']"
Abiraterone,"['joint swelling', 'joint pain', 'groin pain', 'hot flashes', 'diarrhea', 'constipation', 'heartburn', 'cough', 'sore throat', 'stuffy nose', 'runny nose', 'difficulty falling asleep', 'difficulty staying asleep', 'dizziness', 'feeling faint', 'feeling lightheaded', 'headache', 'confusion', 'fast heartbeats', 'irregular heartbeats', 'muscle weakness', 'muscle aches', 'leg pain', 'swelling of the hands', 'swelling of the feet', 'swelling of the ankles', 'swelling of the lower legs', 'shortness of breath', 'rash', 'hives', 'itching', 'difficulty breathing', 'difficulty swallowing', 'swelling of the face', 'swelling of the lips', 'swelling of the tongue', 'swelling of the throat', 'unusual bruising', 'unusual bleeding', 'yellowing of the skin', 'yellowing of the eyes', 'nausea', 'vomiting', 'loss of appetite', 'extreme tiredness', 'lack of energy', 'dark urine', 'pain in the upper right part of the stomach', 'fever', 'blood in urine', 'difficult urination', 'painful urination', 'frequent urination', 'falling', 'bone fracture']"
Brigatinib,"['nausea', 'diarrhea', 'vomiting', 'constipation', 'tiredness', 'rash', 'headache', 'numbness in the feet', 'numbness in the hands', 'pain in the feet', 'pain in the hands', 'tingling in the feet', 'tingling in the hands', 'burning feeling in the feet', 'burning feeling in the hands', 'back pain', 'joint pain', 'loss of appetite', 'difficulty falling asleep', 'difficulty staying asleep', 'shortness of breath', 'difficulty breathing', 'chest pain', 'cough with mucus', 'cough without mucus', 'fever', 'headache', 'dizziness', 'lightheadedness', 'feeling faint', 'blurred vision', 'double vision', 'seeing flashes of light', 'light hurting your eyes', 'seeing floaters', 'seeing small specks', 'extreme thirst', 'frequent urination', 'extreme hunger', 'blurred vision', 'weakness', 'upper stomach pain that may spread to the back', 'upper stomach pain that may get worse with eating', 'weight loss', 'nausea', 'slow heartbeat', 'irregular heartbeat', 'muscle pain', 'muscle spasms', 'muscle tenderness', 'muscle weakness']"
Oxazepam,"['drowsiness', 'dizziness', 'headache', 'frequent urination', 'severe skin rash', 'difficulty breathing', 'difficulty swallowing', 'yellowing of the skin', 'yellowing of the eyes', 'irregular heartbeat']"
Pivmecillinam,"['nausea', 'diarrhea', 'itching', 'headache', 'severe diarrhea', 'watery stools', 'bloody stools', 'fever', 'stomach cramps', 'vaginal itching', 'thick white vaginal discharge', 'rash', 'itching', 'hives', 'difficulty breathing', 'wheezing', 'extreme redness of skin', 'peeling of skin', 'blistering of skin', 'blistering of insides of the mouth', 'dizziness', 'confusion', 'tiredness', 'muscle pains', 'worrying', 'confusion', 'pain in stomach', 'pain in legs', 'pain in arms', 'muscle weakness', 'confusion']"
Riociguat,"['headache', 'constipation', 'heartburn', 'upset stomach', 'nausea', 'vomiting', 'diarrhea', 'swelling of your hands', 'swelling of your legs', 'swelling of your feet', 'swelling of your ankles', 'coughing up pink frothy sputum', 'coughing up blood', 'fainting', 'chest pain', 'shortness of breath']"
Edoxaban,"['rash', 'unusual tiredness', 'weakness', 'dizziness', 'pale skin', 'bleeding gums', 'nosebleeds', 'heavy vaginal bleeding', 'red urine', 'pink urine', 'brown urine', 'red stools', 'black stools', 'tarry stools', 'coughing up blood', 'coughing up material that looks like coffee grounds', 'vomiting blood', 'vomiting material that looks like coffee grounds']"
Guanabenz,"['dry mouth', 'drowsiness', 'dizziness', 'weakness', 'headache', 'decreased sexual ability', 'upset stomach', 'fainting', 'increased heartbeat', 'decreased heartbeat', 'irregular heartbeat', 'swollen ankles', 'swollen feet']"
Dolasetron,"['headache', 'tiredness', 'heartburn', 'chills', 'less frequent urination', 'dizziness', 'rapid heart beat', 'pounding heart beat', 'irregular heart beat', 'hives', 'rash', 'itching', 'difficulty swallowing', 'difficulty breathing', 'dizziness', 'light-headedness', 'fainting', 'fast heartbeat', 'slow heartbeat', 'irregular heartbeat', 'agitation', 'hallucinations', 'fever', 'excessive sweating', 'confusion', 'nausea', 'vomiting', 'diarrhea', 'loss of coordination', 'stiff muscles', 'twitching muscles', 'seizures', 'coma']"
Salsalate,"['diarrhea', 'dizziness', 'ringing in the ears', 'loss of hearing', 'difficulty breathing', 'difficulty swallowing', 'shortness of breath', 'hoarseness', 'fast heartbeat', 'unexplained weight gain', 'swelling of the eyes', 'swelling of the face', 'swelling of the tongue', 'swelling of the lips', 'swelling of the throat', 'swelling of the arms', 'swelling of the hands', 'swelling of the feet', 'swelling of the ankles', 'swelling of the lower legs', 'rash', 'hives', 'blisters', 'itching', 'unusual bleeding', 'unusual bruising', 'pale skin', 'cold skin', 'fever', 'nausea', 'headache', 'extreme tiredness', 'weakness', 'lack of energy', 'loss of appetite', 'pain in the upper right part of the stomach', 'yellowing of the skin', 'yellowing of the eyes', 'flu-like symptoms', 'cloudy urine', 'discolored urine', 'bloody urine', 'back pain', 'difficult urination', 'painful urination']"
Digoxin,"['dizziness', 'lightheadedness', 'drowsiness', 'blurred vision', 'yellow vision', 'rash', 'irregular heartbeat', 'upset stomach', 'vomiting', 'diarrhea', 'loss of appetite', 'swelling of the feet', 'swelling of the hands', 'unusual weight gain', 'difficulty breathing']"
Zileuton,"['headache', 'heartburn', 'diarrhea', 'muscle pain', 'nose irritation', 'throat irritation', 'pain in the face', 'fullness in the face', 'rash', 'hives', 'pain in the upper right part of the stomach', 'nausea', 'vomiting', 'excessive tiredness', 'itching', 'yellowing of the skin', 'yellowing of the eyes', 'dark urine', 'flu-like symptoms']"
Deferiprone,"['nausea', 'vomiting', 'heartburn', 'stomach pain', 'diarrhea', 'increased appetite', 'decreased appetite', 'weight gain', 'pain in the arms', 'pain in the legs', 'pain in the back', 'pain in the joints', 'headache', 'red discoloration of urine', 'brown discoloration of urine', 'reddish purple spots', 'reddish purple rash', 'swollen joints', 'sore joints', 'stomach pain', 'bloody urine', 'hives', 'swelling around the eyes', 'fast heartbeat', 'pounding heartbeat']"
Solifenacin,"['dry mouth', 'dry skin', 'dry eyes', 'constipation', 'stomach pain', 'upset stomach', 'vomiting', 'heartburn', 'blurred vision', 'constipation that lasts longer than 3 days', 'painful urination', 'frequent urination', 'bloody urine', 'cloudy urine', 'back pain', 'back pain', 'rash', 'hives', 'itching', 'difficulty breathing', 'difficulty swallowing', 'hoarseness', 'swelling of the face', 'swelling of the throat', 'swelling of the tongue', 'swelling of the lips', 'swelling of the eyes', 'swelling of the hands', 'swelling of the feet', 'swelling of the ankles', 'swelling of the lower legs', 'hallucinations', 'confusion', 'headache', 'extreme tiredness']"
Timolol,"['dizziness', 'lightheadedness', 'excessive tiredness', 'weakness', 'nausea', 'heartburn', 'headache', 'cold hands', 'cold feet', 'difficulty breathing', 'shortness of breath', 'wheezing', 'swelling of the hands', 'swelling of the feet', 'swelling of the ankles', 'swelling of the lower legs', 'unusual weight gain', 'chest pain', 'slow heartbeat', 'irregular heartbeat']"
Perindopril,"['cough', 'headache', 'weakness', 'dizziness', 'diarrhea', 'stomach pain', 'upset stomach', 'swelling of the face', 'swelling of the throat', 'swelling of the tongue', 'swelling of the lips', 'swelling of the eyes', 'swelling of the hands', 'swelling of the feet', 'swelling of the ankles', 'swelling of the lower legs', 'hoarseness', 'difficulty swallowing', 'difficulty breathing', 'lightheadedness', 'fainting', 'fever', 'sore throat', 'chills', 'signs of infection', 'irregular heartbeats', 'rapid heartbeats']"
Elinzanetant,"['headache', 'tiredness', 'drowsiness', 'dizziness', 'tiredness', 'yellowing of eyes', 'yellowing of skin', 'abdominal pain', 'bruising', 'bleeding', 'nausea', 'vomiting', 'loss of appetite', 'dark urine', 'pale stools', 'pain in upper right part of stomach', 'seizure']"
Ganaxolone,"['sleepiness', 'tiredness', 'drooling', 'difficulty walking', 'fever', 'sore throat', 'cough', 'flu-like symptoms', 'runny nose', 'sneezing', 'nasal congestion']"
Olutasidenib,"['nausea', 'vomiting', 'feeling tired', 'feeling sick', 'constipation', 'diarrhea', 'joint pain', 'shortness of breath', 'cough', 'fever', 'rash', 'swelling', 'mouth sores', 'pain in mouth', 'pain in throat', 'yellowing of skin', 'yellowing of eyes', 'dark urine', 'loss of appetite', 'abdominal pain', 'extreme fatigue']"
Pazopanib,"['diarrhea', 'constipation', 'heartburn', 'change in ability to taste food', 'joint pain', 'muscle pain', 'swelling of the face', 'tender palms of the hands', 'red palms of the hands', 'tender soles of the feet', 'red soles of the feet', 'hair loss', 'thin fingernails', 'brittle fingernails', 'thin hair', 'brittle hair', 'change in hair color', 'lightening of an area of the skin', 'rash', 'weakness', 'depression', 'unusual discomfort in cold temperatures', 'weight loss', 'fast heartbeat', 'irregular heartbeat', 'chest pain', 'pain in the arms', 'pain in the back', 'pain in the neck', 'pain in the jaw', 'shortness of breath', 'headache', 'slow speech', 'difficult speech', 'dizziness', 'faintness', 'weakness of an arm', 'weakness of a leg', 'numbness of an arm', 'numbness of a leg', 'wounds that do not heal', 'stomach pain', 'stomach swelling', 'black stools', 'tarry stools', 'red blood in stools', 'bloody vomit', 'vomit that looks like coffee grounds', 'blood in urine', 'nosebleeds', 'coughing up blood']"
Ixazomib,"['diarrhea', 'constipation', 'nausea', 'new rash', 'worsening rash', 'back pain', 'unusual swelling of your arms', 'unusual swelling of your legs', 'weight gain due to swelling', 'blurred vision', 'dry eyes', 'pink eye', 'nausea', 'extreme tiredness', 'loss of appetite', 'flu-like symptoms', 'unusual bleeding', 'unusual bruising', 'yellowing of your skin', 'yellowing of your eyes', 'pain in the upper right part of your stomach', 'burning in arms', 'burning in legs', 'tingling in arms', 'tingling in legs', 'numbness in arms', 'numbness in legs', 'pain in arms', 'pain in legs', 'weakness in arms', 'weakness in legs', 'bloody stool', 'black, tarry stool']"
Acebutolol,"['dizziness', 'lightheadedness', 'excessive tiredness', 'headache', 'constipation', 'diarrhea', 'nausea', 'muscle pain', 'joint pain', 'difficulty falling asleep', 'difficulty staying asleep', 'shortness of breath', 'wheezing', 'slow heart rate', 'unusual weight gain', 'swelling of the hands', 'swelling of the feet', 'swelling of the ankles', 'swelling of the lower legs', 'chest pain']"
Sapropterin,"['diarrhea', 'nausea', 'vomiting', 'stomach pain', 'headache', 'cough', 'throat pain', 'cold symptoms', 'fidgeting', 'moving around', 'talking too much', 'wheezing', 'shortness of breath', 'cough', 'flushing', 'nausea', 'rash', 'pain in the upper abdominal area', 'nausea', 'vomiting', 'black stool', 'tarry stool', 'bloody stool', 'vomiting blood']"
Lofexidine,"['difficulty falling asleep', 'difficulty staying asleep', 'dry mouth', 'ringing in the ears', 'fainting', 'dizziness', 'lightheadedness']"
Hydromorphone,"['dry mouth', 'nausea', 'vomiting', 'sweating', 'mood changes', 'flushing', 'itching', 'decreased sexual desire', 'inability to get an erection', 'inability to keep an erection', 'rash', 'hives', 'hoarseness', 'difficulty breathing', 'difficulty swallowing', 'swelling of the face', 'swelling of the mouth', 'swelling of the tongue', 'swelling of the throat', 'agitation', 'hallucinations', 'fever', 'sweating', 'confusion', 'fast heartbeat', 'shivering', 'severe muscle stiffness', 'severe muscle twitching', 'loss of coordination', 'diarrhea', 'nausea', 'vomiting', 'loss of appetite', 'weakness', 'dizziness', 'new pain', 'pain from touch', 'pain from doing ordinary tasks', 'difficulty swallowing', 'regurgitation', 'pain in the chest area', 'seizures', 'chest pain', 'changes in heartbeat', 'extreme drowsiness', 'unusual snoring', 'long pauses during breaths during sleep']"
Fluphenazine,"['nausea', 'loss of appetite', 'weakness', 'tiredness', 'excitement', 'anxiety', 'nightmares', 'dry mouth', 'breast enlargement', 'breast discharge', 'late menstrual period', 'missed menstrual period', 'decreased sexual ability', 'dizziness', 'feeling unsteady', 'trouble keeping your balance', 'problems urinating', 'uncontrollable movements of the face', 'uncontrollable movements of the mouth', 'uncontrollable movements of the jaw', 'uncontrollable movements of other body parts', 'tongue that sticks out of the mouth', 'fine, worm-like tongue movements', 'problems with coordination', 'falling down', 'fever', 'chills', 'sore throat', 'flu-like symptoms', 'rash', 'itching', 'redness', 'hives', 'difficulty breathing', 'difficulty swallowing', 'yellowing of the skin', 'yellowing of the eyes', 'changes in vision', 'fever', 'stiff muscles', 'sweating', 'confusion', 'fast heartbeat', 'pounding heartbeat', 'irregular heartbeat']"
Diphenhydramine,"['dry mouth', 'dry nose', 'dry throat', 'drowsiness', 'dizziness', 'muscle weakness', 'excitement (especially in children)', 'vision problems', 'difficulty urinating', 'painful urination']"
Ketorolac,"['headache', 'dizziness', 'drowsiness', 'diarrhea', 'constipation', 'gas', 'sores in the mouth', 'sweating', 'fever', 'blisters', 'unexplained weight gain', 'shortness of breath', 'difficulty breathing', 'swelling in the abdomen', 'swelling in the ankles', 'swelling in the feet', 'swelling in the legs', 'yellowing of the skin', 'yellowing of the eyes', 'excessive tiredness', 'unusual bleeding', 'unusual bruising', 'lack of energy', 'nausea', 'loss of appetite', 'pain in the upper right part of the stomach', 'flu-like symptoms', 'pale skin', 'fast heartbeat', 'cloudy urine', 'discolored urine', 'bloody urine', 'back pain', 'difficult urination', 'painful urination']"
Dabrafenib,"['headache', 'joint pain', 'muscle pain', 'back pain', 'nausea', 'diarrhea', 'constipation', 'loss of appetite', 'cough', 'runny nose', 'sore throat', 'hair loss', 'tiredness', 'thickening of the skin', 'infection of the skin around the fingernails', 'infection of the skin around the toenails', 'numbness of the arms', 'numbness of the hands', 'numbness of the legs', 'numbness of the feet', 'tingling of the arms', 'tingling of the hands', 'tingling of the legs', 'tingling of the feet', 'dry skin', 'new wart', 'pimple', 'skin sore', 'red bump that bleeds or does not heal', 'change in size of a mole', 'change in color of a mole', 'fever', 'chills', 'shaking', 'dizziness', 'lightheadedness', 'weakness', 'fainting', 'decreased urination', 'increased thirst', 'increased urination', 'more frequent urination', 'eye pain', 'red eyelids', 'swollen eyelids', 'sensitivity to light', 'blurred vision', 'vision changes', 'seeing halos', 'seeing colored dots', 'rash', 'blistering skin', 'peeling skin', 'reddened skin', 'blistering of the lips', 'blistering of the eyes', 'blistering of the mouth', 'flu-like symptoms', 'swollen glands', 'bruising', 'ongoing pain that begins in the stomach area but may spread to the back', 'unusual bleeding', 'unusual bruising', 'bloody stools', 'black, tarry stools', 'coughing up blood', 'vomiting blood', 'vomiting material that looks like coffee grounds', 'nosebleed', 'headaches', 'feeling weak', 'chest pain', 'fast heartbeat', 'irregular heartbeat', 'pounding heartbeat', 'swelling of the hands', 'swelling of the feet', 'swelling of the ankles', 'swelling of the lower legs', 'shortness of breath', 'yellowing of the skin', 'yellowing of the eyes']"
Clobazam,"['tiredness', 'problems with coordination', 'difficulty speaking', 'difficulty swallowing', 'drooling', 'change in appetite', 'vomiting', 'constipation', 'cough', 'joint pain', 'difficult urination', 'painful urination', 'frequent urination', 'cough', 'difficulty breathing', 'fever', 'sores in your mouth', 'rash', 'hives', 'peeling skin', 'blistering skin', 'fever']"
Mirdametinib,"['rash', 'redness of skin', 'flat bumps on skin', 'raised bumps on skin', 'dry skin', 'itchy skin', 'loss of hair', 'loose stools', 'nausea', 'vomiting', 'stomach pain', 'swelling of the lips', 'swelling of the gums', 'swelling of the tongue', 'swelling of the cheeks', 'redness of the lips', 'redness of the gums', 'redness of the tongue', 'redness of the cheeks', 'pain of the lips', 'pain of the gums', 'pain of the tongue', 'pain of the cheeks', 'sores of the lips', 'sores of the gums', 'sores of the tongue', 'sores of the cheeks', 'muscle aches', 'muscle pains', 'joint aches', 'joint pains', 'tiredness', 'fever', 'runny nose', 'sneezing', 'sinus congestion', 'chest congestion', 'cough', 'redness of the nail beds on toes', 'redness of the nail beds on fingers', 'swelling of the nail beds on toes', 'swelling of the nail beds on fingers', 'headache', 'numbness in hands', 'numbness in feet', 'numbness in legs', 'tingling in hands', 'tingling in feet', 'tingling in legs', 'pain in hands', 'pain in feet', 'pain in legs', 'burning in hands', 'burning in feet', 'burning in legs', 'blurred vision', 'floaters in line of vision', 'vision loss', 'pain in the eye', 'pressure in the eye', 'redness of the eye', 'flashes of light', 'disturbances in vision', 'loss of peripheral vision', 'shortness of breath', 'feeling tired', 'feeling weak', 'cough', 'chest pain', 'swelling in the legs', 'swelling in the feet', 'weight gain', 'abdominal bloating', 'upper right-sided stomach pain', 'rash with peeling skin']"
Olsalazine,"['stomach upset', 'nausea', 'bloating', 'loss of appetite', 'headache', 'muscle pain', 'joint pain', 'dizziness', 'difficulty falling asleep', 'difficulty staying asleep', 'rash', 'hives', 'itching skin', 'peeling skin', 'blistering skin', 'fever', 'swelling of the eyes', 'swelling of the face', 'swelling of the lips', 'swelling of the tongue', 'swelling of the mouth', 'swelling of the throat', 'difficulty breathing', 'difficulty swallowing', 'new cough', 'worsening cough', 'shortness of breath', 'chest pain', 'diarrhea', 'unusual bleeding', 'unusual bruising', 'extreme tiredness', 'yellowing of the skin', 'yellowing of the eyes', 'pain in the right upper part of the stomach', 'pale stools', 'difficult urination', 'painful urination', 'cloudy urine', 'discolored urine', 'bloody urine', 'back pain']"
Calcifediol,"['joint pain', 'feeling tired', 'difficulty thinking clearly', 'loss of appetite', 'nausea', 'vomiting', 'constipation', 'increased thirst', 'increased urination', 'weight loss', 'shortness of breath', 'pale skin', 'fracture']"
Epoprostenol,"['dizziness', 'jaw pain', 'muscle pain', 'bone pain', 'headache', 'nausea', 'vomiting', 'diarrhea', 'flushing', 'anxiety', 'nervousness', 'agitation', 'rash', 'shortness of breath', 'wheezing', 'difficulty breathing', 'coughing up blood', 'unusual bleeding', 'unusual bruising', 'fever', 'chills', 'signs of infection', 'dizziness', 'fainting']"
Quetiapine,"['dizziness', 'feeling unsteady', 'trouble keeping your balance', 'pain in the joints', 'pain in the back', 'pain in the neck', 'dry mouth', 'nausea', 'indigestion', 'vomiting', 'constipation', 'increased appetite', 'weight gain', 'stuffy nose', 'difficulty speaking', 'difficulty using language', 'loss of coordination', 'problems with coordination', 'falling down', 'seizures', 'uncontrollable movements of your arms', 'uncontrollable movements of your legs', 'uncontrollable movements of your tongue', 'uncontrollable movements of your face', 'uncontrollable movements of your lips', 'painful erection of the penis that lasts for hours', 'fluid leaking from breasts', 'fever', 'stiff muscles', 'sweating', 'confusion', 'fast heartbeat', 'pounding heartbeat', 'irregular heartbeat', 'sore throat', 'fever', 'chills', 'difficult urination', 'painful urination', 'signs of infection', 'rash', 'hives', 'blisters', 'tightening of the neck muscles', 'tightening of the throat', 'difficulty breathing', 'difficulty swallowing']"
Neratinib,"['diarrhea', 'stomach pain', 'heartburn', 'bloating', 'mouth ulcers', 'loss of appetite', 'weight loss', 'nose bleeding', 'nail problems', 'nail changes', 'muscle spasms', 'yellow eyes', 'yellow skin', 'dark urine', 'pain in the right upper stomach area', 'discomfort in the right upper stomach area', 'tiredness', 'nausea', 'vomiting', 'rash', 'fever', 'difficulty urinating', 'pain when urinating', 'signs of infection']"
Nabumetone,"['diarrhea', 'constipation', 'gas', 'bloating', 'dizziness', 'headache', 'dry mouth', 'sores in the mouth', 'nervousness', 'difficulty falling asleep', 'difficulty staying asleep', 'increased sweating', 'ringing in the ears', 'unexpected weight gain', 'shortness of breath', 'difficulty breathing', 'swelling of the abdomen', 'swelling of the feet', 'swelling of the ankles', 'swelling of the lower legs', 'yellowing of the skin', 'yellowing of the eyes', 'lack of energy', 'loss of appetite', 'nausea', 'pain in the upper right part of the stomach', 'flu-like symptoms', 'fever', 'blisters', 'rash', 'itching', 'hives', 'swelling of the eyes', 'swelling of the face', 'swelling of the lips', 'swelling of the tongue', 'swelling of the throat', 'swelling of the arms', 'swelling of the hands', 'difficulty breathing', 'difficulty swallowing', 'hoarseness', 'pale skin', 'fast heartbeat', 'cloudy urine', 'discolored urine', 'bloody urine', 'back pain', 'difficult urination', 'painful urination']"
Gefitinib,"['dry skin', 'itching', 'rash', 'acne', 'mouth sores', 'weakness', 'new or worsening shortness of breath', 'cough', 'fever', 'severe diarrhea', 'ongoing diarrhea', 'severe abdominal pain', 'loss of appetite', 'eye pain', 'eye redness', 'eye irritation', 'vision changes', 'watery eyes', 'eye sensitivity to light', 'hives', 'blisters', 'peeling skin', 'swelling of the eyes', 'swelling of the face', 'swelling of the lips', 'swelling of the tongue', 'swelling of the throat', 'swelling of the hands', 'swelling of the arms', 'swelling of the feet', 'swelling of the ankles', 'swelling of the lower legs', 'nausea', 'vomiting', 'yellowing of the skin', 'yellowing of the eyes', 'dark urine', 'pale stools', 'pain in the right upper stomach area', 'discomfort in the right upper stomach area']"
Velmanase alfa,"['runny nose', 'congestion', 'sneezing', 'fever', 'headache', 'joint pain']"
Ospemifene,"['hot flashes', 'flushes', 'vaginal discharge', 'muscle spasms', 'increased sweating', 'hives', 'rash', 'itching', 'hoarseness', 'difficulty swallowing', 'difficulty breathing', 'swelling of the face', 'swelling of the throat', 'swelling of the tongue', 'swelling of the lips', 'swelling of the eyes']"
Fosamprenavir,"['diarrhea', 'nausea', 'vomiting', 'headache', 'rash', 'itching', 'hives', 'blisters', 'peeling skin', 'difficulty breathing', 'difficulty swallowing', 'swelling of the face', 'swelling of the eyes', 'swelling of the lips', 'swelling of the tongue', 'swelling of the throat', 'sore throat', 'fever', 'chills', 'cough', 'signs of infection', 'back pain', 'side pain', 'blood in urine', 'pain when urinating']"
Trospium,"['dry mouth', 'dry eyes', 'dry nose', 'constipation', 'headache', 'confusion', 'gas', 'difficulty urinating', 'swelling of the face', 'swelling of the throat', 'swelling of the tongue', 'swelling of the lips', 'swelling of the eyes', 'swelling of the hands', 'swelling of the feet', 'swelling of the ankles', 'swelling of the lower legs', 'rash', 'hives', 'itching', 'difficulty breathing', 'difficulty swallowing', 'hallucinations']"
Omeprazole,"['constipation', 'gas', 'nausea', 'diarrhea', 'vomiting', 'headache', 'difficulty achieving an erection', 'difficulty maintaining an erection', 'blisters on skin', 'peeling skin', 'bleeding skin', 'sores on the lips', 'sores on the nose', 'sores on the mouth', 'sores on the genitals', 'swollen glands', 'shortness of breath', 'fever', 'flu-like symptoms', 'rash', 'hives', 'itching', 'swelling of the eyes', 'swelling of the face', 'swelling of the lips', 'swelling of the mouth', 'swelling of the throat', 'swelling of the tongue', 'difficulty breathing', 'difficulty swallowing', 'hoarseness', 'irregular heartbeat', 'fast heartbeat', 'pounding heartbeat', 'muscle spasms', 'uncontrollable shaking of a part of the body', 'excessive tiredness', 'lightheadedness', 'dizziness', 'seizures', 'severe diarrhea with watery stools', 'stomach pain', 'fever that does not go away', 'new joint pain', 'worsening joint pain', 'rash on cheeks that is sensitive to sunlight', 'rash on arms that is sensitive to sunlight', 'increased urination', 'decreased urination', 'blood in urine', 'fatigue', 'nausea', 'loss of appetite', 'fever', 'rash', 'joint pain']"
Trihexyphenidyl,"['dizziness', 'blurred vision', 'dry mouth', 'upset stomach', 'vomiting', 'constipation', 'headache', 'difficulty urinating', 'rash', 'fast heartbeat', 'irregular heartbeat', 'pounding heartbeat', 'fever', 'confusion', 'delusions', 'hallucinations']"
Hydroxyurea,"['nausea', 'vomiting', 'diarrhea', 'loss of appetite', 'weight gain', 'sores in the mouth', 'sores in the throat', 'constipation', 'rash', 'pale skin', 'dizziness', 'headache', 'hair loss', 'changes in skin', 'changes in nails', 'fast heartbeat', 'ongoing pain that begins in the stomach area but may spread to the back', 'leg wounds', 'leg ulcers', 'pain on the skin', 'itching on the skin', 'redness on the skin', 'swelling on the skin', 'blisters on the skin', 'pain in the upper right part of the stomach', 'blood in the urine', 'yellowing of the skin', 'yellowing of the eyes', 'numbness in the hands', 'numbness in the feet', 'burning in the hands', 'burning in the feet', 'tingling in the hands', 'tingling in the feet', 'fever', 'cough', 'shortness of breath', 'breathing problems']"
Vimseltinib,"['tiredness', 'numbness in the arms', 'numbness in the hands', 'numbness in the feet', 'numbness in the leg', 'burning in the arms', 'burning in the hands', 'burning in the feet', 'burning in the leg', 'tingling in the arms', 'tingling in the hands', 'tingling in the feet', 'tingling in the leg', 'swelling in the eye', 'swelling around the eye', 'swelling of the hands', 'swelling of the feet', 'swelling of the ankles', 'swelling of the lower legs', 'yellow eyes', 'yellow skin', 'dark urine', 'loss of appetite', 'fatigue', 'nausea', 'vomiting', 'fever', 'pain in right upper stomach area', 'discomfort in right upper stomach area', 'rash', 'itching', 'hives', 'trouble breathing']"
Lansoprazole,"['constipation', 'nausea', 'headache', 'dizziness', 'diarrhea', 'difficulty achieving an erection', 'difficulty maintaining an erection', 'rash', 'hives', 'itching', 'swelling of the eyes', 'swelling of the face', 'swelling of the lips', 'swelling of the mouth', 'swelling of the throat', 'swelling of the tongue', 'difficulty breathing', 'difficulty swallowing', 'hoarseness', 'blistering skin', 'peeling skin', 'bleeding skin', 'sores on the lips', 'sores on the nose', 'sores on the mouth', 'sores on the genitals', 'swollen glands', 'shortness of breath', 'fever', 'flu-like symptoms', 'increased urination', 'decreased urination', 'blood in urine', 'fatigue', 'nausea', 'loss of appetite', 'fever', 'rash', 'joint pain', 'irregular heartbeat', 'fast heartbeat', 'pounding heartbeat', 'muscle spasms', 'uncontrollable shaking of a part of the body', 'excessive tiredness', 'lightheadedness', 'dizziness', 'seizures', 'severe diarrhea with watery stools', 'stomach pain', 'fever that does not go away', 'new joint pain', 'worsening joint pain', 'rash on cheeks that is sensitive to sunlight', 'rash on arms that is sensitive to sunlight']"
Fenoprofen,"['headache', 'nervousness', 'drowsiness', 'sweating', 'constipation', 'ringing in the ears', 'blurred vision', 'shaking of a part of the body that you cannot control', 'unexplained weight gain', 'shortness of breath', 'difficulty breathing', 'swelling in the abdomen', 'swelling in the ankles', 'swelling in the feet', 'swelling in the legs', 'fever', 'blisters', 'rash', 'itching', 'hives', 'swelling of the eyes', 'swelling of the face', 'swelling of the lips', 'swelling of the tongue', 'swelling of the throat', 'swelling of the hands', 'swelling of the arms', 'swelling of the feet', 'swelling of the ankles', 'swelling of the lower legs', 'hoarseness', 'difficulty breathing', 'difficulty swallowing', 'yellowing of the skin', 'yellowing of the eyes', 'excessive tiredness', 'unusual bleeding', 'unusual bruising', 'lack of energy', 'upset stomach', 'loss of appetite', 'pain in the upper right part of the stomach', 'flu-like symptoms', 'pale skin', 'fast heartbeat', 'pounding heartbeat', 'cloudy urine', 'discolored urine', 'bloody urine', 'back pain', 'difficult urination', 'painful urination']"
Cannabidiol,"['diarrhea', 'tiredness', 'difficulty falling asleep', 'difficulty staying asleep', 'loss of appetite', 'weight loss', 'stomach pain', 'stomach discomfort', 'drooling', 'excessive saliva', 'problems with walking', 'rash', 'hives', 'redness', 'loss of appetite', 'nausea', 'vomiting', 'yellow skin', 'yellow eyes', 'itching', 'unusual darkening of the urine', 'right upper stomach area pain', 'right upper stomach area discomfort', 'fever', 'cough', 'signs of infection']"
Sofpironium,"['dry mouth', 'blurred vision', 'widened pupils', 'pain in the underarm area', 'redness in the underarm area', 'itching in the underarm area', 'irritation in the underarm area', 'rash in the underarm area', 'difficulty urinating', 'urinating in a weak stream', 'urinating in drips']"
Prochlorperazine,"['dizziness', 'feeling unsteady', 'trouble keeping your balance', 'blurred vision', 'dry mouth', 'stuffed nose', 'headache', 'nausea', 'constipation', 'difficulty urinating', 'widening of the pupils', 'narrowing of the pupils', 'increased appetite', 'weight gain', 'agitation', 'jitteriness', 'difficulty falling asleep', 'difficulty staying asleep', 'blank facial expression', 'drooling', 'uncontrollable shaking of a part of the body', 'shuffling walk', 'breast enlargement', 'breast milk production', 'missed menstrual periods', 'decreased sexual ability in men', 'fever', 'muscle stiffness', 'falling', 'confusion', 'fast heartbeat', 'irregular heartbeat', 'sweating', 'yellowing of the skin', 'yellowing of the eyes', 'flu-like symptoms', 'sore throat', 'chills', 'signs of infection', 'neck cramps', 'tongue that sticks out of the mouth', 'tightness in the throat', 'difficulty breathing', 'difficulty swallowing', 'fine, worm-like tongue movements', 'uncontrollable, rhythmic face movements', 'uncontrollable, rhythmic mouth movements', 'uncontrollable, rhythmic jaw movements', 'seizures', 'rash', 'hives', 'itching', 'swelling of the eyes', 'swelling of the face', 'swelling of the mouth', 'swelling of the lips', 'swelling of the tongue', 'swelling of the throat', 'swelling of the arms', 'swelling of the hands', 'swelling of the feet', 'swelling of the ankles', 'swelling of the lower legs', 'vision loss', 'vision loss at night', 'seeing everything with a brown tint', 'coma', 'erection that lasts for hours']"
Raloxifene,"['hot flashes', 'leg cramps', 'swelling of the hands', 'swelling of the feet', 'swelling of the ankles', 'swelling of the lower legs', 'flu-like syndrome', 'joint pain', 'sweating', 'difficulty falling asleep', 'difficulty staying asleep']"
Ropeginterferon alfa-2b,"['bruising in a place where you injected this medication', 'pain in a place where you injected this medication', 'redness in a place where you injected this medication', 'swelling in a place where you injected this medication', 'itching in a place where you injected this medication', 'irritation in a place where you injected this medication', 'hair loss', 'rash', 'acne', 'sweating', 'skin redness', 'skin thickening', 'joint pain', 'headache', 'diarrhea', 'nausea', 'difficulty falling asleep', 'difficulty staying asleep', 'dizziness', 'muscle spasms', 'irregular menstrual periods', 'absent menstrual periods', 'hives', 'rash', 'itching', 'difficulty breathing', 'difficulty swallowing', 'swelling of the eyes', 'swelling of the face', 'swelling of the mouth', 'swelling of the lips', 'swelling of the tongue', 'swelling of the throat', 'hoarseness', 'lightheadedness', 'fainting', 'chest pain', 'decreased urination', 'swelling of the feet', 'swelling of the ankles', 'swelling of the lower legs', 'blood in urine', 'lower back pain', 'fast heartbeat', 'shortness of breath', 'ongoing pain that begins in the stomach area but may spread to the back', 'nausea', 'vomiting', 'loss of appetite', 'yellowing of the skin', 'yellowing of the eyes', 'light-colored bowel movements', 'dark-colored urine', 'pain in the upper right part of stomach', 'pale skin', 'weakness', 'excessive tiredness', 'unusual bleeding', 'unusual bruising', 'bloody diarrhea', 'bloody bowel movements', 'stomach pain', 'stomach tenderness', 'stomach swelling']"
Atrasentan,"['swelling in hands', 'swelling in ankles', 'swelling in feet', 'swelling in legs', 'fatigue', 'weakness', 'dizziness', 'headache', 'nausea', 'vomiting', 'pain in the upper right stomach', 'yellowing of skin', 'yellowing of whites of eyes', 'dark urine', 'loss of appetite', 'unusual weight gain', 'trouble breathing', 'swelling in legs', 'swelling in feet', 'swelling in hands', 'swelling in ankles']"
Sitagliptin,"['stuffed nose', 'runny nose', 'sore throat', 'headache', 'diarrhea', 'nausea', 'fever', 'nausea', 'vomiting', 'loss of appetite', 'ongoing pain that begins in the upper left or middle of the stomach but may spread to the back', 'shortness of breath', 'unusual tiredness', 'rapid weight gain', 'swelling of feet', 'swelling of ankles', 'blistering skin', 'peeling skin', 'joint pain', 'itching', 'rash', 'hives', 'swelling of the face', 'swelling of the lips', 'swelling of the tongue', 'swelling of the throat', 'difficulty in breathing', 'difficulty in swallowing']"
Tadalafil,"['headache', 'indigestion', 'heartburn', 'nausea', 'diarrhea', 'flushing', 'pain in the stomach', 'pain in the back', 'pain in the muscles', 'pain in the arms', 'pain in the legs', 'cough', 'sudden decrease of vision', 'loss of vision', 'blurred vision', 'changes in color vision', 'seeing a blue tinge on objects', 'difficulty telling the difference between blue and green', 'sudden decrease of hearing', 'loss of hearing', 'ringing in ears', 'erection that lasts longer than 4 hours', 'dizziness', 'chest pain', 'hives', 'rash', 'difficulty breathing', 'difficulty swallowing', 'swelling of the face', 'swelling of the throat', 'swelling of the tongue', 'swelling of the lips', 'swelling of the eyes', 'swelling of the hands', 'swelling of the feet', 'swelling of the ankles', 'swelling of the lower legs', 'blistering of skin', 'peeling of skin']"
Phenobarbital,"['drowsiness', 'headache', 'dizziness', 'excitement', 'increased activity', 'nausea', 'vomiting', 'slowed breathing', 'difficulty breathing', 'swelling of the eyes', 'swelling of the lips', 'swelling of the cheeks', 'rash', 'blistering skin', 'peeling skin', 'fever', 'confusion']"
Alvimopan,"['constipation', 'gas', 'heartburn', 'difficulty urinating', 'back pain']"
Propantheline,"['dry mouth', 'increased sensitivity of your eyes to light', 'dizziness', 'nervousness', 'difficulty sleeping', 'headache', 'loss of sense of taste', 'upset stomach', 'vomiting', 'bloating', 'confusion', 'blurred vision', 'constipation', 'fast heartbeat', 'heart palpitations', 'eye pain', 'difficulty urinating', 'skin rash', 'itching']"
Encorafenib,"['fatigue', 'fever', 'nausea', 'vomiting', 'stomach pain', 'constipation', 'decreased appetite', 'headache', 'dizziness', 'skin thickening', 'rash', 'dry skin', 'itchy skin', 'hair loss', 'joint pain', 'muscle pain', 'change in taste', 'back pain', 'arm pain', 'leg pain', 'acne', 'numbness in the arms', 'numbness in the hands', 'numbness in the feet', 'numbness in the legs', 'burning in the arms', 'burning in the hands', 'burning in the feet', 'burning in the legs', 'tingling in the arms', 'tingling in the hands', 'tingling in the feet', 'tingling in the legs', 'difficulty falling asleep', 'difficulty staying asleep', 'dizziness', 'fainting', 'feeling faint', 'fast heartbeat', 'irregular heartbeat', 'blurred vision', 'loss of vision', 'vision changes', 'eye pain', 'eye swelling', 'eye redness', 'new wart', 'a sore that does not heal', 'a reddish bump that does not heal', 'a change in the size of a mole', 'a change in the color of a mole', 'unusual bleeding', 'unusual bruising', 'black stools', 'tarry stools', 'bloody stools', 'coughing up blood', 'vomiting blood', 'vomiting material that looks like coffee grounds', 'nose bleeds', 'swelling in your hands', 'swelling in your ankles', 'swelling in your legs', 'swelling in your feet', 'shortness of breath', 'fast heartbeat', 'pounding heartbeat', 'feeling lightheaded', 'feeling faint', 'nausea', 'vomiting', 'lack of energy', 'loss of appetite', 'dark colored urine', 'pain in the upper right part of the stomach', 'yellowing of the skin', 'yellowing of the eyes', 'redness of hands', 'redness of soles of feet', 'swelling of hands', 'swelling of soles of feet', 'numbness of hands', 'numbness of soles of feet', 'skin peeling of hands', 'skin peeling of soles of feet']"
Pirfenidone,"['nausea', 'vomiting', 'diarrhea', 'heartburn', 'stomach pain', 'headache', 'dizziness', 'pressure in the sinuses', 'tenderness in the sinuses', 'difficulty falling asleep', 'difficulty staying asleep', 'joint pain', 'weight loss', 'decreased appetite', 'rash', 'extreme tiredness', 'unusual bleeding', 'unusual bruising', 'lack of energy', 'loss of appetite', 'pain in the upper right part of the stomach', 'yellowing of the skin', 'yellowing of the eyes', 'dark urine', 'brown urine', 'tea-colored urine', 'flu-like symptoms', 'swelling of the face', 'swelling of the throat', 'swelling of the tongue', 'swelling of the lips', 'swelling of the eyes', 'swelling of the hands', 'swelling of the feet', 'swelling of the ankles', 'swelling of the lower legs', 'hoarseness', 'difficulty swallowing', 'difficulty breathing']"
Vonoprazan,"['diarrhea', 'stomach bloating', 'stomach pain', 'nausea', 'indigestion', 'low urine output', 'blood in the urine', 'watery stools', 'stomach pain', 'fever that does not go away', 'skin rash', 'blistering skin', 'peeling skin', 'bleeding skin', 'fever', 'chills', 'body aches', 'shortness of breath', 'swollen glands', 'irregular heart beat', 'shortness of breath', 'lightheadedness', 'tingling in arms', 'tingling in legs', 'numbness in arms', 'numbness in legs', 'muscle weakness', 'pale skin', 'feeling tired', 'mood changes', 'bone pain', 'bone fracture', 'seizures', 'dizziness', 'irregular heartbeat', 'jitteriness', 'muscle aches', 'muscle weakness', 'spasms of hands', 'spasms of feet', 'spasms of voice', 'hives', 'rash', 'itching', 'swelling of the lips', 'swelling of the face', 'swelling of the tongue', 'shortness of breath', 'difficulty breathing', 'difficulty swallowing', 'yellow eyes', 'yellow skin', 'loss of appetite', 'dark urine', 'itching', 'abdominal pain', 'unexplained bruising', 'unexplained bleeding', 'loss of appetite']"
Vericiguat,"['dizziness', 'lightheadedness', 'pale skin', 'tiredness', 'shortness of breath']"
Phendimetrazine,"['nausea', 'diarrhea', 'constipation', 'dry mouth', 'stomach pain', 'changes in sex drive', 'changes in sex ability', 'frequent urination', 'painful urination', 'difficult urination', 'restlessness', 'agitation', 'abnormally excited mood', 'difficulty falling asleep', 'difficulty staying asleep', 'blurred vision', 'dizziness', 'flushing', 'sweating', 'headache', 'uncontrollable shaking of part of the body', 'shortness of breath', 'chest pain', 'swelling of the legs', 'swelling of the ankles', 'swelling of the feet', 'fast heartbeat', 'pounding heartbeat', 'irregular heartbeat', 'believing things that are not true', 'feeling unusually suspicious of others', 'hallucinating']"
Tinidazole,"['sharp metallic taste', 'unpleasant metallic taste', 'nausea', 'vomiting', 'loss of appetite', 'constipation', 'stomach pain', 'stomach cramps', 'headache', 'tiredness', 'weakness', 'dizziness', 'thick vaginal discharge', 'white vaginal discharge', 'odorless vaginal discharge', 'seizures', 'numbness of hands', 'numbness of feet', 'tingling of hands', 'tingling of feet', 'rash', 'hives', 'hoarseness', 'difficulty swallowing', 'difficulty breathing', 'swelling of the face', 'swelling of the throat', 'swelling of the tongue', 'swelling of the lips', 'swelling of the eyes', 'swelling of the hands', 'swelling of the feet', 'swelling of the ankles', 'swelling of the lower legs']"
Taletrectinib,"['diarrhea', 'nausea', 'vomiting', 'dizziness', 'rash', 'constipation', 'tiredness', 'yellowing of the skin', 'yellowing of white parts of the eyes', 'dark urine', 'light colored stools', 'loss of appetite', 'nausea', 'vomiting', 'stomach pain', 'feeling tired', 'difficulty breathing', 'shortness of breath', 'cough', 'fever', 'feeling faint', 'feeling lightheaded', 'feel like heart is racing', 'dizziness', 'swollen joints', 'red joints', 'tender joints', 'stomach pain', 'nausea', 'vomiting', 'pink urine', 'brown urine', 'muscle pain', 'muscle tenderness', 'muscle weakness', 'bone pain', 'changes in movement', 'abnormal structure']"
Thiothixene,"['feeling unsteady', 'trouble keeping your balance', 'blurred vision', 'dry mouth', 'excess saliva', 'nausea', 'vomiting', 'constipation', 'diarrhea', 'changes in appetite', 'excessive thirst', 'weight gain', 'blank facial expression', 'shuffling walk', 'unusual movements of any part of the body', 'slowed movements of any part of the body', 'uncontrollable movements of any part of the body', 'restlessness', 'agitation', 'difficulty falling asleep', 'difficulty staying asleep', 'swelling of the arms', 'swelling of the hands', 'swelling of the feet', 'swelling of the ankles', 'swelling of the lower legs', 'breast enlargement', 'breast milk production', 'missed menstrual periods', 'irregular menstrual periods', 'decreased sexual ability in men', 'weakness', 'tiredness', 'fever', 'stiff muscles', 'sweating', 'confusion', 'fast heartbeat', 'pounding heartbeat', 'irregular heartbeat', 'falling down', 'neck cramps', 'tongue that sticks out of the mouth', 'fine, worm-like tongue movements', 'tightness in the throat', 'difficulty breathing', 'difficulty swallowing', 'uncontrollable, rhythmic face movements', 'uncontrollable, rhythmic mouth movements', 'uncontrollable, rhythmic jaw movements', 'seizures', 'rash', 'itching', 'hives', 'vision changes, especially at night']"
Vinblastine,"['constipation', 'nausea', 'vomiting', 'loss of appetite', 'loss of weight', 'stomach pain', 'diarrhea', 'headache', 'dizziness', 'jaw pain', 'bone pain', 'aches', 'hair loss', 'fever', 'sore throat', 'chills', 'signs of infection', 'unusual bleeding', 'unusual bruising', 'sores in the mouth', 'unusual tiredness', 'unusual weakness', 'pain in the hands', 'pain in the feet', 'numbness in the hands', 'numbness in the feet', 'burning in the hands', 'burning in the feet', 'tingling in the hands', 'tingling in the feet', 'difficulty walking', 'unsteady walking', 'difficulty breathing', 'hearing loss', 'seizures', 'chest pain']"
Tolcapone,"['sleep disturbances', 'excessive dreaming', 'diarrhea', 'dizziness', 'vomiting', 'increased sweating', 'hallucinations', 'confusion', 'irregular heartbeat']"
Pancrelipase,"['headache', 'cough', 'sore throat', 'dizziness', 'bruising', 'feeling full after eating a small amount', 'gas', 'irritation around the anus', 'itching around the anus', 'rash', 'hives', 'itching', 'difficulty breathing', 'difficulty swallowing', 'hoarseness', 'nausea', 'vomiting', 'diarrhea', 'stomach pain', 'stomach bloating', 'difficulty having bowel movements', 'pain in joints', 'stiffness in joints', 'redness in joints', 'swelling in joints', 'pain in the big toe', 'stiffness in the big toe', 'redness in the big toe', 'swelling in the big toe']"
Aliskiren,"['diarrhea', 'stomach pain', 'heartburn', 'cough', 'rash', 'dizziness', 'headache', 'back pain', 'lightheadedness', 'fainting', 'swelling of the face', 'swelling of the throat', 'swelling of the tongue', 'swelling of the lips', 'swelling of the eyes', 'swelling of the hands', 'swelling of the feet', 'swelling of the ankles', 'swelling of the lower legs', 'blisters', 'peeling skin', 'hoarseness', 'difficulty swallowing', 'difficulty breathing', 'seizure', 'slow heart beat', 'weak heart beat', 'irregular heart beat']"
Glyburide,"['nausea', 'upper abdominal fullness', 'heartburn', 'rash', 'yellowing of the skin', 'yellowing of the eyes', 'light-colored stools', 'dark urine', 'pain in the upper right part of the stomach', 'unusual bruising', 'unusual bleeding', 'diarrhea', 'fever', 'sore throat', 'swelling of the eyes', 'swelling of the face', 'swelling of the lips', 'swelling of the tongue', 'swelling of the throat']"
Spironolactone,"['vomiting', 'diarrhea', 'stomach pain', 'stomach cramps', 'enlarged breasts in men', 'enlarged breasts in women', 'painful breasts in men', 'painful breasts in women', 'irregular menstrual periods', 'vaginal bleeding in post-menopausal women', 'difficulty maintaining an erection', 'difficulty achieving an erection', 'deepening of voice', 'increased hair growth on parts of the body', 'drowsiness', 'tiredness', 'restlessness', 'muscle weakness', 'muscle pain', 'muscle cramps', 'pain in the hands', 'pain in the feet', 'burning in the hands', 'burning in the feet', 'numbness in the hands', 'numbness in the feet', 'tingling in the hands', 'tingling in the feet', 'inability to move arms', 'inability to move legs', 'changes in heartbeat', 'confusion', 'nausea', 'extreme tiredness', 'dry mouth', 'thirst', 'dizziness', 'unsteadiness', 'headache', 'signs of dehydration', 'unusual bleeding', 'unusual bruising', 'lack of energy', 'loss of appetite', 'pain in the upper right part of the stomach', 'yellowing of the skin', 'yellowing of the eyes', 'flu-like symptoms', 'rash', 'hives', 'itching', 'difficulty breathing', 'difficulty swallowing', 'vomiting blood', 'blood in stools', 'decreased urination', 'fainting']"
Erythromycin,"['upset stomach', 'diarrhea', 'vomiting', 'stomach pain', 'loss of appetite', 'rash', 'itching', 'hives', 'difficulty breathing', 'difficulty swallowing', 'wheezing', 'yellowing of the skin', 'yellowing of the eyes', 'dark urine', 'pale stools', 'unusual tiredness', 'pain in the upper right part of the stomach', 'seizures', 'fast heartbeat', 'pounding heartbeat', 'irregular heartbeat', 'severe diarrhea', 'watery stools', 'bloody stools', 'fever', 'stomach cramps']"
Verapamil,"['constipation', 'heartburn', 'dizziness', 'lightheadedness', 'headache', 'swelling of the hands', 'swelling of the feet', 'swelling of the ankles', 'swelling of the lower legs', 'difficulty breathing', 'difficulty swallowing', 'slow heartbeat', 'fainting', 'blurred vision', 'rash', 'nausea', 'extreme tiredness', 'unusual bleeding', 'unusual bruising', 'lack of energy', 'loss of appetite', 'pain in the upper right part of the stomach', 'yellowing of the skin', 'yellowing of the eyes', 'flu-like symptoms', 'fever']"
Lisdexamfetamine,"['sleepiness', 'dizziness', 'headache', 'dry mouth', 'constipation', 'diarrhea', 'nausea', 'weight loss', 'slow speech', 'difficult speech', 'weakness of an arm', 'weakness of a leg', 'numbness of an arm', 'numbness of a leg', 'seizures', 'hallucinating', 'believing things that are not true', 'feeling unusually suspicious of others', 'mood swings', 'motor tics', 'verbal tics', 'hives', 'rash', 'swelling of the eyes', 'swelling of the face', 'swelling of the tongue', 'swelling of the lips', 'swelling of the mouth', 'blurred vision', 'vision problems', 'paleness of fingers', 'paleness of toes', 'blue color of fingers', 'blue color of toes', 'numbness in the fingers', 'numbness in the toes', 'pain in the fingers', 'pain in the toes', 'sensitivity to temperature in the fingers', 'sensitivity to temperature in the toes', 'unexplained wounds appearing on fingers', 'unexplained wounds appearing on toes']"
Estramustine,"['nausea', 'diarrhea', 'breast tenderness', 'breast enlargement', 'leg cramps', 'tiredness', 'difficulty falling asleep', 'difficulty staying asleep', 'impotence', 'swelling of the face', 'swelling of the throat', 'swelling of the tongue', 'swelling of the lips', 'swelling of the eyes', 'swelling of the hands', 'swelling of the feet', 'swelling of the ankles', 'swelling of the lower legs', 'hoarseness', 'difficulty swallowing', 'difficulty breathing', 'shortness of breath', 'chest pain', 'dizziness', 'faintness', 'speech problems', 'sudden severe headache', 'sudden partial loss of vision', 'sudden complete loss of vision', 'weakness of an arm', 'weakness of a leg', 'numbness of an arm', 'numbness of a leg', 'pain of an arm', 'pain of a leg', 'redness of an arm', 'redness of a leg', 'swelling of an arm', 'swelling of a leg']"
Berotralstat,"['nausea', 'vomiting', 'diarrhea', 'stomach pain', 'heartburn', 'back pain', 'rash', 'headache', 'gas', 'bloating', 'unusual tiredness', 'unusual weakness', 'fast heartbeat', 'pounding heartbeat', 'feeling faint', 'feeling lightheaded', 'feeling dizzy']"
Hyoscyamine,"['drowsiness', 'dizziness', 'lightheadedness', 'headache', 'blurred vision', 'flushing', 'feeling of warmth', 'dry mouth', 'constipation', 'difficulty urinating', 'increased sensitivity to light', 'diarrhea', 'skin rash', 'eye pain', 'fast heartbeat', 'irregular heartbeat']"
Miglitol,"['shakiness', 'dizziness', 'lightheadedness', 'sweating', 'nervousness', 'irritability', 'sudden changes in behavior', 'sudden changes in mood', 'headache', 'numbness around the mouth', 'tingling around the mouth', 'weakness', 'pale skin', 'hunger', 'clumsy movements', 'jerky movements', 'confusion', 'seizures', 'loss of consciousness', 'extreme thirst', 'frequent urination', 'extreme hunger', 'weakness', 'blurred vision', 'dry mouth', 'upset stomach', 'vomiting', 'shortness of breath', 'breath that smells fruity', 'decreased consciousness', 'gas', 'diarrhea', 'stomach pain', 'skin rash']"
Felbamate,"['heartburn', 'vomiting', 'constipation', 'diarrhea', 'weight loss', 'difficulty falling asleep', 'difficulty staying asleep', 'nervousness', 'drowsiness', 'swelling of the face', 'runny nose', 'differences in menstrual bleeding', 'hives', 'rash', 'itching', 'difficulty breathing', 'difficulty swallowing', 'rapid heartbeat', 'pounding heartbeat']"
Fluvoxamine,"['nausea', 'vomiting', 'diarrhea', 'indigestion', 'change in taste', 'decreased appetite', 'sweating', 'difficulty falling asleep', 'difficulty staying asleep', 'anxiety', 'nervousness', 'decreased sex drive in males', 'inability to get an erection', 'inability to keep an erection', 'delayed ejaculation', 'absent ejaculation', 'decreased sex drive in females', 'delayed orgasm', 'inability to have an orgasm', 'fever', 'sweating', 'confusion', 'fast heartbeat', 'irregular heartbeat', 'severe muscle stiffness', 'severe muscle twitching', 'agitation', 'hallucinations', 'loss of coordination', 'nausea', 'vomiting', 'diarrhea', 'headache', 'unsteadiness', 'difficulty concentrating', 'memory problems', 'confusion', 'rash', 'hives', 'swelling of the eyes', 'swelling of the face', 'swelling of the lips', 'swelling of the tongue', 'swelling of the throat', 'difficult breathing', 'difficult swallowing', 'seizures', 'coma', 'loss of consciousness', 'unusual bleeding', 'unusual bruising']"
Sevelamer,"['diarrhea', 'vomiting', 'nausea', 'stomach pain', 'gas', 'heartburn', 'new constipation', 'worsening constipation', 'black stools', 'tarry stools', 'red blood in stools']"
Cobimetinib,"['mouth ulcers', 'hair loss', 'diarrhea', 'nausea', 'vomiting', 'heartburn', 'indigestion', 'dry mouth', 'mouth pain', 'fever', 'chills', 'sore throat', 'frequent urination', 'painful urination', 'signs of infection', 'falling', 'rash that covers a large area of your body', 'blisters', 'peeling skin', 'changes in skin appearance', 'new wart', 'skin sore that bleeds', 'skin sore that does not heal', 'red bump that bleeds', 'red bump that does not heal', 'change in size of a mole', 'change in color of a mole', 'unusual bleeding', 'unusual bruising', 'tarry stools', 'black stools', 'blood in urine', 'unusual vaginal bleeding', 'stomach pain', 'headache', 'dizziness', 'coughing', 'wheezing', 'rapid heartbeat', 'irregular heartbeat', 'pounding heartbeat', 'shortness of breath', 'tiredness', 'swelling of the face', 'swelling of the arms', 'swelling of the legs', 'swelling of the ankles', 'swelling of the feet', 'muscle spasms', 'muscle pain', 'muscle weakness', 'changes in vision', 'seeing halos', 'blurred vision', 'loss of vision', 'yellowing of the skin', 'yellowing of the eyes', 'dark-colored urine', 'pain in upper right part of the stomach', 'nausea', 'vomiting', 'loss of appetite']"
Imipramine,"['nausea', 'drowsiness', 'weakness', 'tiredness', 'excitement', 'anxiety', 'nightmares', 'dry mouth', 'skin more sensitive to sunlight than usual', 'changes in appetite', 'changes in weight', 'constipation', 'difficulty urinating', 'frequent urination', 'changes in sex drive', 'changes in sex ability', 'excessive sweating', 'jaw muscle spasms', 'neck muscle spasms', 'back muscle spasms', 'slow speech', 'difficult speech', 'shuffling walk', 'uncontrollable shaking of a part of the body', 'fever', 'sore throat', 'signs of infection', 'difficulty breathing', 'difficulty swallowing', 'severe rash', 'yellowing of the skin', 'yellowing of the eyes', 'irregular heartbeat']"
Dalfampridine,"['difficulty falling asleep', 'difficulty staying asleep', 'dizziness', 'headache', 'nausea', 'heartburn', 'constipation', 'weakness', 'back pain', 'difficulty with balance', 'worsening of multiple sclerosis symptoms', 'burning of the skin', 'tingling of the skin', 'itching of the skin', 'pain in the nose', 'pain in the throat', 'irritation in the nose', 'irritation in the throat', 'seizures', 'painful urination', 'difficult urination', 'frequent urination', 'fever', 'chills', 'pain in the back', 'pain in the side', 'pain in the stomach']"
Gepotidacin,"['nausea', 'vomiting', 'diarrhea', 'gas', 'stomach pain', 'headache', 'dizziness', 'unusual tiredness', 'rash', 'hives', 'itching', 'difficulty breathing', 'difficulty swallowing', 'dizziness', 'swelling of the face', 'swelling of the throat', 'swelling of the tongue', 'swelling of the lips', 'swelling of the eyes', 'watery stools', 'bloody stools', 'stomach cramps', 'fever during treatment', 'fever up to two or more months after stopping treatment', 'fast heartbeat', 'pounding heartbeat', 'slow heartbeat', 'uneven heartbeat', 'chest pain', 'chest tightness', 'feeling lightheaded', 'feeling dizzy', 'feeling faint', 'fainting', 'muscle spasms', 'trouble speaking clearly', 'unusual sweating', 'increased saliva', 'diarrhea', 'nausea', 'vomiting', 'stomach pain', 'shortness of breath', 'difficulty breathing', 'fainting', 'seizures']"
Seladelpar,"['headache', 'stomach pain', 'nausea', 'heartburn', 'dizziness', 'rash', 'cough', 'hair loss', 'broken bones', 'fractures', 'yellowing of the skin', 'yellowing of the eyes', 'pain in the upper right part of the stomach', 'swelling in the upper right part of the stomach', 'black stools', 'tarry stools', 'bloody stools', 'coughing up blood', 'coughing up something that looks like coffee grounds', 'vomiting blood', 'vomiting something that looks like coffee grounds', 'unusual tiredness', 'confusion', 'slurred speech', 'changes in mood', 'changes in personality']"
Brivaracetam,"['constipation', 'nausea', 'vomiting', 'extreme tiredness', 'lack of energy', 'swelling of the face', 'swelling of the throat', 'swelling of the tongue', 'swelling of the lips', 'swelling of the eyes', 'difficulty swallowing', 'difficulty breathing', 'hoarseness', 'rash', 'hives', 'blistering skin', 'peeling skin', 'sores in the mouth', 'hallucinations', 'delusions']"
Risdiplam,"['fever', 'rash', 'diarrhea', 'constipation', 'vomiting', 'runny nose', 'sneezing', 'cough', 'sore throat']"
Entecavir,['headache']
Lenalidomide,"['diarrhea', 'constipation', 'stomach pain', 'loss of appetite', 'weight loss', 'weakness', 'dizziness', 'change in ability to taste', 'pain of the tongue', 'pain of the mouth', 'pain of the throat', 'burning of the tongue', 'burning of the mouth', 'burning of the throat', 'decreased sense of touch', 'burning in the hands', 'burning in the feet', 'tingling in the hands', 'tingling in the feet', 'difficulty falling asleep', 'difficulty staying asleep', 'depression', 'joint pain', 'muscle pain', 'bone pain', 'back pain', 'painful urination', 'frequent urination', 'urgent urination', 'sweating', 'dry skin', 'abnormal hair growth in women', 'uncontrollable shaking of a part of the body', 'decrease in sexual desire', 'decrease in sexual ability', 'swelling of the face', 'swelling of the throat', 'swelling of the tongue', 'swelling of the lips', 'swelling of the eyes', 'swelling of the arms', 'swelling of the hands', 'swelling of the feet', 'swelling of the ankles', 'swelling of the lower legs', 'difficulty breathing', 'difficulty swallowing', 'hoarseness', 'fast heartbeat', 'slow heartbeat', 'pounding heartbeat', 'irregular heartbeat', 'seizures', 'rash', 'skin pain', 'blistering skin', 'peeling skin', 'shedding skin', 'swollen glands in the neck', 'muscle cramps', 'pain in the upper right part of the stomach', 'yellowing of the skin', 'yellowing of the eyes', 'dark colored urine', 'tiredness', 'bloody urination', 'cloudy urination', 'painful urination', 'increased urination', 'decreased urination']"
Temozolomide,"['nausea', 'vomiting', 'diarrhea', 'constipation', 'loss of appetite', 'sores in the mouth', 'sores in the throat', 'headache', 'pale skin', 'lack of energy', 'loss of balance', 'loss of coordination', 'fainting', 'dizziness', 'hair loss', 'insomnia', 'memory problems', 'changes in vision', 'unusual bleeding', 'unusual bruising', 'red stools', 'black stools', 'tarry stools', 'pink urine', 'red urine', 'dark brown urine', 'coughing up blood', 'vomiting blood', 'vomiting material that looks like coffee grounds', 'fever', 'sore throat', 'ongoing cough', 'congestion', 'signs of infection', 'unusual tiredness', 'unusual weakness', 'rash', 'unable to move one side of the body', 'shortness of breath', 'seizures', 'yellowing of the skin', 'yellowing of the eyes', 'pain in the upper right part of the stomach', 'decreased urination']"
Metaxalone,"['drowsiness', 'dizziness', 'headache', 'nervousness', 'agitation', 'hallucinations', 'coma', 'fever', 'sweating', 'confusion', 'fast heartbeat', 'irregular heartbeat', 'shivering', 'severe muscle stiffness', 'severe muscle twitching', 'loss of coordination', 'nausea', 'vomiting', 'diarrhea', 'rash', 'itching', 'swelling of the lips', 'swelling of the face', 'swelling of the tongue', 'shortness of breath', 'difficulty breathing', 'difficulty swallowing', 'yellowing of the skin', 'yellowing of the eyes']"
Dutasteride,"['inability to have an erection', 'inability to maintain an erection', 'decrease in sex drive', 'problems with ejaculation', 'increased size of the breasts', 'lumps in the breasts', 'pain in the breasts', 'nipple discharge', 'swelling of the face', 'swelling of the tongue', 'swelling of the throat', 'difficulty breathing', 'difficulty swallowing', 'peeling skin']"
Mavacamten,"['dizziness', 'fainting']"
Atogepant,"['nausea', 'constipation', 'decreased appetite', 'fatigue', 'sleepiness']"
Cobicistat,"['nausea', 'yellowing of the skin', 'yellowing of the eyes', 'rash', 'decreased urination']"
Promethazine,"['dry mouth', 'drowsiness', 'listlessness', 'difficulty falling asleep', 'difficulty staying asleep', 'nightmares', 'dizziness', 'ringing in ears', 'blurred vision', 'double vision', 'loss of coordination', 'nausea', 'vomiting', 'nervousness', 'restlessness', 'hyperactivity', 'abnormally happy mood', 'stuffy nose', 'itching', 'wheezing', 'slowed breathing', 'breathing stops for a short time', 'fever', 'sweating', 'stiff muscles', 'decreased alertness', 'fast pulse', 'irregular pulse', 'fast heartbeat', 'irregular heartbeat', 'faintness', 'abnormal movements', 'uncontrollable movements', 'hallucinations', 'confusion', 'overwhelming fear', 'overwhelming emotion', 'unmanageable fear', 'unmanageable emotion', 'seizures', 'uncontrollable shaking of a part of the body', 'unusual bruising', 'unusual bleeding', 'sore throat', 'fever', 'chills', 'signs of infection', 'uncontrolled eye movements', 'tongue sticking out', 'abnormal neck position', 'inability to respond to people around you', 'yellowing of the skin', 'yellowing of the eyes', 'rash', 'hives', 'swelling of the face', 'swelling of the eyes', 'swelling of the lips', 'swelling of the tongue', 'swelling of the throat', 'swelling of the arms', 'swelling of the hands', 'swelling of the feet', 'swelling of the ankles', 'swelling of the lower legs', 'hoarseness', 'difficulty breathing', 'difficulty swallowing']"
Amoxapine,"['nausea', 'drowsiness', 'weakness', 'tiredness', 'nightmares', 'dry mouth', 'skin more sensitive to sunlight than usual', 'changes in appetite', 'changes in weight', 'constipation', 'difficulty urinating', 'frequent urination', 'blurred vision', 'excessive sweating', 'muscle stiffness', 'confusion', 'fast heartbeat', 'irregular heartbeat', 'slow speech', 'difficult speech', 'shuffling walk', 'uncontrollable shaking of a part of the body', 'uncontrollable moving of a part of the body', 'fever', 'rash']"
Oxaprozin,"['diarrhea', 'constipation', 'vomiting', 'gas', 'bloating', 'drowsiness', 'difficulty sleeping', 'confusion', 'depression', 'dizziness', 'headache', 'ringing in the ears', 'unexplained weight gain', 'shortness of breath', 'difficulty breathing', 'swelling in the abdomen', 'swelling in the ankles', 'swelling in the feet', 'swelling in the legs', 'fever', 'blisters', 'rash', 'itching', 'hives', 'swelling of the eyes', 'swelling of the face', 'swelling of the lips', 'swelling of the tongue', 'swelling of the throat', 'swelling of the hands', 'hoarseness', 'difficulty breathing', 'difficulty swallowing', 'yellowing of the skin', 'yellowing of the eyes', 'lack of energy', 'excessive tiredness', 'upset stomach', 'loss of appetite', 'pain in the upper right part of the stomach', 'flu-like symptoms', 'pale skin', 'fast heartbeat', 'cloudy urine', 'discolored urine', 'bloody urine', 'back pain', 'difficult urination', 'painful urination']"
Baclofen,"['dizziness', 'weakness', 'confusion', 'headache', 'nausea', 'constipation', 'difficulty falling asleep', 'difficulty staying asleep', 'tiredness', 'frequent urination', 'seeing things that do not exist', 'hearing voices that do not exist', 'seizures']"
Liotrix,"['tiredness', 'shaking hands that you cannot control', 'headache', 'insomnia', 'anxiety', 'depression', 'muscle pain', 'joint pain', 'weight gain', 'nausea', 'dry skin', 'itchy skin', 'temporary hair loss', 'chest pain', 'angina', 'rapid heartbeat', 'irregular heartbeat', 'rapid pulse', 'irregular pulse', 'excessive sweating', 'sensitivity to heat', 'nervousness']"
Glimepiride,"['dizziness', 'nausea', 'yellowing of the skin', 'yellowing of the eyes', 'light-colored stools', 'dark urine', 'pain in the upper right part of the stomach', 'unusual bruising', 'unusual bleeding', 'diarrhea', 'fever', 'sore throat']"
Clarithromycin,"['diarrhea', 'nausea', 'vomiting', 'stomach pain', 'heartburn', 'gas', 'change in taste', 'headache', 'chest pain', 'shortness of breath', 'trouble breathing', 'pain in side of your body', 'weakness in side of your body', 'slurred speech', 'severe diarrhea with watery stools', 'severe diarrhea with bloody stools', 'rash', 'hives', 'itching', 'swelling of the face', 'swelling of the throat', 'swelling of the tongue', 'swelling of the lips', 'swelling of the eyes', 'swelling of the hands', 'swelling of the feet', 'swelling of the ankles', 'swelling of the lower legs', 'difficulty breathing', 'difficulty swallowing', 'hoarseness', 'peeling skin', 'blistering skin', 'fever', 'yellowing of the skin', 'yellowing of the eyes', 'extreme tiredness', 'unusual bleeding', 'unusual bruising', 'lack of energy', 'loss of appetite', 'pain in the upper right part of the stomach', 'dark-colored urine', 'flu-like symptoms', 'fast heartbeat', 'pounding heartbeat', 'irregular heartbeat', 'muscle weakness', 'difficulty chewing', 'difficulty talking', 'difficulty performing daily activities', 'double vision']"
Ponesimod,"['dizziness', 'pain in hands', 'pain in feet', 'slow heartbeat', 'sore throat', 'shortness of breath', 'body aches', 'fever', 'burning with urination', 'chills', 'cough', 'signs of infection during treatment and for up to 1 to 2 weeks after your final dose', 'headache', 'neck stiffness', 'fever', 'sensitivity to light', 'nausea', 'confusion during treatment and for up to 1 to 2 weeks after your final dose', 'weakness on one side of the body', 'clumsiness of the arms that worsens over time', 'clumsiness of the legs that worsens over time', 'changes in your thinking', 'changes in your memory', 'changes in your balance', 'confusion', 'personality changes', 'loss of strength', 'blurriness', 'shadows in the center of your vision', 'blind spot in the center of your vision', 'sensitivity to light', 'unusual color to your vision', 'vision problems', 'nausea', 'vomiting', 'loss of appetite', 'abdominal pain', 'yellowing of skin', 'yellowing of eyes', 'dark urine', 'new shortness of breath', 'worsening shortness of breath']"
Vorapaxar,"['tiredness', 'weakness', 'pale skin', 'cool hands', 'cool feet']"
Quinapril,"['dizziness', 'excessive tiredness', 'cough', 'upset stomach', 'vomiting', 'swelling of the face', 'swelling of the throat', 'swelling of the tongue', 'swelling of the lips', 'swelling of the eyes', 'swelling of the hands', 'swelling of the feet', 'swelling of the ankles', 'swelling of the lower legs', 'hoarseness', 'difficulty breathing', 'difficulty swallowing', 'yellowing of the skin', 'yellowing of the eyes', 'fever', 'sore throat', 'chills', 'signs of infection', 'chest pain', 'lightheadedness', 'fainting']"
Phenytoin,"['difficulty falling asleep', 'difficulty staying asleep', 'uncontrollable eye movements', 'abnormal body movements', 'loss of coordination', 'confusion', 'slurred speech', 'headache', 'changes in your sense of taste', 'constipation', 'unwanted hair growth', 'coarsening of facial features', 'enlargement of lips', 'overgrowth of gums', 'pain of the penis', 'curving of the penis', 'swollen glands', 'blisters', 'nausea', 'vomiting', 'yellowing of the skin', 'yellowing of the eyes', 'pain in upper right part of the stomach', 'excessive tiredness', 'unusual bruising', 'unusual bleeding', 'small red spots on skin', 'small purple spots on skin', 'loss of appetite', 'flu-like symptoms', 'fever', 'sore throat', 'rash', 'mouth ulcers', 'easy bruising', 'facial swelling', 'dizziness', 'tiredness', 'irregular heartbeat', 'chest pain', 'shortness of breath', 'hives', 'swelling of the face', 'swelling of the eyes', 'swelling of the throat', 'swelling of the tongue', 'swelling of the lips', 'difficulty swallowing', 'difficulty breathing']"
Lasmiditan,"['dizziness', 'sleepiness', 'numbness', 'tingling feeling', 'tiredness', 'nausea', 'vomiting', 'hallucinations', 'seeing things that do not exist', 'hearing voices that do not exist', 'agitation', 'fast heartbeat', 'irregular heartbeat', 'pounding heartbeat', 'sweating', 'trouble walking', 'tight muscles', 'sudden nausea', 'sudden vomiting', 'sudden diarrhea', 'hives', 'itching', 'wheezing', 'difficulty breathing', 'difficulty swallowing', 'swelling of the face', 'swelling of the throat', 'swelling of the tongue', 'swelling of the lips', 'swelling of the eyes']"
Pravastatin,"['heartburn', 'headache', 'memory loss', 'forgetfulness', 'confusion', 'muscle pain', 'muscle tenderness', 'muscle weakness', 'lack of energy', 'extreme tiredness', 'extreme weakness', 'fever', 'yellowing of the skin', 'yellowing of the eyes', 'pain in the upper right part of the stomach', 'nausea', 'unusual bleeding', 'unusual bruising', 'dark-colored urine', 'loss of appetite', 'flu-like symptoms', 'rash', 'hives', 'itching', 'difficulty breathing', 'difficulty swallowing', 'swelling of the face', 'swelling of the throat', 'swelling of the tongue', 'swelling of the lips', 'swelling of the eyes', 'swelling of the hands', 'swelling of the feet', 'swelling of the ankles', 'swelling of the lower legs', 'hoarseness']"
Tofacitinib,"['diarrhea', 'headache', 'stuffy nose', 'runny nose', 'hives', 'swelling of face', 'swelling of eyes', 'swelling of lips', 'swelling of throat', 'difficulty swallowing', 'difficulty breathing', 'stomach pain', 'fever', 'diarrhea', 'constipation', 'yellowing of the skin', 'yellowing of the eyes', 'loss of appetite', 'dark urine', 'clay-colored bowel movements', 'vomiting', 'rash', 'pale skin', 'shortness of breath']"
Atenolol,"['dizziness', 'lightheadedness', 'tiredness', 'depression', 'nausea', 'diarrhea', 'rash', 'dry eyes', 'shortness of breath', 'wheezing', 'swelling of the hands', 'swelling of the feet', 'swelling of the ankles', 'swelling of the lower legs', 'unusual weight gain', 'fainting', 'rapid heartbeat', 'pounding heartbeat', 'irregular heartbeat']"
Sulindac,"['headache', 'dizziness', 'nervousness', 'diarrhea', 'constipation', 'gas', 'ringing in the ears', 'unexplained weight gain', 'shortness of breath', 'difficulty breathing', 'swelling of the abdomen', 'swelling of the feet', 'swelling of the ankles', 'swelling of the lower legs', 'fever', 'chills', 'cough', 'sweating', 'flushing', 'muscle pain', 'joint pain', 'chest pain', 'blisters', 'rash', 'itching', 'hives', 'swelling of the eyes', 'swelling of the face', 'swelling of the lips', 'swelling of the tongue', 'swelling of the throat', 'swelling of the arms', 'swelling of the hands', 'difficulty swallowing', 'hoarseness', 'pale skin', 'fast heartbeat', 'excessive tiredness', 'unusual bleeding', 'unusual bruising', 'lack of energy', 'upset stomach', 'loss of appetite', 'pain in the upper right part of the stomach', 'flu-like symptoms', 'yellowing of the skin', 'yellowing of the eyes', 'cloudy urine', 'discolored urine', 'bloody urine', 'back pain', 'difficult urination', 'painful urination', 'blurred vision', 'problems with sight']"
Lisinopril,"['cough', 'dizziness', 'headache', 'excessive tiredness', 'nausea', 'diarrhea', 'weakness', 'sneezing', 'runny nose', 'decrease in sexual ability', 'rash', 'swelling of the face', 'swelling of the throat', 'swelling of the tongue', 'swelling of the lips', 'swelling of the eyes', 'swelling of the hands', 'swelling of the feet', 'swelling of the ankles', 'swelling of the lower legs', 'hoarseness', 'difficulty breathing', 'difficulty swallowing', 'fever', 'sore throat', 'chills', 'signs of infection', 'yellowing of the skin', 'yellowing of the eyes', 'lightheadedness', 'fainting', 'chest pain']"
Fosinopril,"['dizziness', 'cough', 'upset stomach', 'vomiting', 'diarrhea', 'headache', 'excessive tiredness', 'weakness', 'swelling of the face', 'swelling of the throat', 'swelling of the tongue', 'swelling of the lips', 'swelling of the eyes', 'swelling of the hands', 'swelling of the feet', 'swelling of the ankles', 'swelling of the lower legs', 'hoarseness', 'difficulty breathing', 'difficulty swallowing', 'yellowing of the skin', 'yellowing of the eyes', 'fever', 'sore throat', 'chills', 'signs of infection', 'lightheadedness', 'fainting']"
Anastrozole,"['weakness', 'headache', 'hot flashes', 'sweating', 'stomach pain', 'nausea', 'vomiting', 'loss of appetite', 'constipation', 'diarrhea', 'heartburn', 'weight gain', 'joint pain', 'bone pain', 'muscle pain', 'breast pain', 'mood changes', 'depression', 'difficulty falling asleep', 'difficulty staying asleep', 'nervousness', 'dizziness', 'vaginal bleeding', 'vaginal dryness', 'vaginal irritation', 'pain in the hands', 'pain in the feet', 'burning in the hands', 'burning in the feet', 'tingling in the hands', 'tingling in the feet', 'dry mouth', 'hair thinning', 'chest pain', 'sore throat', 'cough', 'fever', 'chills', 'swollen glands', 'signs of infection', 'swelling in hand', 'swelling in arm', 'redness in hand', 'redness in arm', 'warmth in hand', 'warmth in arm', 'difficult urination', 'painful urination', 'urgent urination', 'blurred vision', 'vision changes', 'yellowing of the skin', 'yellowing of the eyes', 'pain in the upper right part of the stomach', 'skin lesions', 'skin ulcers', 'skin blisters', 'rash', 'hives', 'itching', 'shortness of breath', 'difficulty swallowing', 'difficulty breathing', 'swelling of the eyes', 'swelling of the face', 'swelling of the lips', 'swelling of the tongue', 'swelling of the throat', 'swelling of the arms', 'swelling of the hands', 'swelling of the feet', 'swelling of the ankles', 'swelling of the lower legs']"
Atorvastatin,"['diarrhea', 'heartburn', 'gas', 'joint pain', 'forgetfulness', 'memory loss', 'confusion', 'muscle pain', 'muscle tenderness', 'muscle weakness', 'lack of energy', 'extreme tiredness', 'extreme weakness', 'fever', 'flu-like symptoms', 'nausea', 'unusual bleeding', 'unusual bruising', 'loss of appetite', 'pain in the upper right part of the stomach', 'dark-colored urine', 'yellowing of the skin', 'yellowing of the eyes', 'rash', 'itching', 'hives', 'difficulty breathing', 'difficulty swallowing', 'swelling of the face', 'swelling of the throat', 'swelling of the tongue', 'swelling of the lips', 'swelling of the eyes', 'swelling of the hands', 'swelling of the feet', 'swelling of the ankles', 'swelling of the lower legs', 'hoarseness', 'chest pain']"
Acarbose,"['shakiness', 'dizziness', 'lightheadedness', 'sweating', 'nervousness', 'irritability', 'sudden changes in behavior', 'sudden changes in mood', 'headache', 'numbness around the mouth', 'tingling around the mouth', 'weakness', 'pale skin', 'hunger', 'clumsy movements', 'jerky movements', 'confusion', 'seizures', 'loss of consciousness', 'extreme thirst', 'frequent urination', 'extreme hunger', 'weakness', 'blurred vision', 'dry mouth', 'upset stomach', 'vomiting', 'shortness of breath', 'breath that smells fruity', 'decreased consciousness']"
Thioridazine,"['drowsiness', 'blurred vision', 'dry mouth', 'nausea', 'vomiting', 'diarrhea', 'constipation', 'weight gain', 'darkening of the skin', 'darkening of the eyes', 'swelling of the arms', 'swelling of the hands', 'swelling of the feet', 'swelling of the ankles', 'swelling of the lower legs', 'unusual movements of any part of the body', 'slowed movements of any part of the body', 'uncontrollable movements of any part of the body', 'restlessness', 'breast milk production', 'breast enlargement', 'missed menstrual periods', 'decreased sexual ability in men', 'difficulty urinating', 'fever', 'stiff muscles', 'sweating', 'confusion', 'fast heartbeat', 'pounding heartbeat', 'irregular heartbeat', 'tightness in the neck muscles', 'tightness in the throat', 'difficulty breathing', 'difficulty swallowing', 'tongue that sticks out of the mouth', 'fine tongue movements', 'worm-like tongue movements', 'uncontrollable face movements', 'uncontrollable mouth movements', 'uncontrollable jaw movements', 'uncontrollable body movements', 'uncontrollable arms movements', 'uncontrollable leg movements', 'rhythmic face movements', 'rhythmic mouth movements', 'rhythmic jaw movements', 'rhythmic body movements', 'rhythmic arms movements', 'rhythmic leg movements', 'problems with coordination', 'falling down', 'changes in vision', 'changes in vision at night', 'yellowing of the skin', 'yellowing of the eyes', 'rash', 'hives', 'erection that lasts for hours']"
Clozapine,"['drowsiness', 'dizziness', 'feeling unsteady', 'trouble keeping your balance', 'increased salivation', 'dry mouth', 'restlessness', 'headache', 'constipation', 'nausea', 'stomach swelling', 'stomach pain', 'vomiting', 'shaking hands that you cannot control', 'unusual movements of your face that you cannot control', 'unusual movements of your body that you cannot control', 'falling', 'difficulty urinating', 'loss of bladder control', 'fever', 'sweating', 'confusion', 'fast heartbeat', 'irregular heartbeat', 'severe muscle stiffness', 'changes in vision', 'shakiness', 'changes in behavior', 'loss of appetite', 'nausea', 'vomiting', 'pain in the upper right part of the stomach', 'lack of energy', 'unusual bleeding', 'unusual bruising', 'yellowing of the skin', 'yellowing of the eyes', 'chest pain', 'sudden shortness of breath', 'difficulty breathing', 'swelling of a leg', 'swelling of an arm', 'leg pain', 'redness in the legs', 'redness in the arms', 'discoloration in the legs', 'discoloration in the arms', 'warmth in the legs', 'warmth in the arms']"
Demeclocycline,"['diarrhea', 'nausea', 'vomiting', 'changes in skin color', 'changes in mouth color', 'throat irritation', 'excessive thirst', 'frequent urination', 'weakness', 'inflammation of the end of the penis', 'headache', 'blurred vision', 'seeing double', 'loss of vision', 'dizziness', 'ringing in the ears', 'rash', 'hives', 'peeling skin', 'blistering skin', 'swelling of the face', 'swelling of the throat', 'swelling of the tongue', 'swelling of the lips', 'swelling of the eyes', 'difficulty breathing', 'difficulty swallowing', 'unusual bleeding', 'unusual bruising', 'confusion', 'swelling of your legs', 'swelling of your ankles', 'swelling of your feet', 'decreased urination', 'joint pain', 'chest pain', 'watery stools', 'bloody stools', 'stomach cramps', 'fever during treatment or for up to two or more months after stopping treatment', 'return of fever', 'return of sore throat', 'return of chills', 'return of signs of infection']"
Lazertinib,"['muscle pain', 'joint pain', 'diarrhea', 'constipation', 'nausea', 'vomiting', 'mouth sores', 'stomach pain', 'decreased appetite', 'hemorrhoids', 'tiredness', 'dizziness', 'headache', 'numbness of the skin', 'tingling of the skin', 'swelling of the hands', 'swelling of the ankles', 'swelling of the feet', 'swelling of the face', 'swelling of the body', 'redness around the fingernails', 'redness around the toenails', 'swelling around the fingernails', 'swelling around the toenails', 'difficulty falling asleep', 'difficulty staying asleep', 'new cough', 'worsening cough', 'difficulty breathing', 'wheezing', 'chest tightness', 'fever', 'shortness of breath', 'unusual bruising', 'unusual bleeding']"
Molnupiravir,"['diarrhea', 'nausea', 'dizziness']"
Pimavanserin,"['nausea', 'constipation', 'swelling of hands', 'swelling of ankles', 'swelling of feet', 'sleepiness', 'hallucinations', 'seeing things that do not exist', 'hearing voices that do not exist', 'confusion', 'difficulty walking normally', 'rash', 'hives', 'swelling of the face', 'swelling of the eyes', 'swelling of the eyelids', 'swelling of the lips', 'swelling of the tongue', 'throat tightness', 'shortness of breath']"
Teriflunomide,"['hair loss', 'diarrhea', 'blurry vision', 'toothache', 'acne', 'joint pain', 'muscle pain', 'anxiety', 'weight loss', 'fast heartbeat', 'irregular heartbeat', 'slow heartbeat', 'headache', 'dizziness', 'pale skin', 'confusion', 'fever', 'cough', 'sore throat', 'chills', 'signs of infection', 'numbness in the hands', 'numbness in the arms', 'numbness in the feet', 'numbness in the legs', 'burning in the hands', 'burning in the arms', 'burning in the feet', 'burning in the legs', 'tingling in the hands', 'tingling in the arms', 'tingling in the feet', 'tingling in the legs', 'loss of muscle tone', 'weakness in legs', 'heaviness in legs', 'cold skin', 'gray skin', 'red skin', 'peeling skin', 'blistering skin', 'rash', 'hives', 'itching', 'difficulty swallowing', 'shortness of breath', 'swelling of the face', 'swelling of the eyes', 'swelling of the mouth', 'swelling of the throat', 'swelling of the tongue', 'swelling of the lips', 'rash with fever', 'rash with swollen glands', 'rash with swelling of the face', 'stomach pain', 'side pain', 'back pain']"
Triclabendazole,"['abdominal pain', 'heavy sweating', 'dizziness', 'nausea', 'vomiting', 'hives', 'itching', 'headache', 'shortness of breath', 'decreased appetite', 'fever', 'diarrhea', 'yellow skin', 'yellow eyes']"
Oxcarbazepine,"['fast, repeating eye movements that you cannot control', 'diarrhea', 'constipation', 'heartburn', 'stomach pain', 'nausea', 'vomiting', 'loss of appetite', 'changes in the way food tastes', 'dry mouth', 'thirst', 'weight gain', 'headache', 'shaking of a part of the body that you cannot control', 'difficulty coordinating movements', 'falling down', 'slowed movements', 'slowed thoughts', 'forgetfulness', 'difficulty concentrating', 'speech problems', 'back pain', 'arm pain', 'leg pain', 'muscle weakness', 'sudden muscle tightness', 'increased sweating', 'swelling of the vagina', 'redness of the vagina', 'irritation of the vagina', 'burning of the vagina', 'itching of the vagina', 'white vaginal discharge', 'rash', 'hives', 'swelling of the face', 'swelling of the throat', 'swelling of the tongue', 'swelling of the lips', 'swelling of the eyes', 'swelling of the hands', 'swelling of the feet', 'swelling of the ankles', 'swelling of the lower legs', 'difficulty swallowing', 'difficulty breathing', 'nausea', 'headache', 'lack of energy', 'confusion', 'seizures that last longer than in the past', 'seizures that happen more often than in the past', 'peeling skin', 'blistering skin', 'shedding skin', 'rash', 'hives', 'sores in mouth', 'sores around eyes', 'fever', 'extreme tiredness', 'chest pain', 'muscle weakness', 'muscle pain', 'swelling of the face', 'swelling of the neck', 'swelling of the groin', 'swelling of the underarm area', 'yellowing of the skin', 'yellowing of the eyes', 'unusual bleeding', 'unusual bruising', 'bloody urination', 'cloudy urination', 'increased urination', 'decreased urination', 'painful urination', 'sore throat', 'cough', 'chills', 'signs of infection']"
Ezogabine,"['problems with coordination', 'problems with balance', 'problems with walking', 'memory problems', 'dizziness', 'drowsiness', 'confusion', 'trouble concentrating', 'tiredness', 'weakness', 'difficulty speaking', 'inability to speak', 'difficulty understanding speech', 'difficulty understanding written language', 'inability to understand speech', 'inability to understand written language', 'feelings of numbness on the skin', 'feelings of tingling on the skin', 'feelings of pricking on the skin', 'feelings of burning on the skin', 'feelings of creeping on the skin', 'uncontrollable shaking of a part of the body', 'abnormal color of urine', 'nausea', 'constipation', 'weight gain', 'inability to begin urinating', 'changes in color of skin', 'changes in color of lips', 'changes in color of fingernails', 'pain when urinating', 'weak urine stream', 'difficulty emptying your bladder', 'blood in urine', 'difficulty thinking clearly', 'difficulty understanding reality', 'difficulty using good judgment', 'hallucinations']"
Flibanserin,"['nausea', 'tiredness', 'difficulty falling asleep', 'difficulty staying asleep', 'dry mouth', 'constipation', 'runny nose', 'stuffy nose', 'painful urination', 'difficult urination', 'frequent urination', 'anxiety', 'excessive sleepiness', 'hives', 'itching', 'hoarseness', 'difficulty breathing', 'difficulty swallowing', 'swelling of the face', 'swelling of the lips', 'swelling of the mouth']"
Flutamide,"['diarrhea', 'nausea', 'vomiting', 'loss of appetite', 'hot flashes', 'decrease in sexual ability', 'decrease in sexual desire', 'breast enlargement in men', 'drowsiness', 'confusion', 'depression', 'anxiety', 'swelling of the hands', 'swelling of the feet', 'swelling of the ankles', 'swelling of the lower legs', 'blue-green colored urine', 'orange-colored urine']"
Prucalopride,"['headache', 'stomach pain', 'nausea', 'diarrhea', 'dizziness', 'difficulty breathing', 'shortness of breath', 'rash', 'itching', 'hives', 'swelling of face', 'swelling of lips', 'swelling of tongue', 'swelling of throat']"
Nevirapine,"['headache', 'diarrhea', 'stomach pain']"
Sebetralstat,['headache']
Cariprazine,"['extreme tiredness', 'restlessness', 'anxiety', 'agitation', 'difficulty falling asleep', 'difficulty staying asleep', 'dizziness', 'feeling unsteady', 'trouble keeping your balance', 'increased appetite', 'weight gain', 'nausea', 'indigestion', 'constipation', 'increased saliva', 'drooling', 'seizures', 'unusual movements of your body that you cannot control', 'unusual movements of your face that you cannot control', 'loss of ability to move', 'falling down', 'fever', 'sweating', 'confusion', 'fast breathing', 'fast heartbeat', 'irregular heartbeat', 'severe muscle stiffness', 'muscle weakness', 'muscle aching', 'tightness in the throat', 'tongue that sticks out of the mouth', 'rash', 'itching', 'hives', 'swelling of the face', 'swelling of the throat', 'swelling of the tongue', 'swelling of the lips', 'swelling of the eyes', 'dark urine', 'cola-colored urine', 'swelling in legs', 'swelling in feet', 'decreased urination']"
Pantoprazole,"['headache', 'nausea', 'vomiting', 'gas', 'joint pain', 'diarrhea', 'dizziness', 'difficulty achieving an erection', 'difficulty maintaining an erection', 'blistering skin', 'peeling skin', 'bleeding skin', 'sores on the lips', 'sores on the nose', 'sores on the mouth', 'sores on the genitals', 'swollen glands', 'shortness of breath', 'fever', 'flu-like symptoms', 'rash', 'hives', 'itching', 'swelling of the eyes', 'swelling of the face', 'swelling of the lips', 'swelling of the mouth', 'swelling of the throat', 'swelling of the tongue', 'difficulty breathing', 'difficulty swallowing', 'hoarseness', 'irregular heartbeat', 'fast heartbeat', 'pounding heartbeat', 'muscle spasms', 'uncontrollable shaking of a part of the body', 'excessive tiredness', 'lightheadedness', 'dizziness', 'seizures', 'severe diarrhea with watery stools', 'stomach pain', 'fever that does not go away', 'new joint pain', 'worsening joint pain', 'rash on cheeks that is sensitive to sunlight', 'rash on arms that is sensitive to sunlight', 'increased urination', 'decreased urination', 'blood in urine', 'fatigue', 'nausea', 'loss of appetite', 'fever', 'rash', 'joint pain']"
Theophylline,"['upset stomach', 'stomach pain', 'diarrhea', 'headache', 'restlessness', 'difficulty falling asleep', 'difficulty staying asleep', 'irritability', 'vomiting', 'increased heart rate', 'rapid heart rate', 'irregular heartbeat', 'seizures', 'rash']"
Odevixibat,"['stomach pain', 'vomiting', 'decreased weight', 'yellow eyes', 'yellow skin', 'loss of appetite', 'dark urine', 'pain in right upper stomach area', 'discomfort in right upper stomach area', 'extreme thirst', 'dry mouth', 'dry skin', 'sunken eyes', 'fast heartbeat', 'diarrhea', 'unusual bleeding', 'unusual bruising', 'bleeding gums', 'bloody stools', 'black stools', 'tarry stools', 'vomiting blood', 'vomit that looks like coffee grounds']"
Talazoparib,"['nausea', 'loss of appetite', 'diarrhea', 'vomiting', 'stomach pain', 'change in sense of taste', 'heartburn', 'mouth pain', 'mouth sores', 'hair loss', 'fatigue', 'weakness', 'feeling tired', 'weight loss', 'fever', 'chills', 'cough', 'signs of infection', 'shortness of breath', 'fast heartbeat', 'headache', 'dizziness', 'confusion', 'pale skin', 'blood in urine', 'blood in stool', 'unusual bleeding', 'unusual bruising', 'broken bones', 'fractures']"
Niraparib,"['nausea', 'vomiting', 'constipation', 'heartburn', 'dry mouth', 'sores in the mouth', 'loss of appetite', 'back pain', 'headache', 'dizziness', 'changes in taste', 'difficulty falling asleep', 'difficulty staying asleep', 'anxiety', 'rash', 'pale skin', 'shortness of breath', 'weakness', 'tiredness', 'weight loss', 'bruising easily', 'bleeding easily', 'blood in urine', 'blood in stool', 'burning feeling when you urinate', 'frequent need to urinate', 'urgent need to urinate', 'fever', 'cough', 'runny nose', 'signs of infection']"
Colchicine,"['nausea', 'vomiting', 'diarrhea', 'stomach cramps', 'stomach pain', 'muscle pain', 'muscle weakness', 'numbness in the fingers', 'numbness in the toes', 'tingling in the fingers', 'tingling in the toes', 'unusual bruising', 'unusual bleeding', 'sore throat', 'fever', 'chills', 'signs of infection', 'weakness', 'tiredness', 'paleness of the lips', 'paleness of the tongue', 'paleness of the palms', 'grayness of the lips', 'grayness of the tongue', 'grayness of the palms']"
Esomeprazole,"['headache', 'nausea', 'diarrhea', 'gas', 'constipation', 'dry mouth', 'drowsiness', 'difficulty achieving an erection', 'difficulty maintaining an erection', 'blisters on skin', 'peeling skin', 'bleeding skin', 'sores on the lips', 'sores on the nose', 'sores on the mouth', 'sores on the genitals', 'swollen glands', 'shortness of breath', 'fever', 'flu-like symptoms', 'rash', 'hives', 'itching', 'swelling of the eyes', 'swelling of the face', 'swelling of the lips', 'swelling of the mouth', 'swelling of the throat', 'swelling of the tongue', 'difficulty breathing', 'difficulty swallowing', 'hoarseness', 'irregular heartbeat', 'fast heartbeat', 'pounding heartbeat', 'muscle spasms', 'uncontrollable shaking of a part of the body', 'excessive tiredness', 'lightheadedness', 'dizziness', 'seizures', 'severe diarrhea with watery stools', 'stomach pain', 'fever that does not go away', 'new joint pain', 'worsening joint pain', 'rash on cheeks that is sensitive to sunlight', 'rash on arms that is sensitive to sunlight', 'increased urination', 'decreased urination', 'blood in urine', 'fatigue', 'nausea', 'loss of appetite', 'fever', 'rash', 'joint pain']"
Belzutifan,"['dizziness', 'tiredness', 'headache', 'nausea', 'stomach pain', 'diarrhea', 'constipation', 'joint pain', 'muscle pain', 'bone pain', 'muscle spasms', 'muscle weakness', 'vision changes', 'weight gain', 'fever', 'cough', 'signs of infection', 'swelling of the arms', 'swelling of the hands', 'swelling of the feet', 'swelling of the ankles', 'swelling of the lower legs', 'numbness in the hands', 'numbness in the legs', 'numbness in the feet', 'tingling in the hands', 'tingling in the legs', 'tingling in the feet', 'tiredness', 'feeling cold', 'pale skin', 'shortness of breath', 'chest pain', 'fast heartbeat', 'unusual bleeding', 'unusual bruising', 'slow heartbeat', 'fast heartbeat', 'irregular heartbeat']"
Pyrantel,"['upset stomach', 'vomiting', 'diarrhea', 'loss of appetite', 'stomach cramps', 'stomach pain', 'straining during bowel movements', 'pain during bowel movements']"
Posaconazole,"['fever', 'headache', 'chills', 'shaking', 'dizziness', 'weakness', 'swelling of the hands', 'swelling of the feet', 'swelling of the ankles', 'swelling of the lower legs', 'diarrhea', 'vomiting', 'stomach pain', 'constipation', 'heartburn', 'rash', 'itching', 'back pain', 'muscle pain', 'sores on the lips', 'sores on the mouth', 'sores on the throat', 'difficulty falling asleep', 'difficulty staying asleep', 'increased sweating', 'nosebleeds', 'cough', 'sore throat', 'extreme tiredness', 'loss of appetite', 'nausea', 'yellowing of the skin', 'yellowing of the eyes', 'pain in the upper right part of the stomach', 'dark urine', 'pale stools', 'flu-like symptoms', 'unusual bruising', 'unusual bleeding', 'fast heartbeat', 'pounding heartbeat', 'irregular heartbeat', 'sudden loss of consciousness', 'shortness of breath', 'headaches', 'blurred vision', 'chest pain', 'dizziness', 'anxiety', 'muscle weakness', 'muscle spasms', 'muscle cramping', 'palpitations', 'feeling like heart is skipping beats', 'constipation', 'tingling', 'numbness']"
Remibrutinib,"['runny nose', 'sore throat', 'headache', 'nausea', 'abdominal pain', 'bleeding', 'bruising', 'pink urine', 'brown urine', 'red stools', 'black tarry stools', 'headache', 'dizziness', 'confusion', 'feeling weak']"
Zidovudine,"['stomach pain', 'stomach cramps', 'heartburn', 'diarrhea', 'constipation', 'headache', 'difficulty falling asleep', 'difficulty staying asleep', 'rash', 'itching', 'hives', 'blistering of the skin', 'peeling of the skin', 'difficulty breathing', 'difficulty swallowing', 'swelling of the eyes', 'swelling of the face', 'swelling of the tongue', 'swelling of the lips', 'swelling of the throat']"
Rabeprazole,"['headache', 'nausea', 'vomiting', 'constipation', 'diarrhea', 'gas', 'sore throat', 'difficulty achieving an erection', 'difficulty maintaining an erection', 'blistering skin', 'peeling skin', 'bleeding skin', 'sores on the lips', 'sores on the nose', 'sores on the mouth', 'sores on the genitals', 'swollen glands', 'shortness of breath', 'fever', 'flu-like symptoms', 'rash', 'hives', 'itching', 'swelling of the eyes', 'swelling of the face', 'swelling of the lips', 'swelling of the mouth', 'swelling of the throat', 'swelling of the tongue', 'difficulty breathing', 'difficulty swallowing', 'hoarseness', 'irregular heartbeat', 'fast heartbeat', 'pounding heartbeat', 'muscle spasms', 'uncontrollable shaking of a part of the body', 'excessive tiredness', 'lightheadedness', 'dizziness', 'seizures', 'severe diarrhea with watery stools', 'stomach pain', 'fever that does not go away', 'new joint pain', 'worsening joint pain', 'rash on cheeks that is sensitive to sunlight', 'rash on arms that is sensitive to sunlight', 'increased urination', 'decreased urination', 'blood in urine', 'fatigue', 'nausea', 'loss of appetite', 'fever', 'rash', 'joint pain']"
Lomitapide,"['diarrhea', 'nausea', 'vomiting', 'stomach pain', 'constipation', 'bloating', 'gas', 'upset stomach', 'weight loss', 'headache', 'dizziness', 'sore throat', 'runny nose', 'back pain', 'severe diarrhea', 'lightheadedness', 'decreased urine output']"
Bicalutamide,"['hot flashes', 'flushing', 'bone pain', 'back pain', 'pelvic pain', 'muscle weakness', 'muscle pain', 'joint pain', 'headache', 'shortness of breath', 'increased blood pressure', 'swelling of the hands', 'swelling of the feet', 'swelling of the ankles', 'swelling of the lower legs', 'cough', 'constipation', 'nausea', 'vomiting', 'abdominal pain', 'diarrhea', 'gas', 'weight loss', 'weight gain', 'loss of appetite', 'dizziness', 'pain in the hands', 'pain in the feet', 'burning in the hands', 'burning in the feet', 'tingling in the hands', 'tingling in the feet', 'difficulty sleeping', 'feeling of uneasiness', 'feeling of dread', 'rash', 'sweating', 'inability to get an erection', 'inability to keep an erection', 'need to urinate frequently during the night', 'bloody urine', 'painful urination', 'difficult urination', 'frequent need to urinate', 'urgent need to urinate', 'difficulty emptying bladder', 'painful breasts', 'swollen breasts', 'yellowing of the skin', 'yellowing of the eyes', 'pain in the upper right part of the stomach', 'extreme tiredness', 'unusual bleeding', 'unusual bruising', 'lack of energy', 'upset stomach', 'loss of appetite', 'flu-like symptoms', 'dull side pain', 'sharp side pain', 'chest pain']"
Ticlopidine,"['nausea', 'diarrhea', 'vomiting', 'stomach pain', 'loss of appetite', 'gas', 'headache', 'itching', 'fever', 'sore throat', 'signs of infection', 'unusual bleeding', 'unusual bruising', 'light-colored stools', 'skin rash']"
Triamterene,"['vomiting', 'dizziness', 'headache', 'muscle weakness', 'muscle cramps', 'slow heartbeat', 'irregular heartbeat', 'diarrhea', 'rash', 'difficulty breathing', 'difficulty swallowing', 'upset stomach', 'extreme tiredness', 'unusual bleeding', 'unusual bruising', 'lack of energy', 'loss of appetite', 'pain in the upper right part of the stomach', 'yellowing of the skin', 'yellowing of the eyes', 'flu-like symptoms', 'sore throat', 'severe dry mouth', 'unusual bruising', 'unusual bleeding']"
Isoniazid,"['upset stomach', 'rash', 'hives', 'itching', 'peeling skin', 'blistering skin', 'fever', 'swollen glands', 'swelling of the eyes', 'swelling of the face', 'swelling of the lips', 'swelling of the tongue', 'swelling of the mouth', 'swelling of the throat', 'problems with walking', 'problems with coordination', 'slurred speech', 'uncontrollable eye movements', 'tremors', 'seizures', 'eye pain', 'blurred vision', 'changes in vision', 'numbness in the hands', 'numbness in the feet', 'tingling in the hands', 'tingling in the feet', 'ongoing pain that begins in the stomach but may spread to the back']"
Altretamine,"['nausea', 'vomiting', 'loss of appetite', 'unusual tiredness', 'unusual weakness', 'dizziness', 'pale skin', 'fainting', 'skin rash', 'itching', 'hair loss', 'fever', 'chills', 'sore throat', 'ongoing cough', 'congestion', 'signs of an infection', 'unusual bleeding', 'unusual bruising', 'bloody stools', 'black, tarry stools', 'bloody vomit', 'vomited material that looks like coffee grounds', 'bleeding gums', 'small, round, red or purple colored spots on the skin']"
Probenecid,"['headache', 'upset stomach', 'vomiting', 'loss of appetite', 'dizziness', 'severe skin rash', 'difficulty breathing', 'difficulty swallowing', 'unusual bleeding', 'unusual bruising']"
Ribavirin,"['cough', 'upset stomach', 'vomiting', 'diarrhea', 'constipation', 'heartburn', 'loss of appetite', 'weight loss', 'changes in ability to taste food', 'dry mouth', 'difficulty concentrating', 'difficulty falling asleep', 'difficulty staying asleep', 'memory loss', 'rash', 'dry skin', 'irritated skin', 'itchy skin', 'sweating', 'painful menstruation', 'irregular menstruation', 'muscle pain', 'bone pain', 'hair loss', 'hives', 'swelling of the face', 'swelling of the throat', 'swelling of the tongue', 'swelling of the lips', 'swelling of the eyes', 'swelling of the hands', 'swelling of the feet', 'swelling of the ankles', 'swelling of the lower legs', 'hoarseness', 'difficulty swallowing', 'difficulty breathing', 'pain in the stomach', 'pain in the lower back', 'bloody diarrhea', 'bright red blood in stools', 'black stools', 'tarry stools', 'stomach bloating', 'confusion', 'dark-colored urine', 'yellowing of the skin', 'yellowing of the eyes', 'unusual bleeding', 'unusual bruising', 'vision changes', 'fever', 'chills', 'signs of infection', 'depression', 'thinking about hurting yourself', 'thinking about killing yourself', 'mood changes', 'excessive worry', 'irritability', 'starting to use street drugs again if you used these substances in the past', 'starting to use alcohol again if you used these substances in the past', 'intolerance to cold']"
Chlorthalidone,"['frequent urination', 'dizziness', 'upset stomach', 'nausea', 'vomiting', 'diarrhea', 'loss of appetite', 'headache', 'thirst', 'tiredness', 'drowsiness', 'restlessness', 'muscle weakness', 'muscle pain', 'muscle cramps', 'nausea', 'vomiting', 'fast heartbeat', 'unusual bleeding', 'unusual bruising', 'rash', 'itching', 'hives', 'blisters', 'peeling skin', 'difficulty breathing', 'difficulty swallowing']"
Bupropion,"['drowsiness', 'anxiety', 'agitation', 'difficulty falling asleep', 'difficulty staying asleep', 'dry mouth', 'nausea', 'abdominal pain', 'constipation', 'dizziness', 'headache', 'uncontrollable shaking of a part of the body', 'loss of appetite', 'excessive sweating', 'ringing in the ears', 'sore throat', 'seizures', 'confusion', 'hallucinating', 'irrational fears', 'rapid heartbeat', 'pounding heartbeat', 'irregular heartbeat', 'greatly increased energy', 'severe trouble sleeping', 'racing thoughts', 'reckless behavior', 'unusually grand ideas', 'excessive happiness', 'irritability', 'talking more than usual', 'talking faster than usual', 'fever', 'rash', 'blisters', 'itching', 'hives', 'swelling of the face', 'swelling of the throat', 'swelling of the tongue', 'swelling of the lips', 'swelling of the eyes', 'swelling of the hands', 'swelling of the feet', 'swelling of the ankles', 'swelling of the lower legs', 'hoarseness', 'difficulty breathing', 'difficulty swallowing']"
Daprodustat,"['abdominal pain', 'dizziness', 'nausea', 'vomiting', 'blood in your vomit', 'blood in your stool', 'black, tarry stools', 'trouble swallowing', 'pain in your throat', 'pain in your chest']"
Tolnaftate,['skin irritation']
Afatinib,"['cracking of the lips', 'swelling of the lips', 'sores in the corners of the mouth', 'dry skin', 'itching', 'loss of appetite', 'nail infection', 'acne', 'nose bleeds', 'diarrhea', 'dry mouth', 'dark urine', 'decreased sweating', 'dry skin', 'signs of dehydration', 'decreased urination', 'swelling of the arms', 'swelling of the hands', 'swelling of the feet', 'swelling of the ankles', 'swelling of the lower legs', 'rash', 'pain of skin', 'redness of skin', 'peeling of skin', 'blistering of skin', 'difficulty breathing', 'shortness of breath', 'rapid heartbeat', 'irregular heartbeat', 'pounding heartbeat', 'sudden weight gain', 'cough', 'fever', 'excessive tiredness', 'pain in the right upper part of the stomach', 'unusual bruising', 'unusual bleeding', 'nausea', 'vomiting', 'yellowing of the skin', 'yellowing of the eyes', 'dark urine', 'red eyes', 'swollen eyes', 'painful eyes', 'teary eyes', 'sudden changes in vision', 'blurred vision', 'sensitivity to light']"
Perphenazine,"['dizziness', 'feeling unsteady', 'trouble keeping your balance', 'blurred vision', 'dry mouth', 'excess saliva', 'headache', 'nausea', 'vomiting', 'diarrhea', 'constipation', 'loss of appetite', 'unusual movements of any part of the body', 'slowed movements of any part of the body', 'uncontrollable movements of any part of the body', 'restlessness', 'difficulty falling asleep', 'difficulty staying asleep', 'unusual dreams', 'problems with urination', 'change in skin color', 'breast enlargement', 'breast milk production', 'missed menstrual periods', 'decreased sexual ability in men', 'fever', 'stiff muscles', 'sweating', 'confusion', 'fast heartbeat', 'pounding heartbeat', 'irregular heartbeat', 'falling down', 'neck cramps', 'tongue that sticks out of the mouth', 'tightness in the throat', 'difficulty breathing', 'difficulty swallowing', 'fine, worm-like tongue movements', 'uncontrollable face movements', 'uncontrollable mouth movements', 'uncontrollable jaw movements', 'rhythmic face movements', 'rhythmic mouth movements', 'rhythmic jaw movements', 'seizures', 'eye pain', 'eye discoloration', 'vision changes', 'vision changes especially at night', 'yellowing of the skin', 'yellowing of the eyes', 'rash', 'itching', 'hives', 'swelling of the eyes', 'swelling of the face', 'swelling of the mouth', 'swelling of the lips', 'swelling of the tongue', 'swelling of the throat', 'swelling of the arms', 'swelling of the hands', 'swelling of the feet', 'swelling of the ankles', 'swelling of the lower legs', 'difficulty breathing', 'difficulty swallowing', 'slowed heartbeat', 'sore throat', 'fever', 'chills', 'signs of infection']"
Trazodone,"['diarrhea', 'changes in appetite', 'changes in weight', 'weakness', 'tiredness', 'decreased sex drive in males', 'inability to get an erection', 'inability to keep an erection', 'delayed ejaculation', 'absent ejaculation', 'decreased sex drive in females', 'delayed orgasm', 'unable to have an orgasm', 'stuffy nose', 'swelling of the hands', 'swelling of the feet', 'swelling of the legs', 'chest pain', 'shortness of breath', 'dizziness', 'fainting', 'fast heartbeat', 'pounding heartbeat', 'irregular heartbeat', 'loss of consciousness', 'coma', 'fever', 'sweating', 'confusion', 'severe muscle stiffness', 'severe muscle twitching', 'agitation', 'hallucinations', 'loss of coordination', 'nausea', 'vomiting', 'seizures', 'unusual bruising', 'unusual bleeding', 'erection lasting more than 6 hours', 'headache', 'unsteadiness', 'problems with thinking', 'problems with concentration', 'problems with memory', 'problems with coordination']"
Orlistat,"['oily spotting on underwear', 'oily spotting on clothing', 'gas with oily spotting', 'urgent need to have a bowel movement', 'loose stools', 'oily stools', 'fatty stools', 'increased number of bowel movements', 'difficulty controlling bowel movements', 'pain in the rectum', 'discomfort in the rectum', 'stomach pain', 'irregular menstrual periods', 'headache', 'anxiety', 'hives', 'rash', 'itching', 'difficulty breathing', 'difficulty swallowing', 'severe stomach pain', 'continuous stomach pain', 'excessive tiredness', 'excessive weakness', 'nausea', 'vomiting', 'loss of appetite', 'pain in the upper right part of the stomach', 'yellowing of the skin', 'yellowing of the eyes', 'dark-colored urine', 'light-colored stools']"
Ranitidine,"['headache', 'constipation', 'diarrhea', 'nausea', 'vomiting', 'stomach pain']"
Mitotane,"['changes in vision', 'rash', 'enlarged breasts in men', 'yellowing of the skin', 'yellowing of the eyes', 'dark urine', 'loss of appetite', 'fatigue', 'nausea', 'vomiting', 'itching', 'pain in the upper right part of the stomach', 'unusual bleeding', 'unusual bruising', 'red stools', 'black, tarry stools', 'vomiting blood', 'vomiting material that looks like coffee grounds', 'pink urine', 'brown urine', 'coughing up blood', 'coughing up blood clots', 'nose bleeds', 'pale skin', 'trouble breathing', 'fever', 'sore throat', 'ongoing cough', 'congestion', 'signs of infection', 'unusual drowsiness', 'unusual sleepiness', 'lack of energy', 'difficulty thinking', 'difficulty concentrating', 'decreased coordination', 'memory loss', 'trouble talking', 'dizziness', 'feeling of pins and needles in your hands', 'feeling of pins and needles in your feet']"
Methocarbamol,"['drowsiness', 'dizziness', 'upset stomach', 'blurred vision', 'fever', 'black discoloration of urine', 'blue discoloration of urine', 'green discoloration of urine', 'rash', 'itching']"
Famotidine,"['headache', 'dizziness', 'constipation', 'diarrhea', 'fussiness (in babies who take this medication)', 'hives', 'skin rash', 'itching', 'swelling of the face', 'swelling of the throat', 'swelling of the tongue', 'swelling of the lips', 'swelling of the eyes', 'swelling of the hands', 'swelling of the feet', 'swelling of the ankles', 'swelling of the lower legs', 'hoarseness', 'difficulty breathing', 'difficulty swallowing']"
Amphetamine,"['dry mouth', 'nausea', 'diarrhea', 'constipation', 'unpleasant taste', 'stomach cramps', 'weight loss', 'nose bleeding', 'headache', 'grinding teeth during sleep', 'clenching teeth during sleep', 'nervousness', 'changes in sex drive', 'changes in sex ability', 'painful menstruation', 'pain when urinating', 'burning when urinating', 'dizziness', 'weakness of an arm', 'weakness of a leg', 'numbness of an arm', 'numbness of a leg', 'motor tics', 'verbal tics', 'believing things that are not true', 'feeling unusually suspicious of others', 'seeing things that do not exist', 'hearing voices that do not exist', 'mania', 'agitation', 'hallucinations', 'fever', 'sweating', 'confusion', 'fast heartbeat', 'shivering', 'severe muscle stiffness', 'severe muscle twitching', 'loss of coordination', 'nausea', 'vomiting', 'diarrhea', 'seizures', 'changes in vision', 'blurred vision', 'blistering skin', 'peeling skin', 'rash', 'hives', 'itching', 'swelling of the face', 'swelling of the throat', 'swelling of the tongue', 'swelling of the lips', 'swelling of the eyes', 'difficulty breathing', 'difficulty swallowing', 'numbness in the fingers', 'numbness in the toes', 'pain in the fingers', 'pain in the toes', 'sensitivity to temperature in the fingers', 'sensitivity to temperature in the toes', 'skin color change from pale to blue to red in the fingers', 'skin color change from pale to blue to red in the toes', 'unexplained wounds appearing on fingers', 'unexplained wounds appearing on toes']"
Siponimod,"['dizziness', 'pain in the arms', 'pain in the legs', 'pain in the hands', 'pain in the feet', 'diarrhea', 'headache', 'slow heartbeat', 'sore throat', 'body aches', 'fever', 'chills', 'cough', 'vomiting', 'signs of infection during treatment and for up to 1 month after your treatment', 'headache', 'neck stiffness', 'fever', 'sensitivity to light', 'nausea', 'confusion during treatment and for up to 1 month after your treatment', 'sudden severe headache', 'confusion', 'changes in vision', 'seizures', 'blurriness', 'shadows in the center of your vision', 'blind spot in the center of your vision', 'sensitivity to light', 'unusual color to your vision', 'other vision problems', 'weakness on one side of the body', 'clumsiness of the arms that worsens over time', 'clumsiness of the legs that worsens over time', 'changes in your thinking', 'changes in your memory', 'changes in your balance', 'confusion', 'personality changes', 'loss of strength', 'new shortness of breath', 'worsening shortness of breath', 'nausea', 'vomiting', 'loss of appetite', 'abdominal pain', 'yellowing of skin', 'yellowing of eyes', 'dark urine', 'swelling of the hands', 'swelling of the ankles', 'swelling of the feet']"
Safinamide,"['nausea', 'difficulty falling asleep', 'difficulty staying asleep', 'worsening body movements that you cannot control', 'more frequent body movements that you cannot control', 'vision changes', 'hallucinations', 'seeing things that do not exist', 'hearing voices that do not exist', 'delusional beliefs', 'believing things that are not real', 'agitation', 'hallucinations', 'fever', 'sweating', 'confusion', 'fast heartbeat', 'shivering', 'severe muscle stiffness', 'severe muscle twitching', 'loss of coordination', 'nausea', 'vomiting', 'diarrhea']"
Terazosin,"['weakness', 'tiredness', 'stuffy nose', 'runny nose', 'decreased sexual ability', 'blurred vision', 'swelling of the hands', 'swelling of the feet', 'swelling of the ankles', 'swelling of the lower legs', 'hives', 'rash', 'itching', 'shortness of breath', 'difficulty breathing', 'rapid heartbeat', 'pounding heartbeat', 'irregular heartbeat', 'painful erection of the penis that lasts for hours']"
Minoxidil,"['increase in size of fine body hair', 'increase in darkness of fine body hair', 'breast tenderness', 'headache', 'nausea', 'vomiting', 'rash', 'fast heartbeat', 'swollen ankles', 'swollen feet', 'unexplained weight gain', 'difficulty breathing', 'dizziness', 'fainting']"
Droxidopa,"['headache', 'dizziness', 'nausea', 'confusion', 'high fever', 'muscle stiffness', 'unusual movements that you cannot control', 'changes in awareness', 'changes in thinking', 'changes in behavior']"
Ziftomenib,"['diarrhea', 'nausea', 'vomiting', 'unusual tiredness', 'weakness', 'swelling of arms', 'swelling of hands', 'swelling of feet', 'swelling of ankles', 'swelling of lower legs', 'muscle pain', 'joint pain', 'bone pain', 'itching', 'unusual bruising', 'unusual bleeding', 'fever', 'chills', 'sore throat', 'cough', 'warm skin', 'red skin', 'painful skin', 'sores on your body', 'frequent urination', 'urgent urination', 'painful urination', 'signs of infection', 'dizziness', 'fainting', 'shortness of breath', 'fast heartbeat', 'irregular heartbeat']"
Etodolac,"['constipation', 'diarrhea', 'gas', 'bloating', 'vomiting', 'headache', 'dizziness', 'ringing in the ears', 'runny nose', 'sore throat', 'blurred vision', 'unexplained weight gain', 'shortness of breath', 'difficulty breathing', 'swelling of the abdomen', 'swelling of the feet', 'swelling of the ankles', 'swelling of the lower legs', 'swelling of the eyes', 'swelling of the face', 'swelling of the lips', 'swelling of the tongue', 'swelling of the throat', 'swelling of the hands', 'fever', 'chills', 'blisters', 'rash', 'itching', 'hives', 'hoarseness', 'difficulty swallowing', 'yellowing of the skin', 'yellowing of the eyes', 'excessive tiredness', 'unusual bleeding', 'unusual bruising', 'lack of energy', 'loss of appetite', 'pain in the upper right part of the stomach', 'flu-like symptoms', 'pale skin', 'fast heartbeat', 'cloudy urine', 'discolored urine', 'bloody urine', 'difficult urination', 'painful urination', 'back pain']"
Voriconazole,"['abnormal vision', 'difficulty seeing colors', 'diarrhea', 'nausea', 'vomiting', 'headache', 'dizziness', 'dry mouth', 'flushing', 'fever', 'chills', 'shaking', 'fast heartbeat', 'fast breathing', 'confusion', 'upset stomach', 'extreme tiredness', 'unusual bruising', 'unusual bleeding', 'loss of appetite', 'itching', 'dark urine', 'loss of appetite', 'fatigue', 'yellowing of the skin', 'yellowing of the eyes', 'pain in the upper right part of the stomach', 'nausea', 'vomiting', 'flu-like symptoms', 'tiredness', 'lack of energy', 'weakness', 'nausea', 'vomiting', 'dizziness', 'weight loss', 'abdominal pain', 'weight gain', 'fatty hump between the shoulders', 'rounded face', 'darkening of skin on stomach', 'darkening of skin on thighs', 'darkening of skin on breasts', 'darkening of skin on arms', 'thinning skin', 'bruising', 'excessive hair growth', 'sweating', 'hallucinations', 'chest pain', 'chest tightness', 'rash', 'sweating', 'hives', 'skin peeling', 'difficulty breathing', 'difficulty swallowing', 'swelling of the hands', 'swelling of the feet', 'swelling of the ankles', 'swelling of the lower legs']"
Azilsartan,"['diarrhea', 'dizziness', 'fainting']"
