key,name,side_effects
682013,Hydromorphone,"['dry mouth', 'nausea, vomiting', 'sweating', 'mood changes', 'flushing', 'itching', 'decreased sexual desire, inability to get or keep an erection', 'rash; hives; hoarseness; difficulty breathing or swallowing; or swelling of the face, mouth, tongue or throat', 'agitation, hallucinations (seeing things or hearing voices that do not exist), fever, sweating, confusion, fast heartbeat, shivering, severe muscle stiffness or twitching, loss of coordination, or diarrhea', 'nausea, vomiting, loss of appetite, weakness, or dizziness', 'new pain or pain from touch or doing ordinary tasks such as combing your hair', 'difficulty swallowing, regurgitation (bringing up swallowed food into throat and mouth), pain in the chest area', 'seizures', 'chest pain, changes in heartbeat', 'extreme drowsiness', 'unusual snoring or long pauses during breaths during sleep']"
682617,Tolnaftate,['skin irritation']
601106,Ranitidine,"['headache', 'constipation', 'diarrhea', 'nausea', 'vomiting', 'stomach pain']"
699026,Tolterodine,"['dry mouth, eyes, or skin', 'headache', 'constipation', 'abdominal pain', 'excessive tiredness', 'difficulty emptying the bladder', 'painful urination', 'swelling of the face, throat, tongue, lips, and eyes', 'difficulty swallowing or breathing']"
603035,Vardenafil,"['headache', 'upset stomach', 'heartburn', 'flushing', 'stuffy or runny nose', 'flu-like symptoms', 'erection that lasts longer than 4 hours', 'sudden severe loss of vision (see below for more information)', 'blurred vision', 'changes in color vision (seeing blue tinge on objects, difficulty telling the difference between blue and green, or difficulty seeing at night)', 'dizziness', 'sudden decrease or loss of hearing', 'ringing in ears', 'swelling of the face, throat, tongue, lips, eyes, hands, feet, ankles, or lower legs', 'hoarseness', 'difficulty breathing or swallowing', 'fainting', 'hives', 'rash']"
609023,Betaxolol,"['extreme tiredness', 'difficulty falling asleep or staying asleep', 'unusual dreams', 'heartburn', 'nausea', 'diarrhea', 'joint pain', 'decreased sexual ability in men', 'cold hands and feet', 'numbness, burning, or tingling in the arms, legs, hands, or feet', 'rash', 'difficulty breathing, especially during activity or when lying down', 'swelling of the arms, hands, feet, ankles, or lower legs', 'unexplained weight gain', 'fast, slow, pounding, or irregular heartbeat', 'chest pain']"
621027,Viloxazine,"['loss of appetite, nausea, vomiting', 'tiredness', 'headache']"
693003,Atovaquone,"['nausea', 'vomiting', 'diarrhea', 'headache', 'dizziness', 'anxiety', 'difficulty falling asleep or staying asleep', 'rash', 'fever', 'swelling of the eyes, face, lips, tongue, mouth, or throat', 'hives', 'difficulty breathing or swallowing', 'hoarseness or throat tightness']"
621047,Belzutifan,"['dizziness', 'tiredness', 'headache', 'nausea, stomach pain, diarrhea, constipation', 'joint, muscle, or bone pain', 'muscle spasms or weakness', 'vision changes', 'weight gain', 'fever, cough,  or other signs of infection', 'swelling of the arms, hands, feet, ankles, or lower legs', 'numbness or tingling in the hands, legs, or feet', 'tiredness, feeling cold, pale skin, shortness of breath, chest pain, or fast heartbeat', 'unusual bleeding or bruising', 'slow, fast, or irregular heartbeat']"
625067,Vimseltinib,"['tiredness', 'numbness, burning, or tingling in the arms, hands, feet, or leg', 'swelling in or around the eye', 'swelling of the hands, feet, ankles, or lower legs', 'yellow eyes or skin, dark urine, loss of appetite, fatigue, nausea, vomiting, fever, or pain or discomfort in right upper stomach area', 'rash, itching, hives, or trouble breathing']"
625107,Nerandomilast,"['diarrhea', 'nausea', 'vomiting', 'weight loss', 'decreased appetite', 'headache', 'back pain', 'fatigue', 'dizziness', 'depression', 'runny nose, cough, sore throat, fever, or chills']"
601242,Meloxicam,"['diarrhea', 'constipation', 'gas', 'sore throat', 'fever', 'blisters', 'rash', 'skin blisters or peeling', 'hives', 'itching', 'swelling of the eyes, face, tongue, lips, or throat', 'difficulty breathing or swallowing', 'hoarseness', 'pale skin', 'fast heartbeat', 'shortness of breath or difficulty breathing', 'unexplained weight gain,', 'swelling in the abdomen, ankles, feet, or legs', 'nausea', 'excessive tiredness', 'lack of energy', 'yellowing of the skin or eyes', 'pain in the right upper part of the stomach', 'flu-like symptoms', 'cloudy, discolored, or bloody urine', 'back pain', 'difficult or painful urination']"
699003,Capecitabine,"['stomach pain or upset stomach', 'constipation', 'loss of appetite, change in ability to taste food', 'increased thirst', 'unusual tiredness or weakness', 'headache', 'hair loss', 'rash', 'back, joint, or muscle pain', 'red, swollen, itchy, or teary eyes', 'trouble falling asleep or staying asleep', 'nausea, vomiting, sores in the mouth', 'bloody diarrhea, severe stomach pain, and fever', 'swelling, pain, redness, blistering, or peeling of skin on the palms and soles of the feet', 'rash, redness, itching, hives; swelling of the hands, feet, ankles, or lower legs; trouble breathing or swallowing', 'chest pain or pressure, fast or irregular heartbeat, shortness of breath, dizziness, or lightheadedness', 'dark urine, yellowing of skin or eyes']"
697048,Sertraline,"['nausea, diarrhea', 'heartburn', 'loss of appetite', 'uncontrollable shaking of a part of the body', 'sexual problems in males; decreased sex drive, inability to get or keep an erection, or delayed or absent ejaculation', 'sexual problems in females; decreased sex drive, or delayed orgasm or unable to have an orgasm', 'excessive sweating', 'seizures', 'abnormal bleeding or bruising', 'agitation, hallucinations, fever, sweating, confusion, fast heartbeat, shivering, severe muscle stiffness or twitching,  agitation, hallucinations, loss of coordination, nausea, vomiting, or diarrhea', 'headache, weakness, unsteadiness, confusion, or memory problems', 'rash, hives, swelling, difficulty breathing']"
625013,Acoramidis,"['diarrhea', 'stomach pain']"
625093,Zongertinib,"['diarrhea, nausea, vomiting', 'rash', 'changes in nail color or thickness', 'tiredness', 'muscle or joints aches or pains', 'yellowing of the skin or whites of the eyes, dark urine, lower abdominal pain, clay-colored stools, loss of appetite, bruising easily', 'feeling of racing or abnormal or missing beats, dizziness, tiredness, lightheadedness, shortness of breath, loss of consciousness, coughing, swelling of legs, ankles, or feet', 'trouble breathing, shortness of breath, coughing, or fever']"
625102,Rilzabrutinib,"['diarrhea, nausea, abdominal pain', 'headache', 'cough, fever, chills, sore throat, pain or burning while urinating, or other signs of an infection', 'yellowing of the skin or whites of the eyes, dark urine, lower abdominal pain']"
622040,Treprostinil,"['headache', 'diarrhea', 'nausea', 'vomiting', 'flushing', 'jaw pain', 'pain in arms or legs', 'stomach pain']"
615005,Riociguat,"['headache', 'constipation', 'heartburn', 'upset stomach', 'nausea', 'vomiting', 'diarrhea', 'swelling of your hands, legs, feet, and ankles', 'coughing up pink, frothy sputum or blood', 'fainting', 'chest pain', 'shortness of breath']"
620028,Pemigatinib,"['diarrhea', 'nausea', 'changes in taste', 'vomiting', 'loss of appetite', 'weight loss', 'constipation', 'stomach pain', 'indigestion', 'sores on the lips, mouth, or throat', 'dry mouth and/or skin', 'nail disorders', 'hair loss', 'headache', 'fatigue', 'joint or back pain', 'burning or painful urination', 'pain or swelling of hands, feet, legs or ankles', 'rash', 'nose bleed', 'blurred vision, floaters in the eye, seeing flashes of light, or other changes in vision', 'muscle cramps, numbness, or tingling around the mouth', 'pale skin, shortness of breath, dizziness, weakness', 'redness, swelling, and blistering of the hands and feet']"
603008,Zonisamide,"['nausea', 'vomiting', 'weight loss', 'changes in taste', 'diarrhea', 'constipation', 'heartburn', 'dry mouth', 'headache', 'dizziness', 'confusion', 'irritability', 'difficulty falling asleep or staying asleep', 'difficulty with memory', 'pain, burning, numbness, or tingling in the hands or feet', 'uncontrollable eye movements', 'double vision', 'rash', 'blistering or peeling of skin', 'worsening or longer-lasting seizures', 'sudden back pain', 'stomach pain', 'pain when urinating', 'bloody or dark urine', 'fever, sore throat, chills, cough, and other signs of infection', 'sores in mouth', 'easy bruising', 'difficulty thinking of words or trouble speaking', 'difficulty thinking or concentrating', 'lack of coordination', 'difficulty walking', 'severe weakness', 'severe muscle pain', 'extreme tiredness', 'loss of appetite', 'fast, shallow breathing', 'irregular heartbeat', 'loss of consciousness']"
624062,Seladelpar,"['headache', 'stomach pain', 'nausea', 'heartburn', 'dizziness', 'rash', 'cough', 'hair loss', 'broken bones or fractures', 'yellowing of the skin or eyes', 'pain or swelling in the upper right part of the stomach', 'black, tarry, or bloody stools', 'coughing up or vomiting blood or something that looks like coffee grounds', 'unusual tiredness', 'mental changes such as confusion, slurred speech, or changes in mood or personality']"
601129,Zolmitriptan,"['feeling warm or cold', 'drowsiness, dizziness or faintness', 'dry mouth', 'nausea', 'heartburn', 'sweating', 'pain, tightness, pressure, or heaviness in the chest, throat, neck, or jaw', 'slow or difficult speech', 'weakness or numbness of an arm or leg', 'fast, pounding, or irregular heartbeat', 'bloody diarrhea', 'sudden or severe stomach pain', 'paleness or blue color of the fingers and toes', 'shortness of breath', 'swelling of the eyes, face, lips, tongue, or throat', 'difficulty breathing or swallowing', 'hoarseness', 'rash, hives', 'pain, burning, or tingling in the hands or feet']"
616043,Doxercalciferol,"['headache', 'heartburn', 'dizziness', 'sleep problems', 'joint pain', 'weight gain', 'feeling tired, difficulty thinking clearly, loss of appetite, nausea, vomiting, constipation, increased thirst, increased urination, or weight loss', 'swelling of the arms, hands, feet, and legs', 'shortness of breath']"
699022,Celecoxib,"['gas or bloating', 'sore throat', 'cold symptoms', 'constipation', 'dizziness', 'dysgeusia', 'unexplained weight gain', 'shortness of breath or difficulty breathing', 'swelling of the abdomen, feet, ankles, or lower legs', 'diarrhea', 'nausea', 'excessive tiredness', 'unusual bleeding or bruising', 'itching', 'lack of energy', 'loss of appetite', 'pain in the upper right part of the stomach', 'yellowing of the skin or eyes', 'flu-like symptoms', 'blisters', 'fever', 'rash', 'hives', 'swelling of the face, throat, tongue, lips, eyes, or hands', 'hoarseness', 'difficulty swallowing or breathing', 'pale skin', 'fast heartbeat', 'cloudy, discolored, or bloody urine', 'back pain', 'difficult or painful urination', 'frequent urination, especially at night']"
613029,Ponatinib,"['rash', 'dry skin', 'diarrhea', 'constipation', 'hair loss', 'white patches or sores on the lips or in the mouth and throat', 'loss of appetite', 'weight loss', 'cough', 'difficulty falling asleep or staying asleep', 'back, bone, joint, limb, or muscle pain', 'unusual bruising or bleeding; bloody black, tarry stools; blood in the urine; bloody vomit or vomit that looks like coffee grounds; unusual vaginal bleeding or heavier than usual menstrual bleeding; frequent nose bleeds; or coughing up blood', 'dry, red, painful, or irritated eyes; bleeding in the eye; sensitivity to light; or blurred vision, floaters, double vision, or other vision changes', 'wounds that do not heal', 'fever, sore throat, chills, or other signs of infection', 'changes in taste; muscle weakness; drooping eyelids or part of face; tingling, burning, pain, or loss of feeling in hands or feet', 'headache, seizures, confusion, problems thinking, or vision changes', 'decreased urination, unusual tiredness or weakness, nausea and vomiting, shortness of breath, muscle cramps, or seizures', 'swelling of your face, hands, feet, ankles, or lower legs; weight gain; or shortness of breath and cough', 'pain, swelling, or tenderness in the abdomen (stomach area), fever', 'ongoing pain that begins in the stomach area but may spread to the back, nausea, vomiting']"
609020,Febuxostat,"['nausea', 'joint pain', 'rash; skin redness or pain; blistering of lips, eyes or mouth; skin peeling; or fever and other flu-like symptoms', 'swollen face, lips, mouth, tongue or throat', 'yellow eyes or skin; dark urine; or pain or discomfort in right upper stomach area']"
691005,Ofloxacin,"['nausea', 'diarrhea', 'constipation', 'gas', 'vomiting', 'stomach pain or cramps', 'change in ability to taste food', 'loss of appetite', 'dry mouth', 'excessive tiredness', 'pale skin', 'pain, swelling, or itching of the vagina', 'severe diarrhea (watery or bloody stools) that may occur with or without fever and stomach cramps (may occur up to 2 months or more after your treatment)', 'rash', 'hives', 'itching', 'peeling or blistering of the skin', 'fever', 'swelling of the eyes, face, mouth, lips, tongue, throat, hands, feet, ankles or lower legs', 'hoarseness or throat tightness', 'difficulty breathing or swallowing', 'ongoing or worsening cough', 'yellowing of the skin or eyes; pale skin; dark urine; or light colored stool', 'extreme thirst or hunger; pale skin; feeling shaky or trembling; fast or fluttering heartbeat; sweating; frequent urination; trembling; blurred vision; or unusual anxiety', 'fainting or loss of consciousness', 'unusual bruising or bleeding', 'sudden pain in the chest, stomach, or back']"
697035,Fexofenadine,"['headache', 'drowsiness, tiredness', 'indigestion, nausea', 'hives, rash, itching, difficulty breathing or swallowing, or swelling of the face, throat, tongue, lips, eyes, hands, feet, ankles, or lower legs', 'hives that last more than 6 weeks']"
617020,Plecanatide,"['stomach bloating or tenderness', 'gas', 'mild diarrhea', 'nausea', 'dizziness', 'severe diarrhea']"
623019,Trofinetide,"['vomiting', 'decreased appetite', 'fever', 'runny nose or sore throat', 'unusual tiredness or weakness', 'anxiety', 'coughing, choking, shortness of breath, chest pain, or fever after vomiting', 'seizures']"
684032,Pindolol,"['dizziness or lightheadedness', 'excessive tiredness', 'difficulty sleeping, unusual dreams', 'nervousness', 'weakness', 'nausea', 'cold hands or feet', 'muscle or joint pain', 'numbness, burning, or tingling in the hands, arms, feet, or legs', 'difficulty breathing, shortness of breath', 'swelling of the hands, feet, ankles, or lower legs', 'unusual weight gain', 'chest pain', 'fast, slow, pounding, or irregular heartbeat']"
608051,Alvimopan,"['constipation', 'gas', 'heartburn', 'difficulty urinating', 'back pain']"
621018,Tivozanib,"['diarrhea', 'nausea', 'vomiting', 'fatigue', 'loss of appetite', 'weight loss', 'voice hoarseness', 'back pain', 'mouth sores', 'cough', 'shortness of breath', 'unusual bruising or bleeding', 'bloody or black and tarry stools', 'blood in urine', 'vomiting or coughing up blood', 'bleeding from gums', 'seizures, headaches, vision changes, or confusion', 'redness, swelling, and pain on hands and/or feet', 'confusion, headache, dizziness, chest pain, or shortness of breath', 'shortness of breath or swelling of ankles', 'chest pain or pressure; numbness or weakness on one side of body; pain in arms, back, neck or jaw; difficulty talking; shortness of breath; sudden severe headache; vision changes; or swelling in arms or legs', 'severe or persistent stomach pain, nausea, vomiting, fever, or chills', 'ongoing pain, that begins in the upper left or middle of the stomach but may spread to the back']"
682417,Butabarbital,"['drowsiness', 'difficulty falling asleep or staying asleep', 'nightmares', 'headache', 'dizziness', 'depression', 'nervousness', 'agitation', 'excitement', 'confusion', 'restlessness', 'nausea', 'vomiting', 'constipation', 'hallucinating (seeing things or hearing voices that do not exist)', 'slow, shallow breathing', 'slow heartbeat', 'fainting', 'hives', 'rash', 'itching', 'swelling of the face, throat, tongue, lips, eyes, hands, feet, ankles, or lower legs', 'difficulty breathing or swallowing', 'hoarseness']"
693002,Oxaprozin,"['diarrhea', 'constipation', 'vomiting', 'gas or bloating', 'drowsiness', 'difficulty sleeping', 'confusion', 'depression', 'dizziness', 'headache', 'ringing in the ears', 'unexplained weight gain', 'shortness of breath or difficulty breathing', 'swelling in the abdomen, ankles, feet, or legs', 'fever', 'blisters', 'rash', 'itching', 'hives', 'swelling of the eyes, face, lips, tongue, throat, or hands', 'hoarseness', 'difficulty breathing or swallowing', 'yellowing of the skin or eyes', 'lack of energy', 'excessive tiredness', 'upset stomach', 'loss of appetite', 'pain in the upper right part of the stomach', 'flu-like symptoms', 'pale skin', 'fast heartbeat', 'cloudy, discolored, or bloody urine', 'back pain', 'difficult or painful urination']"
615015,Lenvatinib,"['fatigue or tiredness', 'rash, redness, itching, or peeling of skin on palms and sole(s) of the feet', 'diarrhea', 'nausea', 'constipation', 'heartburn', 'decreased appetite', 'weight loss', 'change in ability to taste food', 'cough', 'hoarseness', 'mouth sores', 'dry mouth', 'headache', 'joint and muscle pain', 'difficulty falling asleep or staying asleep', 'hair loss', 'fever', 'burning during urination', 'rash', 'shortness of breath or trouble breathing', 'swelling of legs and ankles', 'chest pain', 'numbness or weakness of the face, arm, or leg on one side of your body', 'pain in arms, back, neck, or jaw', 'sudden, severe headache', 'slow or difficult speech', 'sudden changes in vision', 'yellowing of the skin or eyes', 'stomach pain', 'dark (tea-colored) urine', 'light-colored stools', 'seizures', 'weakness', 'confusion', 'severe and persistent nose bleeds', 'bloody vomit', 'black, tarry, or bloody stools', 'coughing up blood or blood clots', 'heavy menstrual bleeding', 'vomiting, diarrhea, or signs of dehydration', 'wounds that do not heal']"
682464,Methimazole,"['skin rash', 'itching', 'abnormal hair loss', 'upset stomach', 'vomiting', 'loss of taste', 'abnormal sensations (tingling, prickling, burning, tightness, and pulling)', 'swelling', 'joint and muscle pain', 'drowsiness', 'dizziness', 'decreased white blood cells', 'decreased platelets', 'sore throat', 'fever', 'headache', 'chills', 'unusual bleeding or bruising', 'right-sided abdominal pain with decreased appetite', 'yellowing of the skin or eyes', 'skin eruptions']"
603012,Aripiprazole,"['headache', 'nervousness', 'restlessness', 'dizziness, feeling unsteady, or having trouble keeping your balance', 'heartburn', 'constipation', 'diarrhea', 'stomach pain', 'weight gain', 'changes in appetite', 'increased salivation', 'pain, especially in the arms, legs, or joints', 'tiredness', 'rash; hives; itching; swelling of the eyes, face, mouth, lips, tongue, or throat; or difficulty breathing or swallowing', 'difficulty breathing or swallowing', 'seizures', 'uncontrollable moevments of the face, tongue, or other body parts', 'fever; stiff muscles; sweating; confusion; sweating; or fast, pounding, or irregular heartbeat', 'problems with coordination or increased falls', 'tightening of the neck muscles or throat tightness']"
684037,Diflunisal,"['vomiting', 'diarrhea', 'constipation', 'gas', 'headache', 'dizziness', 'ringing in the ears', 'problems with vision', 'upset stomach', 'shortness of breath or difficulty breathing', 'swelling of the abdomen, feet, ankles, or lower legs', 'excessive tiredness', 'unusual bleeding or bruising', 'itching', 'lack of energy', 'loss of appetite', 'pain in the upper right part of the stomach', 'yellowing of the skin or eyes', 'flu-like symptoms', 'rash', 'blisters', 'fever or chills', 'pale skin', 'fast heartbeat', 'easy bruising or bleeding', 'muscle or joint pain', 'unexplained weight gain', 'back pain', 'cloudy, discolored, or bloody urine', 'difficult or painful urination', 'frequent urination, especially at night', 'swelling of the face, throat, tongue, lips, eyes, or hands', 'hoarseness', 'difficulty swallowing']"
602002,Desloratadine,"['headache', 'nausea, diarrhea', 'dizziness', 'sore throat', 'dry mouth', 'muscle pain', 'tiredness, sleepiness', 'rash, itching, hives, difficulty breathing or swallowing,Â\xa0or swelling of the face, throat, tongue, lips, eyes, hands, feet, ankles, or lower legs']"
610007,Topotecan,"['nausea', 'vomiting', 'diarrhea', 'loss of appetite', 'hair loss', 'hives', 'rash', 'itching', 'hoarseness', 'difficulty breathing or swallowing']"
600034,Delavirdine,"['excessive tiredness', 'headache', 'nausea', 'diarrhea', 'rash', 'rash along with other symptoms such as fever, blistering, sores in the mouth, red or swollen eyes, or muscle or joint pain', 'hives', 'itching', 'swelling of the face, throat, tongue, lips, eyes, hands, feet, ankles, or lower legs', 'hoarseness', 'difficulty breathing or swallowing']"
615034,Sonidegib,"['diarrhea', 'abdominal pain', 'loss of appetite', 'weight loss', 'nausea', 'vomiting', 'change in ability to taste food', 'hair loss', 'itching', 'weakness', 'extreme tiredness', 'pain', 'missed menstrual periods', 'muscle spasms', 'unexplained muscle pain, tenderness or weakness', 'dark or cola colored urine', 'decreased urination', 'inability to urinate']"
614060,Olaparib,"['diarrhea', 'constipation', 'heartburn', 'headache', 'decreased appetite', 'muscle, joint, or back pain', 'fatigue', 'dizziness', 'stomach pain or discomfort', 'taste changes', 'mouth pain or sores', 'rash', 'shortness of breath, new or worsening cough, difficulty breathing, wheezing, or fever', 'weakness', 'extreme tiredness', 'weight loss', 'unusual bruising or bleeding', 'pale skin', 'blood in urine or stool', 'fever, chills, cough, sore throat, difficulty urinating, pain when urinating, or other signs of infection', 'pain, tenderness, redness, or swelling in one leg', 'chest pain or tightness, shortness of breath, coughing up blood, fast or pounding heartbeat, rapid breathing']"
624036,Mavorixafor,"['rash', 'itching', 'runny or stuffy nose', 'dizziness', 'vomiting', 'unusual bruising or bleeding', 'nose bleed']"
602016,Modafinil,"['headache', 'dizziness', 'difficulty falling asleep or staying asleep', 'drowsiness', 'nausea', 'diarrhea', 'constipation', 'gas', 'heartburn', 'loss of appetite', 'unusual tastes', 'dry mouth', 'excessive thirst', 'nosebleed', 'flushing', 'sweating', 'tight muscles or difficulty moving', 'back pain', 'confusion', 'uncontrollable shaking of a part of your body', 'burning, tingling, or numbness of the skin', 'difficulty seeing or eye pain', 'rash', 'blisters', 'peeling skin', 'mouth sores', 'hives', 'itching', 'hoarseness', 'difficulty breathing or swallowing', 'swelling of the face, throat, tongue, lips, eyes, hands, feet, ankles, or lower legs', 'chest pain', 'fast, pounding, or irregular heartbeat', 'frenzied, abnormally excited mood', 'hallucinating (seeing things or hearing voices that do not exist)', 'anxiety', 'depression', 'thinking about killing or harming yourself']"
626007,Sevabertinib,"['nausea', 'mouth sores', 'changes in nail color or thickness, swelling around the nails', 'diarrhea', 'yellowing of the skin or whites of the eyes, tiredness, dark urine, lower abdominal pain, clay-colored stools, loss of appetite, bruising easily', 'trouble breathing, shortness of breath, coughing, or fever', 'changes in vision or loss of vision', 'nausea, vomiting, weight loss, stomach pain that may spread around to your back']"
682007,Phenobarbital,"['drowsiness', 'headache', 'dizziness', 'excitement or increased activity (especially in children)', 'nausea', 'vomiting', 'slowed breathing or difficulty breathing', 'swelling of the eyes, lips, or cheeks', 'rash', 'blistering or peeling skin', 'fever', 'confusion']"
682577,Chlorzoxazone,"['upset stomach', 'drowsiness', 'dizziness', 'lightheadedness', 'weakness', 'skin rash or itching', 'yellowing of the skin or eyes', 'stomach pain']"
608039,Pilocarpine,"['sweating', 'nausea', 'runny nose', 'diarrhea', 'chills', 'flushing', 'frequent urination', 'dizziness', 'weakness', 'headache', 'vomiting', 'heartburn', 'stomach pain', 'swelling of the arms, hands, feet, ankles, or lower legs', 'changes in vision', 'fast or slow heartbeat']"
610015,Asenapine,"['dry mouth', 'nausea', 'increased appetite, weight gain', 'increase in amount of saliva in the mouth', 'change in taste', 'loss of feeling in the lips or mouth', 'dizziness, feeling unsteady, or having trouble keeping your balance', 'excessive tiredness', 'restlessness or constant urge to keep moving', 'rash, itching, hives; difficulty breathing or swallowing; hoarseness; wheezing; swelling of the face, throat, tongue, lips, eyes, hands, feet, ankles, or lower legs', 'fever; stiff muscles; sweating; confusion; sweating; or fast, pounding, or irregular\r\nheartbeat', 'spasm or tightening of the neck muscles', 'uncontrollable movements of the arms, legs, face, mouth, tongue, jaw, lips or cheeks', 'falling down', 'seizures', 'sore throat, chills, cough, and other signs of infection', 'red or brown colored urine']"
699015,Sildenafil,"['headache', 'heartburn', 'diarrhea', 'nausea', 'flushing (feeling of warmth)', 'nosebleeds', 'numbness, burning, or tingling in the arms, hands, feet, or legs', 'pain in muscles, back, arms, or legs', 'changes in color vision (seeing a blue tinge on objects or having difficulty telling the difference between blue and green)', 'sensitivity to light', 'nasal congestion', 'sudden severe loss of vision (see below for more information)', 'blurred vision', 'sudden decrease or loss of hearing', 'ringing in ears', 'dizziness or lightheadedness', 'fainting', 'chest pain', 'worsening shortness of breath', 'erection that is painful or lasts longer than 4 hours', 'rash; itching; hives; difficulty breathing or swallowing; swelling of the eyes, face, throat, tongue, or lips']"
621039,Ibrexafungerp,"['diarrhea', 'nausea', 'vomiting', 'stomach pain', 'dizziness', 'headache', 'frequent, urgent, or painful urination', 'unusual tiredness']"
681004,Acetaminophen,"['red, peeling or blistering skin; rash; hives; itching; swelling of the face, throat, tongue, lips, hands, feet, ankles or lower legs; hoarseness; difficulty breathing or swallowing', 'yellowing of the skin or whites of the eyes; upper belly pain; dark urine; pale stools']"
682187,Phentermine,"['dry mouth', 'unpleasant taste', 'diarrhea', 'constipation', 'vomiting', 'increased blood pressure', 'heart palpitations', 'restlessness', 'dizziness', 'tremor', 'insomnia', 'shortness of breath', 'chest pain', 'swelling of the legs and ankles', 'difficulty doing exercise that you have been able to do']"
616030,Midodrine,"['numbness and tingling', 'scalp itching', 'goose bumps', 'chills', 'frequent urination', 'urgent need to urinate', 'difficulty urinating', 'rash', 'stomach pain', 'slow heartbeat', 'dizziness', 'fainting']"
603003,Epirubicin,"['nausea', 'vomiting', 'sores in the mouth and throat', 'stomach pain', 'diarrhea', 'loss of appetite or weight', 'unusual tiredness or weakness', 'hair loss', 'hot flashes', 'red discoloration of urine (for 1 to 2 days after dose)', 'sore or red eyes', 'eye pain', 'darkening of the skin or nails', 'pale skin', 'fainting', 'dizziness', 'rash', 'hives', 'itching', 'difficulty breathing or swallowing']"
625099,Brensocatib,"['cough, runny nose, or sore throat', 'headache', 'hair loss', 'rash;  dry, thickened, or peeling skin; or dry or chapped lips']"
682128,Dapsone,"['upset stomach', 'vomiting', 'sore throat', 'fever', 'rash', 'yellowing of the skin or eyes', 'unusual bruising']"
616037,Cabozantinib,"['constipation', 'nausea', 'vomiting', 'heartburn or indigestion', 'difficulty swallowing', 'change in ability to taste food', 'hemorrhoids', 'redness, swelling, sores, or pain in your mouth or throat', 'dry mouth', 'loss of appetite', 'weight loss', 'anxiety', 'tiredness or weakness', 'pale skin', 'dry skin', 'patchy thickening of the skin', 'pain in joints, arms, or legs', 'voice changes or hoarseness', 'hair loss', 'hair color turning lighter or gray', 'slowed wound healing', 'coughing up blood or blood clots; vomiting material that is bloody or looks like coffee grounds; menstrual bleeding that is heavier than usual; red or black, tarry stools; or unusual or heavy bleeding or bruising', 'diarrhea', 'tender or painful stomach area', 'swelling around eyes, arms, hands, legs, feet, or ankles', 'foamy urine', 'chest pain, pressure, or tightness; shortness of breath or cough; unusual sweating; or swelling or pain in your arms or legs', 'fast, pounding, or irregular heartbeat; trouble breathing; chest pain; sudden severe headache; nose bleed; vision changes; tiredness; confusion; or blood in urine', 'lightheadedness or fainting;  dizziness; loss of balance or coordination;  numbness or weakness of the face, arm, or leg on one side of your body; sudden trouble walking; sudden difficulty thinking,  speaking, or understanding; or sudden vision problems', 'vision changes, confusion, headache, seizures, or difficulty thinking', 'jaw pain, toothache, loosening of the teeth, or swollen or painful gums', 'rash', 'redness, pain, swelling, or blistering on the palms or the soles', 'extreme tiredness, dizziness, fainting, weakness, nausea, or vomiting', 'yellowing of skin or eyes, extreme tiredness, bleeding or bruising easily, nausea or vomiting, right sided-stomach pain, dark colored urine, decreased appetite', 'muscle stiffness or spasms; numbness, burning, or tingling in the hands, arms, feet, legs, or around the mouth; sudden weight gain; seizures; or swelling of your arms, hands, legs, and ankles']"
601240,Hydroxychloroquine,"['headache', 'loss of appetite', 'nausea', 'diarrhea', 'stomach pain', 'vomiting', 'difficulty hearing', 'ringing in ears', 'hair loss', 'hair color changes', 'hives; rash; swelling of the face, eyes, mouth, throat, tongue, lips, hands, feet, ankles, or lower legs; or difficulty breathing or swallowing', 'blisters on the skin, eyes, lips or in the mouth; or itching or burning skin', 'muscle weakness', 'burning, numbness, or tingling in the hands or feet', 'excessive tiredness, loss of appetite, nausea, yellowing of the skin or eyes, dark urine, pain in the upper right part of the stomach', 'unusual bleeding or bruising', 'cough, fever, sore throat, runny nose, or other signs of infection', 'mood or mental changes', 'fast or irregular heartbeat', 'lightheadedness, dizziness, or fainting', 'unusual tiredness or weakness', 'seizures', 'new or worsening depression', 'mood changes', 'thinking about harming or killing yourself', 'not urinating as much or as frequently, swelling in the legs or feet or ankles, shortness of breath, tiredness, fogginess, confusion, nausea, weakness, pain in the belly, itching, loss of appetite']"
605019,Solifenacin,"['dry mouth, skin, or eyes', 'constipation', 'stomach pain', 'upset stomach', 'vomiting', 'heartburn', 'blurred vision', 'constipation that lasts longer than 3 days', 'painful or frequent urination, bloody or cloudy urine, or back pain', 'back pain', 'rash; hives; itching; difficulty breathing or swallowing; hoarseness; or swelling of the face, throat, tongue, lips, eyes, hands, feet, ankles, or lower legs', 'hallucinations (seeing things or hearing voices that do not exist)', 'confusion', 'headache', 'extreme tiredness']"
624044,Benzgalantamine,"['decreased appetite', 'depression', 'dizziness', 'headache', 'nausea', 'vomiting', 'diarrhea', 'weight loss', 'rash, blistering or peeling of the skin, skin pain, swelling of lips, mouth, throat, tongue or face', 'fever, sore throat, cough, joint pain, fatigue', 'feeling weak, confusion, fainting, shortness of breath, chest pain, slowed heart beat', 'bloody or black, tarry stools, vomiting blood or vomit that looks like coffee grounds, severe abdominal pain', 'difficulty urinating or weak urine flow, painful urination, blood in urine', 'seizures', 'difficulty breathing or shortness of breath']"
601015,Aminophylline,"['upset stomach', 'stomach pain', 'diarrhea', 'headache', 'restlessness', 'insomnia', 'irritability', 'vomiting', 'increased or rapid heart rate', 'irregular heartbeat', 'seizures', 'skin rash']"
682246,Hydralazine,"['flushing', 'headache', 'upset stomach', 'vomiting', 'loss of appetite', 'diarrhea', 'constipation', 'eye tearing', 'stuffy nose', 'rash', 'fainting', 'joint or muscle pain', 'fever', 'rapid heartbeat', 'chest pain', 'swollen ankles or feet', 'numbing or tingling in hands or feet']"
697007,Zafirlukast,"['headache', 'nausea', 'loss of appetite', 'pain in the right upper part of your stomach', 'excessive tiredness', 'lack of energy', 'itching', 'yellowing of the skin or eyes', 'flu-like symptoms', 'rash', 'swelling of the eyes, face, lips, tongue, or throat', 'difficulty breathing or swallowing', 'hoarseness', 'pain, burning, numbness, or tingling in the hands or feet']"
616041,Calcifediol,"['joint pain', 'feeling tired, difficulty thinking clearly, loss of appetite, nausea, vomiting, constipation, increased thirst, increased urination, or weight loss', 'shortness of breath', 'pale skin', 'fracture']"
621010,Cabotegravir,"['headache', 'nausea', 'abnormal dreams', 'anxiety', 'difficulty falling asleep or staying asleep', 'rash with or without: fever; extreme tiredness; muscle or joint aches; blisters; mouth sores; swelling of the eyes, lips, tongue, or mouth; or difficulty breathing', 'yellow eyes or skin; right upper abdominal pain; bruising; bleeding; loss of appetite; confusion; yellow or brown-colored urine; or pale stools']"
697010,Trandolapril,"['cough', 'dizziness', 'muscle pain', 'swelling of the face, throat, tongue, lips, eyes, hands, feet, ankles, or lower legs', 'hoarseness', 'difficulty breathing or swallowing', 'yellowing of the skin or eyes', 'fever, sore throat, chills, and other signs of infection', 'lightheadedness', 'fainting']"
692051,Lisinopril,"['cough', 'dizziness', 'headache', 'excessive tiredness', 'nausea', 'diarrhea', 'weakness', 'sneezing', 'runny nose', 'decrease in sexual ability', 'rash', 'swelling of the face, throat, tongue, lips, eyes, hands, feet, ankles, or lower legs', 'hoarseness', 'difficulty breathing or swallowing', 'fever, sore throat, chills, and other signs of infection', 'yellowing of the skin or eyes', 'lightheadedness', 'fainting', 'chest pain']"
621055,Asciminib,"['muscle, bone, or joint pain', 'tiredness', 'headache', 'nausea, diarrhea', 'unexpected bleeding or easy bruising, blood in urine or stools', 'sore throat; cough; fever; chills; difficult, frequent, or painful urination; or other signs of infection', 'ongoing pain that begins in the stomach area, but may spread to the back, nausea or vomiting', 'pale skin, excessive tiredness, or weakness', 'confusion, sudden severe headache, dizziness, chest pain, or shortness of breath', 'rash; redness; difficulty breathing or swallowing; swelling of face, lips or tongue; dizziness or feeling faint; fever; or fast heartbeat', 'shortness of breath; chest pain or pressure; fast or irregular heartbeat; ankle or feet swelling; weight gain; numbness or weakness on one side of the body; decreased vision or loss of vision; trouble talking; or pain in arms, legs, back, neck, or jaw']"
605038,Ramelteon,"['drowsiness or tiredness', 'dizziness', 'swelling of the tongue or throat', 'difficulty swallowing or breathing', 'feeling that the throat is closing', 'nausea', 'vomiting', 'irregular or missed menstrual periods', 'milky discharge from the nipples', 'decreased sexual desire', 'fertility problems']"
603006,Olmesartan,"['swelling of the face, throat, tongue, lips, eyes, hands, feet, ankles, or lower legs', 'severe diarrhea', 'weight loss', 'difficulty breathing or swallowing', 'hoarseness']"
619006,Larotrectinib,"['cough', 'constipation', 'diarrhea', 'nausea', 'vomiting', 'stomach pain', 'headache', 'nasal congestion', 'weight gain', 'muscle weakness', 'rash', 'redness, flaking, scaling, or crusting of the skin', 'dizziness; confusion; problems with concentration, attention, or memory; mood changes; difficulty speaking or understanding speech; or sleep problems', 'hallucinations (seeing things or hearing voices that do not exist)', 'muscle or bone pain, changes in your ability to move around, or bone abnormalities', 'fever, sore throat, chills, difficult or painful urination, or other signs of infection', 'swelling in hands, feet, ankles, or lower legs', 'shortness of breath', 'unusual tiredness or weakness; or pale skin', 'increased thirst; change in the amount or color of urine; dry skin; or fainting', 'loss of appetite, nausea; vomiting, excessive tiredness, yellowing of the skin or eyes, dark or brown urine, unusual bleeding or bruising, or pain in the upper right part of the stomach', 'redness, pain, blisters, bleeding, or swelling on the palms of your hands or soles of your feet']"
606015,Ranolazine,"['nausea', 'constipation', 'headache', 'dizziness', 'fast, pounding, or irregular heartbeat', 'difficulty breathing', 'fainting']"
685001,Amoxicillin,"['nausea', 'vomiting', 'diarrhea', 'temporary discoloration (yellow, brown, or gray color) of your teeth', 'rash', 'skin blisters or peeling', 'itching', 'hives', 'wheezing', 'difficulty swallowing or breathing', 'swelling of the face, throat, tongue, lips, and eyes', 'prolonged vomiting (occurring 1 to 4 hours after taking amoxicillin), diarrhea, extreme tiredness, and paleness that may occur within 24 hours of taking amoxicillin', 'severe diarrhea (watery or bloody stools) that may occur with or without fever and stomach cramps (may occur up to 2 months or more after your treatment)']"
607034,Lubiprostone,"['nausea', 'stomach pain or bloating', 'gas', 'vomiting', 'heartburn', 'headache', 'dizziness', 'swelling of the hands, feet, ankles, or lower legs', 'chest discomfort', 'tiredness', 'severe diarrhea', 'shortness of breath or difficulty taking in a breath', 'chest tightness', 'fainting', 'lightheadedness', 'rash', 'swelling of the face, lips, mouth, tongue or throat', 'throat tightness']"
614007,Ibrutinib,"['diarrhea', 'nausea', 'constipation', 'vomiting', 'stomach pain', 'heartburn or indigestion', 'decreased appetite', 'excessive tiredness or weakness', 'muscle, bone, and joint pain', 'muscle spasms', 'headache', 'rash', 'sores in the mouth and throat', 'difficulty falling asleep or staying asleep', 'cough, runny or stuffed nose', 'blurred vision', 'dry or watery eyes', 'pink eye', 'swelling of the face, throat, tongue, lips, and eyes', 'difficulty swallowing or breathing', 'hives', 'itching', 'unusual bruising or bleeding', 'pink, red, or dark brown urine;', 'bloody or black, tarry stools', 'nose bleeding', 'coughing up or vomiting blood or vomiting brown material that resembles coffee grounds', 'seizures', 'fast or irregular heartbeat', 'shortness of breath', 'swelling of the hands, feet, ankles, or lower legs', 'chest discomfort', 'dizziness, lightheadedness or feeling faint', 'dark colored urine, lack of energy, loss of appetite, pain in the upper right part of the stomach, yellowing of the skin or eyes, or flu-like symptoms', 'pinpoint-sized purple dots under the skin, fever, tiredness, dizziness, shortness of breath, bruising, confusion, sleepiness, seizures, decreased urination, blood in the urine, or swelling in legs', 'headache (that lasts a long time)', 'fever, chills, cough, red, warm skin, or other signs of infection', 'confusion', 'changes in your speech', 'decreased urination', 'painful, frequent, or urgent urination']"
619040,Solriamfetol,"['headache', 'dizziness', 'difficulty falling asleep or staying asleep', 'nausea', 'diarrhea', 'constipation', 'loss of appetite', 'stomach pain', 'sweating', 'chest pain', 'fast, pounding, or irregular heartbeat', 'shortness of breath', 'slow or difficult speech', 'weakness or numbness of an arm or leg', 'changes in vision or blurred vision', 'increased tiredness', 'swelling of the hands, feet, ankles, or lower legs', 'frenzied, abnormally excited mood', 'anxiety', 'irritability', 'agitation', 'aggressive behavior', 'hallucinating (seeing things or hearing voices that do not exist)', 'rash or hives']"
625089,Taletrectinib,"['diarrhea', 'nausea and/or vomiting', 'dizziness', 'rash', 'constipation', 'tiredness', 'yellowing of the skin or white parts of the eyes, dark urine, light colored stools, loss of appetite, nausea or vomiting, stomach pain, feeling tired', 'difficulty breathing or shortness of breath, cough, fever', 'feeling faint or lightheaded, feel like heart is racing, dizziness', 'swollen, red or tender joints; stomach pain, nausea or vomiting, pink or brown urine', 'muscle pain, tenderness, or weakness', 'bone pain, changes in movement, or abnormal structure']"
619005,Lorlatinib,"['weight gain', 'muscle, joint, or back pain', 'diarrhea', 'constipation', 'nausea', 'vomiting', 'tiredness', 'headache', 'vision changes', 'rash or itching', 'swelling in your arms, legs, hands and feet', 'difficulty breathing', 'shortness of breath, cough, or fever', 'numbness and tingling feeling in your joints or arms and legs', 'difficulty thinking or confusion', 'seizures', 'seeing things or hearing voices that do not exist', 'changes in mood, feeling sad or anxious', 'problems with speech', 'difficulty falling asleep or staying asleep', 'unusual dreams or nightmares', 'headache, dizziness, blurred vision, feeling faint, chest pain, or shortness of breath', 'feeling more hungry or thirsty than usual, increased urination, extreme tiredness, weakness, confusion, or breath that smells fruity']"
697015,Valsartan,"['headache', 'excessive tiredness', 'nausea', 'diarrhea', 'stomach pain', 'back pain', 'joint pain', 'blurry vision', 'cough', 'rash', 'swelling of the face, throat, tongue, lips, eyes, hands, feet, ankles, or lower legs', 'hoarseness', 'difficulty breathing or swallowing', 'unexplained weight gain']"
682295,Griseofulvin,"['headache', 'upset stomach', 'vomiting', 'diarrhea or loose stools', 'thirst', 'fatigue', 'dizziness', 'faintness', 'fever', 'sore throat', 'skin rash', 'mouth soreness or irritation']"
697047,Bicalutamide,"['hot flashes or flushing', 'bone, back, or pelvic pain', 'muscle weakness', 'muscle or joint pain', 'headache', 'shortness of breath', 'increased blood pressure', 'swelling of the hands, feet, ankles, or lower legs', 'cough', 'constipation', 'nausea', 'vomiting', 'abdominal pain', 'diarrhea', 'gas', 'change in weight (loss or gain)', 'loss of appetite', 'dizziness', 'pain, burning, or tingling in the hands or feet', 'difficulty sleeping', 'feeling of uneasiness or dread', 'rash', 'sweating', 'inability to get or keep an erection', 'need to urinate frequently during the night', 'bloody urine', 'painful or difficult urination', 'frequent and urgent need to urinate', 'difficulty emptying bladder', 'painful or swollen breasts', 'yellowing of the skin or eyes', 'pain in the upper right part of the stomach', 'extreme tiredness', 'unusual bleeding or bruising', 'lack of energy', 'upset stomach', 'loss of appetite', 'flu-like symptoms', 'dull or sharp side pain', 'chest pain']"
616007,Alectinib,"['constipation', 'diarrhea', 'swelling in your hands, face, or eyelids', 'headache', 'weight gain', 'rash', 'new or worsening shortness of breath, difficulty breathing, or cough', 'fever', 'sudden chest pain', 'dizziness, lightheadedness, or fainting', 'vision changes', 'sudden muscle pain, tenderness, or weakness', 'back pain', 'tiredness', 'rash', 'itchy skin', 'loss of appetite', 'nausea', 'vomiting', 'yellowing of skin or the whites of your eyes', 'pain on the right side of your stomach area', 'change in the amount or color of your urine', 'new or worsening swelling in your legs or feet', 'bleeding or bruising more easily than normal']"
682729,Cefaclor,"['diarrhea', 'nausea', 'vomiting', 'stomach pain', 'headache', 'genital itching', 'rash', 'itching, prickling, burning, or stinging feeling on the skin', 'hives', 'difficulty breathing or swallowing', 'wheezing', 'swelling of the face, throat, tongue, lips, eyes, arms or legs', 'lack of energy, or feeling faint', 'joint pain', 'watery or bloody stools, stomach cramps, or fever during treatment or for up to two or more months after stopping treatment', 'a return of fever, sore throat, chills, or other signs of infection']"
607047,Lisdexamfetamine,"['sleepiness', 'dizziness', 'headache', 'dry mouth', 'constipation', 'diarrhea', 'nausea', 'weight loss', 'slow or difficult speech', 'weakness or numbness of an arm or leg', 'seizures', 'hallucinating (seeing things or hearing voices that do not exist)', 'believing things that are not true', 'feeling unusually suspicious of others', 'mood swings', 'motor or verbal tics', 'hives', 'rash', 'swelling of the eyes, face, tongue, lips, or mouth', 'blurred vision or other vision problems', 'paleness or blue color of fingers or toes', 'numbness, pain, or sensitivity to temperature in the fingers or toes', 'unexplained wounds appearing on fingers or toes']"
619031,Erdafitinib,"['nausea', 'diarrhea', 'vomiting', 'constipation', 'sores on lips, mouth, or throat', 'dry mouth', 'changes in taste', 'abdominal pain', 'decreased appetite', 'weight loss', 'unusual hair thinning or hair loss', 'fever', 'muscle or joint pain', 'burning during urination', 'fatigue or tiredness', 'shortness of breath', 'blurred vision, loss of vision, or other visual changes', 'nail problems or changes', 'itchy, dry, painful, or cracked skin', 'rash', 'swelling, pain, redness, or peeling of skin on the palms and soles of the feet', 'muscle cramps, numbness, or tingling around the mouth']"
606011,Felbamate,"['heartburn', 'vomiting', 'constipation', 'diarrhea', 'weight loss', 'difficulty falling asleep or staying asleep', 'nervousness', 'drowsiness', 'swelling of the face', 'runny nose', 'differences in menstrual bleeding', 'hives', 'rash', 'itching', 'difficulty breathing or swallowing', 'rapid or pounding heartbeat']"
682279,Clonazepam,"['drowsiness', 'dizziness', 'unsteadiness', 'problems with coordination', 'difficulty thinking or remembering', 'rash, hives; swelling of the eyes, face, lips, tongue, or throat; hoarseness; difficulty breathing or swallowing']"
600002,Moxifloxacin,"['nausea', 'vomiting', 'stomach pain', 'diarrhea', 'constipation', 'heartburn', 'severe diarrhea (watery or bloody stools) that may occur with or without fever and stomach cramps (may occur up to 2 months or more after your treatment)', 'rash', 'hives', 'itching', 'peeling or blistering of the skin', 'fever', 'swelling of the eyes, face, mouth, lips, tongue, throat, hands, feet, ankles, or lower legs', 'hoarseness or throat tightness', 'difficulty breathing or swallowing', 'yellowing of the skin or eyes; pale skin; dark urine; or light colored stool', 'extreme thirst or hunger; pale skin; feeling shaky or trembling; fast or fluttering heartbeat; sweating; frequent urination; trembling; blurred vision; or unusual anxiety', 'fainting or loss of consciousness', 'decreased urination', 'unusual bruising or bleeding', 'sudden pain in the chest, stomach, or back']"
605022,Voriconazole,"['abnormal vision', 'difficulty seeing colors', 'diarrhea', 'nausea', 'vomiting', 'headache', 'dizziness', 'dry mouth', 'flushing', 'fever', 'chills or shaking', 'fast heartbeat', 'fast breathing', 'confusion', 'upset stomach', 'extreme tiredness', 'unusual bruising or bleeding', 'loss of appetite', 'itching, dark urine, loss of appetite, fatigue, yellowing of the skin or eyes, pain in the upper right part of the stomach, nausea, vomiting, or flu-like symptoms', 'tiredness; lack of energy; weakness; nausea; vomiting; dizziness; weight loss, or abdominal pain', 'weight gain; fatty hump between the shoulders; rounded face (moon face); darkening of skin on stomach, thighs, breasts, and arms; thinning skin; bruising; excessive hair growth; or sweating', 'hallucinations (seeing things or hearing voices that do not exist)', 'chest pain or tightness', 'rash', 'sweating', 'hives or skin peeling', 'difficulty breathing or swallowing', 'swelling of the hands, feet, ankles, or lower legs']"
618041,Binimetinib,"['fatigue', 'nausea', 'diarrhea', 'vomiting', 'abdominal pain', 'constipation', 'dizziness', 'vision changes or eye pain, swelling, or redness', 'fever, sore throat, chills, cough, or other signs of infection', 'yellow eyes or skin, dark urine, loss of appetite, fatigue, or pain or discomfort in right upper stomach area', 'unusual weakness, muscle pain, or dark red or brown urine', 'unusual bleeding or bruising; black, tarry, or bloody stools; or coughing up blood', 'shortness of breath or cough', 'sudden onset of difficulty breathing; chest pain; swelling of the feet, ankles, or lower legs; or leg pain, warmth, or swelling', 'fast, pounding heartbeat; shortness of breath; swelling of ankles and feet; or dizziness']"
601206,Cefuroxime,"['nausea', 'vomiting', 'diarrhea', 'rash', 'itching', 'hives', 'difficulty breathing or swallowing', 'wheezing', 'swelling of the face, throat, tongue, lips, or eyes', 'watery or bloody stools, stomach cramps, or fever during treatment or for up to two or more months after stopping treatment', 'a return of fever, sore throat, chills, or other signs of infection']"
626005,Ziftomenib,"['diarrhea', 'nausea', 'vomiting', 'unusual tiredness or weakness', 'swelling of arms, hands, feet, ankles, or lower legs', 'muscle, joint, or bone pain', 'itching', 'unusual bruising and bleeding', 'fever; chills; sore throat; cough; warm, red, or painful skin or sores on your body; frequent, urgent, or painful urination; or other signs of infection', 'dizziness, fainting, shortness of breath, or fast or irregular heartbeat']"
682401,Isoniazid,"['upset stomach', 'rash; hives; itching; peeling or blistering skin; fever; swollen glands; or\r\nswelling of the eyes, face, lips, tongue, mouth, or throat', 'problems with walking and coordination, slurred speech, uncontrollable eye movements, tremors, or seizures', 'eye pain, blurred vision, or other changes in vision', 'numbness or tingling in the hands and feet', 'ongoing pain that begins in the stomach but may spread to the back']"
601117,Tacrolimus,"['headache', 'diarrhea', 'constipation', 'nausea', 'vomiting', 'heartburn', 'stomach pain', 'difficulty falling asleep or staying asleep', 'dizziness', 'weakness', 'back or joint pain', 'burning, numbness, pain, or tingling in the hands or feet', 'decreased urination', 'pain or burning on urination', 'shortness of breath, hives, rash, or itching', 'pale skin, shortness of breath, or fast heartbeat', 'tiredness; weight gain; swelling of the arms, hands, feet, ankles, or lower legs; or shortness of breath', 'unusual bleeding or bruising', 'seizures, vision changes, headache, confusion, or uncontrollable shaking of a part of the body', 'coma (loss of consciousness for a period of time)', 'pinpoint-sized purple dots under the skin, bruising, fever, tiredness, sleepiness, confusion, yellowing of skin or eyes, or decreased urination']"
682730,Cefadroxil,"['diarrhea', 'vomiting', 'genital itching', 'watery or bloody stools, stomach cramps, or fever during treatment or for up to two or more months after stopping treatment', 'rash', 'itching', 'hives', 'difficulty breathing or swallowing', 'wheezing', 'swelling of the face, throat, tongue, lips, and eyes', 'a return of sore throat, chills or other signs of infection', 'yellowing of your skin or eyes', 'pain in the upper right part of your stomach', 'dark urine', 'clay colored or white stools']"
623063,Repotrectinib,"['change in how things taste or loss of taste', 'headache', 'nausea', 'constipation', 'diarrhea', 'tiredness, weakness, or fatigue', 'swelling of the face, eyes, arms, legs, hands, or feet', 'weight gain', 'burning, tingling, or numbness of the hands and feet', 'yellowing of the skin or eyes, nausea, vomiting, loss of appetite, pain in upper right side of your stomach, dark urine, or light-colored stools', 'new or worsening cough, wheezing, shortness of breath, or trouble breathing', 'muscle pain, tenderness, or weakness', 'difficulty with learning, memory, attention, understanding, or problem solving; mood changes such as anxiety, depression, confusion, or agitation; dizziness, feeling unsteady, or having trouble keeping your balance; sleep problems, including excessive sleepiness or difficulty falling or staying asleep; or hallucinations (seeing things or hearing voices that do not exist)', 'double vision, blurred vision, eye sensitivity to light, loss of vision, or other changes in vision', 'pain, redness, or swelling in the joints, especially in the big toe; pain in the lower back or lower stomach; decreased urination; or pink, brown, red, cloudy, or bad smelling urine', '', 'bone pain, difficulty moving, or bone abnormalities']"
620039,Lemborexant,"['drowsiness', 'tiredness', 'headache', 'vivid, unusual dreams or nightmares', 'temporary inability to move or talk while you are going to sleep or waking up (sleep paralysis)', 'sudden and temporary weakness of legs', 'new or worsening depression or anxiety', 'thoughts of suicide, dying, or hurting yourself, or planning or trying to do so', 'sudden onset of muscle weakness', 'pounding heartbeat']"
604007,Tegaserod,"['headache', 'diarrhea', 'nausea', 'gas', 'heartburn', 'dizziness', 'rash, hives, itching, swelling of the face, throat, tongue, lips, or eyes, difficulty breathing and swallowing, or hoarseness', 'chest pain that may spread to the arms, neck, jaw, back, or stomach area; sweating; shortness of breath; or feeling sick or vomiting;', 'sudden numbness or weakness, especially on one side of the body; severe headache or confusion; or problems with vision, speech, or balance', 'bleeding from the rectum', 'new or worsening stomach pain', 'diarrhea that is bloody or that causes you to feel lightheaded or faint']"
601012,Alitretinoin,"['warmth or slight stinging of the skin', 'lightening or darkening of the skin', 'red, scaling skin', 'rash', 'swelling, blistering, or crusting of the skin', 'pain at the application site', 'itching']"
620045,Fenfluramine,"['diarrhea', 'constipation', 'vomiting', 'unsteadiness or problems with walking', 'drooling or excessive saliva', 'difficulty falling asleep or staying asleep', 'falls', 'fever, cough, or other signs of infection', 'agitation, hallucinations, fever, sweating, confusion, fast heartbeat, chills, muscle stiffness or twitching, loss of coordination, nausea, vomiting, or diarrhea', 'blurred vision or vision changes, including seeing halos (blurred outline around objects) or colored dots']"
620013,Avapritinib,"['stomach pain', 'vomiting', 'nausea', 'diarrhea', 'constipation', 'heartburn', 'headache', 'tiredness or weakness', 'difficulty falling asleep or staying asleep', 'hair loss', 'hair color changes', 'weight loss', 'teary eyes', 'taste changes', 'rash', 'joint pain', 'decreased appetite', 'flushing', 'swelling of face, eyes, mouth, or throat', 'swelling of hands, ankles, or feet', 'vomiting blood or material that looks like coffee grounds or red or tarry black stools', 'nosebleeds or other unusual bleeding or bruising', 'severe headache, vomiting, confusion, vision problems, drowsiness, extreme tiredness, or weakness on one side of your body', 'forgetfulness, confusion, drowsiness or difficulty staying awake, dizziness, trouble thinking, difficulty speaking, hallucinations, or changes in mood or behavior', 'shortness of breath', 'fever or other signs of infection']"
682125,Bleomycin,"['redness, blistering, tenderness, or thickening of the skin', 'darkened skin color', 'rash', 'hair loss', 'sores on the mouth or tongue', 'vomiting', 'loss of appetite', 'weight loss', 'sudden numbness or weakness of face, arm, or leg on one side of the body', 'sudden confusion or trouble speaking or understanding', 'sudden dizziness. loss of balance or coordination', 'sudden severe headache', 'chest pain', 'decreased urination']"
605028,Entecavir,['headache']
621038,Finerenone,"['feeling faint or dizziness', 'muscle cramps or fatigue']"
618038,Eliglustat,"['fatigue', 'weakness', 'joint pain', 'headache', 'migraine', 'nausea', 'heartburn', 'gas', 'mouth and throat pain', 'diarrhea', 'back pain', 'pain in legs or arms', 'stomach pain', 'cough', 'rash', 'heart palpitations, dizziness, or fainting']"
682206,Hydrocortisone,"['nausea', 'headache', 'insomnia', 'acne', 'irregular or absent menstrual periods', 'rash; hives; itching; swelling of the eyes, face, lips, mouth, throat, or tongue; or difficulty breathing or swallowing', 'vomiting', 'diarrhea', 'sudden weight gain; muscle weakness; unusual bruising; swollen face, lower legs, or ankles; depression; or sudden, unusual mood changes', 'hallucinations (seeing things or hearing voices that do not exist), confusion, mania (frenzied or abnormally excited mood), or depression', 'eye pain, redness, or tearing; blurred vision; or other vision problems', 'sore throat, fever, chills, cough, stomach pain, difficult or painful urination, or other signs of infection', 'seizures']"
601251,Zaleplon,"['drowsiness', 'dizziness', 'lightheadedness', 'lack of coordination', 'numbness, burning, or tingling in the hands or feet', 'headache', 'loss of appetite', 'vision problems', 'eye pain', 'sensitivity to noise', 'distorted sense of smell', 'painful menstrual periods', 'rash', 'itching', 'hives', 'swelling of the face, throat, tongue, lips, or eyes', 'hoarseness', 'difficulty breathing or swallowing']"
601001,Dolasetron,"['headache', 'tiredness', 'heartburn', 'chills', 'less frequent urination', 'dizziness', 'rapid, pounding, or irregular heart beat', 'hives', 'rash', 'itching', 'difficulty swallowing or breathing', 'dizziness, light-headedness, or fainting', 'fast, slow or irregular heartbeat', 'agitation', 'hallucinations (seeing things or hearing voices that do not exist)', 'fever', 'excessive sweating', 'confusion', 'nausea, vomiting, or diarrhea', 'loss of coordination', 'stiff or twitching muscles', 'seizures', 'coma (loss of consciousness)']"
692027,Ramipril,"['headache', 'dizziness', 'cough', 'upset stomach', 'vomiting', 'excessive tiredness', 'weakness', 'swelling of the face, throat, tongue, lips, eyes, hands, feet, ankles, or lower legs', 'rash, itching, hives, hoarseness, or difficulty breathing or swallowing', 'yellowing of the skin or eyes', 'fever, sore throat, chills, and other signs of infection', 'lightheadedness or fainting']"
615044,Daclatasvir,"['headache', 'diarrhea', 'near fainting or fainting', 'dizziness or lightheadedness', 'weakness or not feeling well', 'shortness of breath', 'chest pain', 'memory problems', 'confusion']"
620038,Capmatinib,"['vomiting', 'nausea', 'diarrhea', 'constipation', 'muscle, bone, or back pain', 'loss of appetite', 'tiredness and weakness', 'dizziness', 'swelling in hands, feet, ankles, or lower legs', 'rash', 'shortness of breath or trouble breathing, cough, fever, or other signs of infection', 'chest pain', 'pain in right upper part of the stomach; swelling in your stomach area; unusual bruising or bleeding; dark urine; yellowing of the skin and eyes; nausea, vomiting; light colored stools; loss of appetite', 'ongoing pain that begins in the stomach area, but may spread to the back; nausea; vomiting; weight loss']"
615020,Panobinostat,"['weight loss', 'headache', 'black, tarry, or bloody stools', 'bloody vomit or vomited material that looks like coffee grounds', 'unusual bruising or bleeding', 'pink or brown urine', 'blood in phlegm', 'confusion', 'changes in your speech', 'fever, cough, chills, sweating or other signs of infection', 'pale skin', 'nausea, vomiting, loss of appetite, dark urine, stomach pain, extreme tiredness, lack of energy, or yellowing of skin or white of eyes']"
605017,Palifermin,"['thick tongue', 'change in color of tongue', 'change in ability to taste food', 'increased or decreased feelings when touched, especially in and around the mouth', 'burning or tingling, especially in and around the mouth', 'joint pain', 'fever', 'rash', 'hives', 'red or itching skin', 'difficulty breathing or swallowing', 'swelling of the hands, feet, ankles, or lower legs']"
681029,Naproxen,"['constipation', 'gas', 'excessive thirst', 'headache', 'dizziness', 'lightheadedness', 'drowsiness', 'difficulty falling asleep or staying asleep', 'burning or tingling in the arms or legs', 'cold symptoms', 'ringing in the ears', 'hearing problems', 'changes in vision', 'feeling that the tablet is stuck in your throat', 'unexplained weight gain', 'shortness of breath or difficulty breathing', 'swelling in the abdomen, ankles, feet, or legs', 'sore throat, fever, chills, and other signs of infection', 'blisters', 'rash', 'skin reddening', 'itching', 'hives', 'swelling of the eyes, face, lips, tongue, throat, arms, or hands', 'difficulty breathing or swallowing', 'hoarseness', 'excessive tiredness', 'pain in the upper right part of the stomach', 'nausea', 'diarrhea', 'yellowing of the skin or eyes', 'flu-like symptoms', 'bruises or purple blotches under the skin', 'fast heartbeat', 'cloudy, discolored, or bloody urine', 'back pain', 'difficult or painful urination', 'decreased urination', 'loss of appetite', 'confusion']"
698009,Irbesartan,"['diarrhea', 'heartburn', 'excessive tiredness', 'swelling of the face, throat, tongue, lips, eyes, hands, feet, ankles, or lower legs', 'hoarseness', 'difficulty breathing or swallowing']"
609001,Rufinamide,"['sleepiness', 'headache', 'loss of coordination', 'difficulty walking', 'excessive movement or activity', 'uncontrollable shaking of a part of the body', 'uncontrollable movements of the eyes', 'difficulty paying attention', 'dizziness', 'loss of appetite', 'nausea', 'vomiting', 'back pain', 'stomach pain', 'fever', 'rash', 'hives', 'itching', 'swelling of the face', 'decreased ability to respond to others', 'seizures', 'blurred or double vision', 'yellowing of the skin or eyes', 'dark-colored urine', 'light-colored stool']"
682415,Mitomycin,"['nausea', 'vomiting', 'loss of appetite or weight', 'sores in the mouth and throat', 'headache', 'fainting', 'blurred vision', 'hair loss', 'loss of strength and energy', 'rash', 'pain, itching, redness, swelling, blisters, or sores on the skin especially near the injection site', 'shortness of breath', 'difficulty breathing', 'fast, irregular, or pounding heartbeat']"
623034,Quizartinib,"['diarrhea', 'nausea or vomiting, abdominal pain, or upset stomach', 'sores or ulcers inside or around the mouth', 'headache', 'decreased appetite', 'nose bleeds', 'difficulty sleeping', 'irritated or itchy eyes', 'cough, fever, fast or difficulty breathing', 'confusion or disorientation', 'fatigue']"
682144,Terbutaline,"['uncontrollable shaking of a part of the body', 'nervousness', 'dizziness', 'drowsiness', 'difficulty falling asleep or staying asleep', 'weakness', 'headache', 'nausea', 'sweating', 'dry mouth', 'increased difficulty breathing', 'tightening of the throat', 'fast, pounding, or irregular heartbeat', 'chest pain', 'seizures']"
608012,Betaine,"['nausea', 'confusion', 'drowsiness', 'behavior changes', 'headache', 'vomiting', 'seizures', 'loss of consciousness']"
682389,Imipramine,"['nausea', 'drowsiness', 'weakness or tiredness', 'excitement or anxiety', 'nightmares', 'dry mouth', 'skin more sensitive to sunlight than usual', 'changes in appetite or weight', 'constipation', 'difficulty urinating', 'frequent urination', 'changes in sex drive or ability', 'excessive sweating', 'jaw, neck, and back muscle spasms', 'slow or difficult speech', 'shuffling walk', 'uncontrollable shaking of a part of the body', 'fever, sore throat, or other signs of infection', 'difficulty breathing or swallowing', 'severe rash', 'yellowing of the skin or eyes', 'irregular heartbeat']"
619059,Lefamulin,"['diarrhea', 'nausea', 'vomiting', 'severe diarrhea (watery or bloody stools) that may occur with or without fever and stomach cramps (may occur up to 2 months or more after your treatment)']"
603014,Dexmethylphenidate,"['nausea', 'heartburn', 'weight loss', 'dry mouth', 'dizziness', 'drowsiness', 'nervousness or jitteriness', 'headache', 'excessive tiredness', 'slow or difficult speech', 'dizziness', 'weakness or numbness of an arm or leg', 'changes in vision or blurred vision', 'seizures', 'believing things that are not true', 'feeling unusually suspicious of others', 'hallucinations (seeing things or hearing voices that do not exist)', 'mood changes', 'depression', 'motor or verbal tics', 'swelling of the face, throat, tongue, lips, or eyes', 'rash', 'hives', 'itching', 'purple blotches under the skin', 'fever', 'blistering or peeling skin', 'joint pain', 'frequent, painful erections', 'erection that lasts longer than 4 hours', 'numbness, pain, or sensitivity to temperature in the fingers or toes', 'skin color change from pale to blue to red in the fingers or toes', 'unexplained wounds on the fingers or toes']"
693046,Terazosin,"['weakness, tiredness', 'stuffy or runny nose', 'decreased sexual ability', 'blurred vision', 'swelling of the hands, feet, ankles, or lower legs', 'hives, rash, itching, shortness of breath or difficulty breathing', 'rapid, pounding, or irregular heartbeat', 'painful erection of the penis that lasts for hours']"
619057,Semaglutide,"['nausea, vomiting, diarrhea', 'abdominal pain, constipation', 'heartburn, burping', 'ongoing pain that begins in the upper left or middle of the stomach but may spread to the back, with or without vomiting', 'rash; itching; swelling of the eyes, face, mouth, tongue, or throat; difficulty breathing or swallowing', 'decreased urination; swelling of legs, ankles, or feet', 'vision changes', 'severe stomach or intestinal problems']"
622058,Ganaxolone,"['sleepiness', 'tiredness', 'drooling', 'difficulty walking', 'fever, sore throat, cough, or other flu-like symptoms', 'runny nose, sneezing, or nasal congestion']"
625039,Suzetrigine,"['itching', 'rash', 'muscle spasms', 'nausea', 'vomiting']"
608048,Praziquantel,"['not feeling well', 'headache', 'dizziness', 'stomach pain', 'nausea', 'fever', 'itching', 'hives']"
603004,Eplerenone,"['headache', 'dizziness', 'diarrhea', 'stomach pain', 'cough', 'excessive tiredness', 'flu-like symptoms', 'breast enlargement or tenderness', 'abnormal vaginal bleeding', 'chest pain', 'tingling in arms and legs,loss of muscle tone, weakness or heaviness in legs, confusion, lack of energy, irregular  heartbeats']"
610003,Saxagliptin,"['sore throat', 'headache', 'joint pain', 'itching, rash, hives, or peeling skin', 'swelling of the face, lips, tongue or throat; difficulty breathing or swallowing; hoarseness', 'ongoing pain, that begins in the upper left or middle of the stomach but may spread to the back; vomiting, or loss of appetite', 'excessive tiredness; shortness of breath, especially when lying down; swelling of the feet, ankles, or legs; sudden weight gain', 'shaking, hunger, sweating, headache, rapid heartbeat, mood changes, and changes in vision']"
611050,Ticagrelor,"['dizziness', 'nausea, diarrhea', 'shortness of breath that occurs while you are at rest, after a small amount of exercise, or after any physical activity', 'chest pain', 'fast, slow, pounding, or irregular heartbeat', 'slowed or irregular breathing', 'swelling of the face, throat, tongue, lips, and eyes']"
616011,Rifapentine,"['temporary discoloration (yellow, reddish-orange, or brown color) of your skin, teeth, saliva, urine, stool, sweat, and tears', 'dizziness', 'fainting', 'increased sweating', 'diarrhea (up to 2 months after your treatment)', 'rash', 'itching', 'hives', 'cough with wheezing', 'difficulty breathing', 'red, itchy, or irritated eyes', 'fever', 'blisters', 'changes in thinking and behavior', 'swelling of the eyes, face, lips, tongue, throat, arms, hands, feet, ankles, or lower legs', 'fast or irregular heartbeat', 'nausea', 'vomiting', 'chest pain', 'flu-like symptoms such as fever, chills, muscle aches, muscle pain, tiredness, and headache', 'stomach pain', 'loss of appetite', 'dark urine', 'joint pain or swelling', 'yellowing of the skin or eyes']"
624033,Vadadustat,"['diarrhea (loose stool)', 'headache', 'tiredness', 'rash, difficulty breathing or wheezing', 'stomach pain, yellowing of skin or whites of eyes, dark urine', 'changes in behavior or personality changes, seizures or convulsions or increased frequency of seizures', 'stomach pain, bloating, loss of appetite, bright red blood in stool or dark, tarry stools, difficulty or painful swallowing, chest pain, heartburn']"
695004,Fluvoxamine,"['nausea, vomiting, diarrhea', 'indigestion', 'change in taste', 'decreased appetite', 'sweating', 'difficulty falling asleep or staying asleep', 'anxiety, nervousness', 'sexual problems in males; decreased sex drive, inability to get or keep an erection, or delayed or absent ejaculation', 'sexual problems in females; decreased sex drive, or delayed orgasm or inability to have an orgasm', 'fever, sweating, confusion, fast or irregular heartbeat, and severe muscle stiffness or twitching, agitation, hallucinations, loss of coordination, nausea, vomiting, or diarrhea', 'headache; unsteadiness; difficulty concentrating, memory problems, or confusion', 'rash; hives; swelling of the eyes, face, lips, tongue, or throat; difficult breathing or swallowing', 'seizures', 'coma (loss of consciousness)', 'unusual bleeding or bruising']"
611006,Fingolimod,"['weakness', 'back pain', 'pain in the arms or leg', 'diarrhea', 'stomach pain', 'nausea', 'headache or migraine', 'hair loss', 'slow heartbeat', 'rash, hives, itching; swelling of the face, eye, mouth, throat, tongue or lips; or difficulty swallowing or breathing', 'sore throat, body aches, fever, chills, cough, and other signs of infection during treatment and for 2 months after your treatment', 'headache, neck stiffness, fever, sensitivity to light, nausea, or confusion during treatment and for 2 months after your treatment', 'sudden severe headache, confusion, changes in vision, or seizures', 'blurriness, shadows, or a blind spot in the center of your vision; sensitivity to light; unusual color to your vision or other vision problems', 'weakness on one side of the body or clumsiness of the arms or legs that worsens over time; changes in your thinking, memory, or balance; confusion or personality changes; or loss of strength', 'new or worsening shortness of breath', 'nausea, vomiting, loss of appetite, abdominal pain, yellowing of skin or eyes, or dark urine']"
698023,Ceftibuten,"['diarrhea', 'stomach pain', 'nausea', 'vomiting', 'heartburn', 'headache', 'dizziness', 'watery or bloody stools, stomach cramps, or fever during treatment or for up to two or more months after stopping treatment', 'rash', 'itching', 'hives', 'difficulty breathing or swallowing', 'wheezing', 'a return of fever, sore throat, chills, or other signs of infection']"
619049,Entrectinib,"['tiredness', 'constipation', 'diarrhea', 'nausea', 'vomiting', 'abdominal (stomach area) pain', 'taste changes', 'numbness, pain, burning, or tingling in the arms, hands, feet, or legs', 'headache', 'joint pain', 'muscle pain or weakness', 'leg, arm, or back pain', 'increased weight', 'rash', 'difficulty falling or staying asleep', 'difficulty with learning, memory, attention, or problem solving', 'mood changes such as anxiety, depression, confusion, or agitation', 'feeling unsteady or having trouble keeping your balance, sleepiness, or dizziness', 'hallucinations (seeing things or hearing voices that do not exist)', 'trouble speaking or understanding', 'bone pain, difficulty moving, or bone abnormalities', 'double vision, blurred vision, eye sensitivity to light, loss of vision, or other changes in vision', 'red, swollen, stiff, or painful joints', 'pain in upper right part of the stomach, yellowing of skin or eyes, nausea or vomiting, loss of appetite, or bleeding or bruising easily', 'shortness of breath; sudden weight gain; persistent coughing or wheezing; tiredness, weakness, or fatigue; difficulty breathing when lying down; or swelling of the arms, legs, hands, or feet', 'feeling faint, lightheaded, or dizzy', 'fast or irregular heartbeat', 'cough, fever, chills, or other signs of infection', 'difficult, painful, or bloody urination', 'intense low back or side pain']"
699052,Balsalazide,"['headache', 'abdominal pain', 'upset stomach', 'diarrhea', 'vomiting', 'joint or muscle pain', 'difficulty falling or staying asleep', 'tiredness', 'gas', 'runny nose, cough, fever, sore throat, or flu-like symptoms', 'loss of appetite', 'constipation', 'dry mouth', 'mouth sores', 'painful menstrual periods', 'rash, hives, itching or peeling or blistering skin', 'swelling of the eyes, face, lips, tongue, mouth, or throat', 'difficulty breathing or swallowing', 'new or worsening cough', 'shortness of breath', 'chest pain', 'extreme tiredness', 'yellowing of the skin or eyes', 'pain in the right upper part of the stomach', 'pale stools', 'difficult or painful urination or cloudy, discolored or bloody urine', 'side or back pain', 'bloating or swelling of the stomach', 'increased diarrhea', 'increased rectal bleeding']"
616029,Cobicistat,"['nausea', 'yellowing of the skin or eyes', 'rash', 'decreased urination']"
609027,Prasugrel,"['dizziness', 'excessive tiredness', 'pain in the back, arms, or legs', 'cough', 'swelling of the arms, hands, feet, ankles, or lower legs', 'fever; weakness; paleness; purple patches on the skin; yellowing of the skin or eyes; shortness of breath; slow, fast, or irregular heartbeat', 'sudden headache, confusion, seizures, slow or difficult speech, or sudden weakness or numbness of an arm or leg', 'stomach pain, nausea, vomiting, or diarrhea', 'decreased urination or red or pink urine', 'rash; swelling of the eyes, face, mouth, lips, tongue, throat; diffuluty breathing or swallowing; chest pain or pressure; or dizziness or fainting']"
600014,Montelukast,"['headache', 'heartburn', 'stomach pain', 'tiredness', 'diarrhea', 'difficulty breathing or swallowing; swelling of the face, throat, tongue, lips, or eyes; hoarseness; itching; rash; hives', 'blistering, peeling, or shedding skin', 'flu-like symptoms, rash, pins and needles or numbness in the arms or legs, pain and swelling of the sinuses', 'ear pain, fever (in children)']"
697009,Mirtazapine,"['drowsiness', 'dizziness', 'increased weight and appetite', 'flu-like symptoms, fever, chills, sore throat, mouth sores, or other signs of infection', 'fever, sweating, confusion, fast or irregular heartbeat, severe muscle stiffness or twitching, agitation, hallucinations, loss of coordination, nausea, vomiting, or diarrhea', 'chest pain, fast heartbeat', 'headache; unsteadiness; problems with thinking, concentration, or memory', 'unusual bleeding or bruising', 'rash; itching; hives or blisters; hoarseness; fever; swollen glands; difficulty breathing or swallowing; swelling of the face, throat, tongue, lips, eyes, hands, feet, ankles, or lower legs', 'seizures']"
614022,Apremilast,"['diarrhea', 'nausea', 'stomach pain', 'vomiting', 'headache', 'sore throat, cough, and fever', 'sneezing, runny nose, and nasal congestion']"
617016,Brigatinib,"['nausea', 'diarrhea', 'vomiting', 'constipation', 'tiredness', 'rash', 'headache', 'numbness, pain, tingling, or burning feeling in the feet or hands', 'back or joint pain', 'loss of appetite', 'difficulty falling asleep or staying asleep', 'shortness of breath or difficulty breathing', 'chest pain', 'cough with or without mucus', 'fever', 'headache, dizziness, lightheadedness, or feeling faint', 'blurred or double vision', 'seeing flashes of light', 'light hurting your eyes', ""seeing ''floaters'' or small specks"", 'extreme thirst, frequent urination, extreme hunger, blurred vision, or weakness', 'upper stomach pain that may spread to the back or get worse with eating; weight loss; or nausea', 'slow or irregular heartbeat', 'muscle pain, spasms, tenderness, or weakness']"
621014,Vericiguat,"['dizziness', 'lightheadedness', 'pale skin, tiredness, or shortness of breath']"
682237,Carbamazepine,"['dizziness', 'drowsiness', 'difficulty speaking', 'uncontrollable shaking of a part of the body', 'constipation', 'dry mouth', 'problems with walking and coordination', 'confusion', 'rash', 'fast, slow, or pounding heartbeat; shortness of breath, dizziness, or fainting', 'nausea, vomiting, loss of appetite, yellowing of the skin or eyes, pain on the right side of your stomach area, dark urine,', 'vision changes', 'fatigue', 'swelling of your face, eyes, eyelids, lips, or tongue', 'difficulty swallowing or breathing', 'swollen glands', 'headache, new or increased number of seizures, difficulty concentrating, confusion, weakness, or unsteadiness', 'severe rash with one or more of the following: fever, muscle or joint aches, red or swollen eyes, blisters or peeling skin, mouth sores, or swelling of your face or neck']"
607069,Ivermectin,"['dizziness', 'loss of appetite', 'nausea', 'vomiting', 'stomach pain or bloating', 'diarrhea', 'constipation', 'weakness', 'uncontrollable shaking of a part of the body', 'chest discomfort', 'swelling of the eyes, face, arms, hands, feet, ankles, or lower legs', 'joint pain and swelling', 'painful and swollen glands of the neck, armpit or groin', 'rapid heartbeat', 'eye pain, redness, or tearing', 'swelling of the eye or eyelids', 'abnormal sensation in the eyes', 'fever', 'blistering or peeling skin', 'rash', 'hives', 'itching', 'sleepiness. confusion, disorientation, or coma (loss of consciousness for a period of time)']"
606008,Phenylephrine,"['nervousness', 'dizziness', 'sleeplessness']"
623050,Etrasimod,"['headache', 'dizziness', 'nausea, vomiting, abdominal pain, tiredness, loss of appetite, yellowing of the skin or eyes, dark colored urine', 'blurriness or shadows in your vision, sensitivity to light, a blind spot in the center of your vision, unusually colored vision', 'changes in the appearance of your skin or new or changed moles or skin lesions', 'sudden severe headache, sudden confusion, loss of vision or changes in vision, seizure', 'shortness of breath', 'difficulty or pain on urination or increased frequency of urination', 'cough, difficulty breathing, severe congestion']"
613010,Teriflunomide,"['hair loss', 'diarrhea', 'blurry vision', 'toothache', 'acne', 'joint or muscle pain', 'anxiety', 'weight loss', 'fast, irregular, or slow heartbeat, headache, dizziness, pale skin, or confusion', 'fever, cough, sore throat, chills, and other signs of infection', 'numbness, burning, or tingling in the hands, arms, feet, or legs that is different than MS symptoms', 'loss of muscle tone', 'weakness or heaviness in legs', 'cold, gray skin', 'red, peeling, or blistering skin', 'rash, hives, or itching', '', 'difficulty swallowing; shortness of breath; swelling of the face, eyes, mouth, throat, tongue, or lips', 'rash that may occur with fever, swollen glands, or swelling of the face', 'stomach, side, or back pain']"
682050,Oxazepam,"['drowsiness', 'dizziness', 'headache', 'frequent urination', 'severe skin rash, difficulty breathing or swallowing', 'yellowing of the skin or eyes', 'irregular heartbeat']"
612009,Vemurafenib,"['tiredness', 'joint, muscle, arm, leg, or back pain', 'redness or swelling in hands, feet, ankles, or lower legs', 'change in sense of taste', 'headache', 'hair loss', 'dry or itchy skin', 'diarrhea', 'constipation', 'cough', 'changes in skin appearance', 'new wart', 'skin sore or red bump that bleeds or does not heal', 'change in size or color of a mole', 'extreme tiredness', 'unusual bruising or bleeding', 'nausea', 'vomiting', 'loss of appetite', 'pain in the upper right part of the stomach', 'yellowing of the skin or eyes', 'eye sensitivity to light', 'eye redness or pain', 'vision changes', 'unusual thickening of palms of hands', 'tightening of the fingers inwards towards the palm', 'unusual thickening of soles of feet, that may be painful', 'difficulty breathing or swallowing', 'rapid, irregular, or pounding heartbeats', 'fainting', 'rash or redness all over the body', 'hives', 'peeling or blistering skin', 'fever']"
607055,Lapatinib,"['nausea', 'vomiting', 'heartburn', 'sores on the lips, mouth, or throat', 'loss of appetite', 'red, painful, numb, or tingling hands and feet', 'dry skin', 'pain in the arms, legs, or back', 'difficulty falling asleep or staying asleep', 'shortness of breath', 'dry cough', 'coughing up pink or bloody mucus', 'fast, irregular, or pounding heartbeat', 'weakness', 'swelling of the hands, feet, ankles, or lower legs', 'rash', 'fever', 'blistering or peeling skin']"
611046,Abiraterone,"['joint swelling or pain', 'groin pain', 'hot flashes (a sudden wave of mild or intense body heat)', 'diarrhea', 'constipation', 'heartburn', 'cough', 'sore throat', 'stuffy or runny nose', 'difficulty falling asleep or staying asleep', 'dizziness', 'feeling faint or lightheaded', 'headache', 'confusion', 'fast or irregular heartbeats', 'muscle weakness or aches', 'leg pain', 'swelling of the hands, feet, ankles, or lower legs', 'shortness of breath', 'rash; hives; itching; difficulty breathing or swallowing; or swelling of the face, lips, tongue or throat', 'unusual bruising or bleeding', ',', 'yellowing of the skin or eyes, nausea, vomiting, loss of appetite, extreme tiredness, lack of energy, dark urine, or pain in the upper right part of the stomach', 'flu-like symptoms such as fever', 'blood in urine', 'difficult, painful, or frequent urination', 'falling', 'bone fracture']"
693048,Isradipine,"['headache', 'dizziness or lightheadedness', 'flushing', 'fast heartbeat', 'excessive tiredness', 'upset stomach', 'vomiting', 'diarrhea', 'chest pain', 'swelling of the face, eyes, lips, tongue, arms, or legs', 'difficulty breathing or swallowing', 'fainting', 'rash']"
682098,Tetracycline,"['nausea', 'vomiting', 'diarrhea', 'itching of the rectum or vagina', 'swollen tongue', 'black or hairy tongue', 'sore or irritated throat', 'headache', 'blurred vision, seeing double, or loss of vision', 'skin rash', 'hives', 'swelling of the face, throat, tongue, lips, and eyes', 'difficulty breathing or swallowing', 'joint stiffness or swelling', 'unusual bleeding or bruising', 'chest pain', 'a return of fever, sore throat, chills, or other signs of infection', 'watery or bloody stools , stomach cramps, or fever during treatment or for up to two or more months after stopping treatment']"
618009,Tetrabenazine,"['nausea', 'diarrhea', 'vomiting', 'decreased appetite', 'headache', 'pain or burning upon urination', 'bruising', 'difficulty speaking or being understood', 'fever, sweating, confusion, fast or irregular heartbeat, and severe muscle stiffness', 'difficulty moving, or keeping your balance', 'muscle stiffness', 'irregular heartbeat', 'shortness of breath', 'restlessness']"
681043,Isotretinoin,"['red, cracked, and sore lips', 'dry skin, eyes, mouth, or nose', 'nosebleeds', 'changes in skin color', 'peeling skin on the palms of the hands and soles of the feet', 'changes in the nails', 'slowed healing of cuts or sores', 'bleeding or swollen gums', 'hair loss or unwanted hair growth', 'sweating', 'flushing', 'voice changes', 'tiredness', 'cold symptoms', 'headache', 'blurred vision', 'dizziness', 'nausea', 'vomiting', 'seizures', 'slow or difficult speech', 'weakness or numbness of one part or side of the body', 'stomach pain', 'chest pain', 'difficulty swallowing or pain when swallowing', 'new or worsening heartburn', 'diarrhea', 'rectal bleeding', 'yellowing of the skin or eyes', 'dark colored urine', 'back, bone, joint or muscle pain', 'muscle weakness', 'difficulty hearing', 'ringing in the ears', 'vision problems', 'painful or constant dryness of the eyes', 'unusual thirst', 'frequent urination', 'trouble breathing', 'fainting', 'fast or pounding heartbeat', 'red, swollen, itchy, or teary eyes', 'fever', 'rash', 'peeling or blistering skin, especially on the legs, arms, or face', 'sores in the mouth, throat, nose, or eyes', 'red patches or bruises on the legs', 'swelling of the eyes, face, lips, tongue, throat, arms, hands, feet, ankles, or lower legs', 'difficulty swallowing or pain when swallowing']"
698024,Cefpodoxime,"['nausea', 'vomiting', 'diarrhea', 'stomach pain', 'swelling, redness, irritation, burning, or itching of the vagina', 'white vaginal discharge', 'headache', 'watery or bloody stools, stomach cramps, or fever during treatment or for up to two or more months after stopping treatment', 'rash', 'itching', 'hives', 'difficulty breathing or swallowing', 'wheezing', 'a return of fever, sore throat, chills, or other signs of infection']"
601088,Olsalazine,"['stomach upset', 'nausea', 'bloating', 'loss of appetite', 'headache', 'muscle or joint pain', 'dizziness', 'difficulty falling or staying asleep', 'rash, hives, itching or peeling or blistering skin', 'fever', 'swelling of the eyes, face, lips, tongue, mouth, or throat', 'difficulty breathing or swallowing', 'new or worsening cough', 'shortness of breath', 'chest pain', 'diarrhea', 'unusual bleeding or bruising', 'extreme tiredness', 'yellowing of the skin or eyes', 'pain in the right upper part of the stomach', 'pale stools', 'difficult or painful urination or cloudy, discolored, or bloody urine', 'back pain']"
698022,Cefprozil,"['nausea', 'diarrhea', 'vomiting', 'stomach pain', 'dizziness', 'genital itching', 'rash', 'itching', 'hives', 'difficulty breathing or swallowing', 'wheezing', 'swelling of the face, throat, tongue, lips, or eyes', 'watery or bloody stools, stomach cramps, or fever during treatment or for up to two or more months after stopping treatment', 'a return of fever, sore throat, chills, or other signs of infection']"
682306,Mesoridazine,"['drowsiness', 'dry mouth', 'nausea', 'vomiting', 'diarrhea', 'constipation', 'restlessness', 'headache', 'weight gain', 'dizziness or seizures', 'lightheadedness or fainting', 'tremor', 'jaw, neck, or back muscle spasms', 'restlessness or pacing', 'fine worm-like tongue movements', 'unusual face, mouth, or jaw movements', 'shuffling walk', 'slow, jerky movements', 'seizures or convulsions', 'difficulty urinating or loss of bladder control', 'eye pain or discoloration', 'difficulty breathing or fast breathing', 'skin rash', 'yellowing of the skin or eyes']"
682395,Probenecid,"['headache', 'upset stomach', 'vomiting', 'loss of appetite', 'dizziness', 'severe skin rash', 'difficulty breathing or swallowing', 'unusual bleeding or bruising']"
604013,Frovatriptan,"['dizziness, drowsiness', 'headache', 'dry mouth', 'indigestion', 'excessive tiredness', 'flushing', 'hot or cold feeling', 'pain in joints or bones', 'tightness, pain, pressure, or heaviness in the chest, throat, neck, or jaw', 'shortness of breath', 'breaking out in a cold sweat', 'lightheadedness, faintness', 'slow or difficult speech', 'weakness or numbness of an arm or leg', 'sudden or severe stomach pain', 'bloody diarrhea', 'constipation', 'sudden weight loss', 'vomiting', 'rapid, pounding, or irregular heartbeat', 'difficulty breathing or swallowing', 'paleness or blue color of the fingers and toes', 'pain, burning, or tingling in the hands or feet', 'swelling of the face, throat, tongue, lips, eyes, hands, feet, ankles, or lower legs', 'hoarseness', 'hives, rash, itching']"
685041,Naltrexone,"['nausea', 'vomiting', 'stomach pain or cramping', 'diarrhea', 'constipation', 'loss of appetite', 'headache', 'dizziness', 'anxiety', 'nervousness', 'irritability', 'tearfulness', 'difficulty falling or staying asleep', 'increased or decreased energy', 'drowsiness', 'muscle or joint pain', 'rash', 'confusion', 'hallucinations (seeing things or hearing voices that do not exist)', 'blurred vision', 'severe vomiting and/or diarrhea']"
604008,Tadalafil,"['headache', 'indigestion or heartburn', 'nausea', 'diarrhea', 'flushing', 'pain in the stomach, back, muscles, arms, or legs', 'cough', 'sudden decrease or loss of vision (see below for more information)', 'blurred vision', 'changes in color vision (seeing a blue tinge on objects or having difficulty telling the difference between blue and green)', 'sudden decrease or loss of hearing (see below for more information)', 'ringing in ears', 'erection that lasts longer than 4 hours', 'dizziness', 'chest pain', 'hives', 'rash', 'difficulty breathing or swallowing', 'swelling of the face, throat, tongue, lips, eyes, hands, feet, ankles, or lower legs', 'blistering or peeling of skin']"
682653,Mercaptopurine,"['nausea', 'vomiting', 'darkening of the skin', 'hair loss', 'rash', 'pale skin', 'weakness', 'shortness of breath', 'sore throat, fever, chills, or other signs of infection', 'swelling in the legs, ankles, or feet', 'unusual bruising or bleeding', 'yellowing of the skin or eyes', 'loss of appetite', 'diarrhea', 'swelling of the stomach area', 'pain in the upper right part of the stomach']"
623006,Lenacapavir,"['nausea', 'headache', 'any new symptoms or signs of infection such as fever, rash, swelling, fatigue, body aches, and joint pain']"
620029,Ozanimod,"['back pain', 'fever, chills, cough, sore throat, runny nose, or painful and frequent urination during treatment and for up to 3 months after your final dose', 'headache, neck stiffness, fever, sensitivity to light, nausea, or confusion during treatment and for up to 3 months after your final dose', 'nausea, vomiting, loss of appetite, abdominal pain, yellowing of skin or eyes, or dark urine', 'blurriness, shadows, or a blind spot in the center of your vision; sensitivity to light; unusual color to your vision or other vision problems', 'sudden severe headache, confusion, changes in vision, or seizures', 'weakness on one side of the body or clumsiness of the arms or legs that worsens over time; changes in your thinking, memory, or balance; confusion or personality changes; or loss of strength', 'rash or hives', 'swelling of arms, hands, legs, or feet', 'new or worsening shortness of breath', 'dizziness, tiredness, chest pain, or slow or irregular heartbeat', 'skin changes such as new wart, a sore or reddish bump that does not heal, a change in the size or color of a mole']"
609017,Dexlansoprazole,"['gas', 'nausea', 'vomiting', 'diarrhea', 'in men, difficulty achieving or maintaining an erection', 'blistering, peeling, or bleeding skin; sores on the lips, nose, mouth, or genitals; swollen glands; shortness of breath; fever; or flu-like symptoms', 'rash; hives; itching; swelling of the eyes, face, lips, mouth, throat, or tongue; difficulty breathing or swallowing; or hoarseness', 'irregular, fast, or pounding heartbeat; muscle spasms; uncontrollable shaking of a part of the body; excessive tiredness; lightheadedness; dizziness; or seizures', 'severe diarrhea with watery stools,  stomach pain, or a fever that does not go away', 'new or worsening joint pain; rash on cheeks or arms that is sensitive to sunlight', 'increased or decreased urination, blood in urine, fatigue, nausea, loss of appetite, fever, rash, or joint pain']"
600010,Repaglinide,"['shakiness', 'dizziness or lightheadedness', 'sweating', 'nervousness or irritability', 'sudden changes in behavior or mood', 'headache', 'numbness or tingling around the mouth', 'weakness', 'pale skin', 'hunger', 'clumsy or jerky movements', 'confusion', 'seizures', 'loss of consciousness', 'extreme thirst', 'frequent urination', 'extreme hunger', 'weakness', 'blurred vision', 'dry mouth', 'upset stomach and vomiting', 'shortness of breath', 'breath that smells fruity', 'decreased consciousness', 'headache', 'nasal congestion', 'joint aches', 'back pain', 'constipation', 'diarrhea']"
694030,Nizatidine,"['headache', 'dizziness', 'drowsiness', 'constipation', 'diarrhea', 'stomach pain', 'runny nose', 'sneezing', 'coughing', 'sweating', 'skin rash', 'hives', 'itching', 'wheezing', 'difficulty breathing']"
681033,Tolmetin,"['diarrhea', 'constipation', 'gas', 'weight gain or loss', 'headache', 'depression', 'skin irritation', 'ringing in the ears', 'changes in vision', 'unexplained weight gain', 'shortness of breath or difficulty breathing', 'swelling of the stomach, feet, ankles, or lower legs', 'fever', 'blisters', 'rash', 'itching', 'hives', 'swelling of the eyes, face, lips, tongue, throat, arms, or hands', 'difficulty swallowing', 'hoarseness', 'yellowing of the skin or eyes', 'excessive tiredness', 'unusual bleeding or bruising', 'lack of energy', 'upset stomach', 'loss of appetite', 'pain in the upper right part of the stomach', 'flu-like symptoms', 'pale skin', 'fast heartbeat', 'cloudy, discolored, or bloody urine', 'back pain', 'difficult or painful urination']"
614010,Avanafil,"['headache', 'flushing', 'back pain', 'an erection that lasts longer than 4 hours', 'sudden loss of vision in one or both eyes (see below for more information)', 'sudden hearing loss (see below for more information)', 'ringing in the ears', 'dizziness', 'rash', 'itching', 'swollen eyelids']"
682820,Pyrantel,"['upset stomach', 'vomiting', 'diarrhea', 'loss of appetite', 'stomach cramps', 'stomach pain', 'straining and pain during bowel movements']"
619048,Triclabendazole,"['abdominal pain', 'heavy sweating', 'dizziness', 'nausea', 'vomiting', 'hives', 'itching', 'headache', 'shortness of breath', 'decreased appetite', 'fever', 'diarrhea', 'yellow skin or eyes']"
607037,Primaquine,"['nausea', 'vomiting', 'heartburn', 'abdominal cramps', 'rash', 'itching', 'unusual tiredness or weakness, dizziness, pale skin, shortness of breath, headache, fast or pounding heartbeat, yellowing of the skin or eyes, dark urine, or pain in the upper right part of the stomach', 'grey-bluish color of lips and/or skin, lack of energy, headache, shortness of breath, or confusion or unusual behavior', 'fast or irregular heartbeat, fainting, or seizure', 'sore throat, fever, cough, or other signs of infection']"
682403,Rifampin,"['temporary discoloration (yellow, reddish-orange, or brown color) of your skin, teeth, saliva, urine, stool, sweat, and tears)', 'itching', 'flushing', 'headache', 'drowsiness', 'dizziness', 'lack of coordination', 'difficulty concentrating', 'confusion', 'changes in behavior', 'muscle weakness', 'numbness', 'pain in the arms, hands, feet, or legs', 'heartburn', 'stomach cramps', 'loss of appetite', 'nausea', 'vomiting', 'diarrhea', 'gas', 'painful or irregular menstrual periods', 'vision changes', 'watery or bloody stools, stomach cramps, or fever during treatment or for up to two or more months after stopping treatment', 'rash; hives; fever; chills; swelling of the eyes, face, lips, tongue, or throat; difficulty swallowing or breathing; shortness of breath; wheezing; swollen lymph nodes; sore throat; pink eye; flu- like symptoms; unusual bleeding or bruising; or joint swelling or pain', 'nausea, vomiting, loss of appetite, dark urine, or yellowing of the skin or eyes']"
624018,Exagamglogene autotemcel,"['mouth sores', 'abdominal pain', 'decreased appetite', 'muscle aches or pains', 'itching', 'nosebleeds', 'unusual bruising or bleeding, nose bleeding, severe headache, blood in urine, stool, or vomit, coughing up blood, or unusual abdominal or back pain', 'fever, sore throat, ongoing cough and congestion, or other signs of infection', 'hives; rash; itching; swelling of the lips, tongue, or throat; shortness of breath or difficulty breathing']"
619038,Cladribine,"['headache', 'nausea', 'back pain', 'joint pain and stiffness', 'difficulty falling asleep or staying asleep', 'depression', 'hair loss', 'tingling, itching, or burning sores on gums, lips, or mouth', 'fever, sore throat, chills, aching or painful muscles, cough, or other signs of infection', 'cough, chest pain, coughing up blood or mucus, weakness or tiredness, weight loss, loss of appetite, chills, fever, night sweats', 'painful rash with blisters', 'burning, tingling, numbness, or itchiness of the skin', 'rash, difficulty breathing or swallowing, swelling or itching of the face, lips, tongue, or throat', 'chills, fever, nausea, vomiting, pain in your back, side, or groin, frequent and painful urination', 'unusual bleeding or bruising', 'weakness on one side of your body, loss of coordination in your arms or legs, decreased strength, problems with balance, confusion, changes in your vision, thinking, memory, or personality', 'shortness of breath, fast heartbeat, headache, dizziness, pale skin, confusion, tiredness', 'nausea, vomiting, extreme tiredness, loss of appetite, pain in the upper right part of stomach, yellowing of the skin or eyes, dark urine', 'shortness of breath, fast or irregular heartbeat, swelling in a part of your body']"
682539,Diphenhydramine,"['dry mouth, nose, and throat', 'drowsiness', 'dizziness', 'muscle weakness', 'excitement (especially in children)', 'vision problems', 'difficulty urinating or painful urination']"
615050,Cariprazine,"['extreme tiredness', 'restlessness, anxiety, agitation', 'difficulty falling asleep or staying asleep', 'dizziness, feeling unsteady, or having trouble keeping your balance', 'increased appetite, weight gain', 'nausea, indigestion, constipation', 'increased saliva or drooling', 'seizures', 'unusual movements of your body or face that you cannot control', 'loss of ability to move', 'falling down', 'fever, sweating, confusion, fast breathing, fast or irregular heartbeat, and severe muscle stiffness', 'muscle weakness or aching', 'tightness in the throat', 'tongue that sticks out of the mouth', 'rash, itching, hives; swelling of the face, throat, tongue, lips, or eyes', 'dark or cola-colored urine', 'swelling in legs and feet', 'decreased urination']"
601230,Alosetron,"['upset stomach', 'nausea', 'gas', 'swelling in the stomach area', 'hemorrhoids']"
620051,Octreotide,"['diarrhea', 'nausea', 'vomiting', 'headache', 'stomach discomfort', 'heartburn', 'gas', 'joint or back pain', 'sweating', 'swelling in hands, feet, ankles, or lower legs', 'weakness', 'tiredness', 'dizziness', 'cough, stuffy or runny nose, sneezing, or sore throat', 'difficult, painful, or frequent  urination', 'pain in the upper right part of the stomach, center of the stomach, back, or shoulder; yellowing of skin or whites of eyes; fever with chills; or nausea', 'sluggishness, sensitivity to cold pale, dry skin, and brittle fingernails and hair', 'loose, fatty, or light-colored stools; stomach bloating; or weight loss', 'swelling of your tongue, throat, lips, eyes or face', 'difficulty swallowing or breathing', 'rash', 'itching', 'feeling faint', 'chest pain', 'fast or irregular heartbeat']"
694015,Risperidone,"['nausea, heartburn, stomach pain, vomiting, diarrhea, constipation,', 'dry mouth', 'increased saliva', 'increased appetite, weight gain', 'anxiety, agitation, restlessness', 'breast enlargement or discharge', 'late or missed menstrual periods', 'decreased sexual ability', 'dizziness, feeling unsteady, or having trouble keeping your balance', 'fever; stiff muscles; sweating; confusion; sweating; or fast, pounding, or irregular\r\nheartbeat', 'problems with coordination or increased falls', 'unusual movements of your face, tongue, or body that you cannot control', 'tightening of the neck muscles or throat tightness, difficulty swallowing', 'seizures', 'rash; itching; hives; swelling of the face, throat, lips, and eyes; difficulty swallowing or breathing', 'painful erection of the penis that lasts for hours', 'fever, cough, chills and/or other signs of infection']"
688005,Buspirone,"['dizziness', 'nausea, diarrhea', 'headache', 'excitement', 'confusion', 'fatigue', 'nervousness', 'difficulty falling asleep or staying asleep', 'feelings of anger or hostility', 'lightheadedness', 'weakness', 'numbness', 'rash, hives, itching, or swelling of the face, eyes, mouth, throat, tongue, or lips', 'fast or irregular heartbeat', 'blurred vision', 'uncontrollable shaking of a part of the body', 'agitation, fever, sweating, dizziness, flushing, confusion, fast or irregular heartbeat, shivering, severe muscle stiffness or twitching, seizures, hallucinations, loss of coordination, nausea, vomiting, or diarrhea']"
602017,Perindopril,"['cough', 'headache', 'weakness', 'dizziness', 'diarrhea', 'stomach pain', 'upset stomach', 'swelling of the face, throat, tongue, lips, eyes, hands, feet, ankles, or lower legs', 'hoarseness', 'difficulty swallowing or breathing', 'lightheadedness', 'fainting', 'fever, sore throat, chills, and other signs of infection', 'irregular or rapid heartbeats']"
699058,Galantamine,"['nausea', 'vomiting', 'diarrhea', 'loss of appetite', 'stomach pain', 'heartburn', 'weight loss', 'extreme tiredness', 'dizziness', 'pale skin', 'headache', 'shaking of a part of your body that you cannot control', 'depression', 'difficulty falling asleep or staying asleep', 'runny nose', 'difficulty urinating', 'blood in the urine', 'pain or burning while urinating', 'seizures', 'slowed heartbeat', 'fainting', 'shortness of breath', 'black and tarry stools', 'red blood in the stools', 'bloody vomit', 'vomit that looks like coffee grounds']"
601017,Amlexanox,"['slight pain, stinging, or burning of the skin that comes and goes', 'nausea', 'diarrhea', 'rash']"
625104,Imlunestrant,"['muscle and joint pain', 'extreme tiredness', 'diarrhea, constipation, nausea, abdominal pain', 'feeling tired or weak, pale skin, dizziness or lightheadedness, feeling of rapid or irregular heartbeat, headaches, cold hands or feet, craving nonfood items', 'fever, chills, cough, body aches', 'lower abdominal pain, yellowing of skin or whites of eyes, nausea, loss of appetite, dark urine, clay-colored stools', 'easy bruising, prolonged bleeding from cuts, bleeding gums, heavy periods, small red or purple spots on skin', 'muscle cramps or spasms, numbness or tingling in hands, feet or around the mouth, confusion, seizures']"
694033,Stavudine,"['headache', 'diarrhea', 'rash', 'numbness, tingling, burning or pain in the hands or feet', 'difficulty moving your hands and feet']"
614027,Ceritinib,"['nausea', 'diarrhea', 'vomiting', 'constipation', 'stomach pain', 'heartburn', 'difficulty swallowing', 'loss of appetite', 'weight loss', 'fatigue', 'rash', 'itching', 'changes in vision', 'muscle, bone, back arm, or leg pain', 'headache', 'pain in the right upper part of the stomach', 'unusual bruising or bleeding', 'dark urine', 'yellowing of the skin and eyes', 'decreased appetite', 'flu-like symptoms', 'itching', 'shortness of breath', 'fever, chills, sore throat, ongoing cough and congestion, or other signs of infection', 'chest pain or discomfort', 'changes in heartbeat', 'heart palpitations', 'dizziness', 'lightheadedness', 'fainting', 'ongoing pain that begins in the upper left or middle of the stomach but may spread to the back', 'seizures']"
693025,Zolpidem,"['drowsiness', 'tiredness', 'headache', 'dizziness', 'lightheadedness', ""'drugged feeling'"", 'unsteady walking', 'difficulty keeping balance', 'nausea', 'constipation', 'diarrhea', 'gas', 'heartburn', 'stomach pain or tenderness', 'changes in appetite', 'uncontrollable shaking of a part of the body', 'pain, burning, numbness, or tingling in the hands, arms, feet, or legs', 'unusual dreams', 'redness, burning, or tingling of the tongue (with sublingual tablets)', 'dry mouth or throat', 'ringing, pain, or itching in the ears', 'eye redness', 'muscle aches or cramps', 'joint, back, or neck pain', 'heavy menstrual bleeding', 'rash', 'hives', 'itching', 'swelling of the eyes, face, lips, tongue, or throat', 'feeling that the throat is closing', 'difficulty breathing or swallowing', 'hoarseness', 'shortness of breath', 'yellow eyes or skin', 'light-colored stools', 'nausea', 'vomiting', 'pounding heartbeat', 'chest pain', 'blurred vision or other vision problems']"
690007,Cefixime,"['diarrhea', 'stomach pain', 'gas', 'heartburn', 'nausea', 'vomiting', 'watery or bloody stools, stomach cramps, or fever during treatment or for up to two or more months after stopping treatment', 'rash', 'itching', 'hives', 'difficulty breathing or swallowing', 'wheezing', 'swelling of the face, throat, tongue, lips, and eyes', 'a return of sore throat, fever, chills, or other signs of infection']"
618010,Ozenoxacin,['a new rash or infection at or near the area being treated']
610020,Ulipristal,"['painful menstrual periods', 'spotting or bleeding between menstrual periods', 'nausea', 'tiredness', 'headache', 'dizziness', 'severe lower abdominal pain (3 to 5 weeks after taking ulipristal)', 'rash, itching, hives, or swelling of the eyes, face, tongue, throat']"
622042,Epoprostenol,"['dizziness', 'jaw pain', 'muscle and bone pain', 'headache', 'nausea', 'vomiting', 'diarrhea', 'flushing', 'anxiety, nervousness, or agitation', 'rash', 'shortness of breath, wheezing, difficulty breathing, or coughing up blood', 'unusual bleeding or bruising', 'fever, chills, or other signs of infection', 'dizziness or fainting']"
621028,Vitamin A,"['dizziness', 'nausea', 'headache', 'yellow-orange skin color', 'joint or bone pain']"
682337,Triamterene,"['vomiting', 'dizziness', 'headache', 'muscle weakness or cramps', 'slow or irregular heartbeat', 'diarrhea', 'rash', 'difficulty breathing or swallowing', 'upset stomach', 'extreme tiredness', 'unusual bleeding or bruising', 'lack of energy', 'loss of appetite', 'pain in the upper right part of the stomach', 'yellowing of the skin or eyes', 'flu-like symptoms', 'sore throat', 'severe dry mouth', 'unusual bruising or bleeding']"
685038,Auranofin,"['metallic taste', 'loose stools or diarrhea', 'stomach pain', 'upset stomach', 'vomiting', 'gas', 'hair loss', 'bloody or tarry stools', 'itching', 'skin rash', 'sore throat', 'mouth sores', 'fever', 'chills', 'unusual bruising or bleeding', 'blood in the urine', 'fatigue']"
617024,Deflazacort,"['headache', 'thin, fragile skin', 'red or purple blotches or lines under the skin', 'increased hair growth', 'acne', 'bulging eyes', 'irregular or absent menstrual periods', 'slowed healing of cuts and bruises', 'changes in the way fat is spread around the body', 'weak muscles', 'joint pain', 'frequent urination during the daytime', 'dizziness', 'difficulty falling asleep or staying asleep', 'increased appetite', 'upset stomach', 'back pain', 'heartburn', 'sore throat, fever, chills, cough, or other signs of infection', 'seizures', 'eye pain, redness, or tearing', 'changes in vision', 'swelling of the eyes, face, lips, tongue, throat, arms, hands, feet, ankles, or lower legs', 'difficulty breathing or swallowing', 'shortness of breath', 'sudden weight gain', 'rash,itching, hives, peeling or blistering skin', 'stomach pain', 'confusion,extreme changes in mood, changes in personality, inappropriate happiness, depression', 'ongoing pain that begins in the stomach area, but may spread to the back']"
602001,Anakinra,"['redness, swelling, bruising, itching, or pain at the site of injection', 'headache', 'nausea, vomiting, stomach pain, diarrhea', 'runny nose', 'joint pain', 'rash, itching, hives; swelling of the lips, tongue, mouth, or face', 'hard lump under the skin at the site of injection', 'fever', 'swollen glands', 'dizziness, fainting,', 'difficulty breathing, wheezing', 'sweating', 'fast or racing heartbeat']"
682284,Promethazine,"['dry mouth', 'drowsiness', 'listlessness', 'difficulty falling asleep or staying asleep', 'nightmares', 'dizziness', 'ringing in ears', 'blurred or double vision', 'loss of coordination', 'nausea', 'vomiting', 'nervousness', 'restlessness', 'hyperactivity', 'abnormally happy mood', 'stuffy nose', 'itching', 'wheezing', 'slowed breathing', 'breathing stops for a short time', 'fever', 'sweating', 'stiff muscles', 'decreased alertness', 'fast or irregular pulse or heartbeat', 'faintness', 'abnormal or uncontrollable movements', 'hallucinations (seeing things or hearing voices that do not exist)', 'confusion', 'overwhelming or unmanageable fear or emotion', 'seizures', 'uncontrollable shaking of a part of the body', 'unusual bruising or bleeding', 'sore throat, fever, chills, and other signs of infection', 'uncontrolled eye movements', 'tongue sticking out', 'abnormal neck position', 'inability to respond to people around you', 'yellowing of the skin or eyes', 'rash', 'hives', 'swelling of the face, eyes, lips, tongue, throat, arms, hands, feet, ankles, or lower legs', 'hoarseness', 'difficulty breathing or swallowing']"
682080,Cyclophosphamide,"['nausea, vomiting, diarrhea, weight loss, or stomach pain', 'loss of appetite or weight', 'hair loss', 'sores on the mouth or tongue', 'changes in skin color', 'changes in color or growth of finger or toe nails', 'sore throat, fever, chills, or other signs of infection', 'poor or slow wound healing', 'black, tarry stools; nose bleed, or other unusual bruising or bleeding', 'rash, hives, itching, difficulty breathing or swallowing', 'shortness of breath; swelling of the legs, ankles, or feet; fast, irregular, or pounding heartbeat; weight gain (more than 5 pounds [about 2.3 kilograms] in 24 hours); dizziness; or loss of consciousness', 'new or worsening cough, chest pain, or shortness of breath', '', 'yellowing of the skin or eyes, extreme tiredness, nausea or vomiting, right sided-stomach pain, dark colored urine, decreased appetite']"
693050,Omeprazole,"['constipation', 'gas', 'nausea', 'diarrhea', 'vomiting', 'headache', 'in men, difficulty achieving or maintaining an erection', 'blisters, peeling, or bleeding skin; sores on the lips, nose, mouth, or genitals; swollen glands; shortness of breath; fever; or flu-like symptoms', 'rash; hives; itching; swelling of the eyes, face, lips, mouth, throat, or tongue; difficulty breathing or swallowing; or hoarseness', 'irregular, fast, or pounding heartbeat; muscle spasms; uncontrollable shaking of a part of the body; excessive tiredness; lightheadedness; dizziness; or seizures', 'severe diarrhea with watery stools, stomach pain, or fever that does not go away', 'new or worsening joint pain; rash on cheeks or arms that is sensitive to sunlight', 'increased or decreased urination, blood in urine, fatigue, nausea, loss of appetite, fever, rash, or joint pain']"
698036,Tolcapone,"['sleep disturbances', 'excessive dreaming', 'diarrhea', 'dizziness', 'vomiting', 'increased sweating', 'hallucinations', 'confusion', 'irregular heartbeat']"
699050,Colesevelam,"['gas', 'constipation', 'nausea, vomiting', 'diarrhea', 'heartburn', 'stomach or back pain', 'headache', 'weakness', 'muscle pain', 'severe abdominal pain with or without nausea and vomiting']"
682296,Methenamine,"['upset stomach', 'vomiting', 'diarrhea', 'stomach cramps', 'loss of appetite', 'skin rash', 'hives', 'itching (allergic reaction)']"
689011,Metronidazole,"['vomiting', 'nausea', 'diarrhea', 'constipation', 'upset stomach', 'stomach cramps', 'loss of appetite', 'headache', 'dry mouth', 'sharp, unpleasant metallic taste', 'furry tongue; mouth or tongue irritation', 'numbness, pain, burning, or tingling in your hands or feet', 'seizures', 'rash', 'itching', 'hives', 'peeling or blistering skin', 'flushing', 'stuffy nose, fever, sore throat, or other signs of infection', 'dizziness', 'difficulty speaking', 'problems with coordination', 'confusion']"
621048,Mobocertinib,"['nausea', 'vomiting', 'mouth sores', 'decreased appetite', 'weight loss', 'stomach pain', 'heartburn', 'rash', 'dry skin or itching', 'red, itchy, or irritated eyes', 'blurry vision', 'hair loss', 'nail infection', 'tiredness', 'muscle or bone pain', 'fatigue', 'runny nose', 'headache', 'diarrhea', 'cough', 'fever', 'shortness of breath', 'chest pain', 'swelling of your ankles and feet']"
614015,Dapagliflozin,"['urinating a lot, including at night', 'stuffy or runny nose', 'sore throat', 'leg or arm pain', 'constipation', 'frequent, urgent, burning, or painful urination; urine that is cloudy, red, pink, or brown; strong smelling urine; decrease in amount of urine; fever, back pain, nausea or vomiting', 'dry mouth, dark urine, decreased sweating, dry skin, and other signs of dehydration', 'pelvic or rectal pain', '(in women) vaginal odor, white or yellowish vaginal discharge (may be lumpy or look like cottage cheese), or vaginal itching', '(in men) redness, itching, or swelling of the penis; rash on the penis; foul smelling discharge from the penis; or pain in the skin around the penis', 'feeling tired, weak, or uncomfortable; along with a fever and pain, tenderness, redness, and swelling of the genitals or the area between the genitals and the rectum', 'rash; hives; itching; difficulty breathing or swallowing; hoarseness; or swelling of the face, throat, tongue, lips, mouth, or eyes', 'nausea, vomiting, stomach-area pain, tiredness, or difficulty breathing']"
682849,Bethanechol,"['upset stomach', 'vomiting', 'dizziness', 'sweating or flushing', 'shortness of breath', 'fainting', 'slow heart rate (pulse less than 50 beats per minute)']"
625116,Remibrutinib,"['runny nose, sore throat', 'headache', 'nausea, abdominal pain', 'bleeding; bruising; pink or brown urine; red or black tarry stools', 'headache, dizziness, confusion, or feeling weak']"
694020,Venlafaxine,"['drowsiness', 'nausea', 'dry mouth', 'loss of appetite', 'sweating', 'sexual problems in males; decreased sex drive, inability to get or keep an erection, or delayed or absent ejaculation', 'sexual problems in females; decreased sex drive, or delayed orgasm or unable to have an orgasm', 'rash; hives; itching; difficulty breathing or swallowing', 'fast, pounding, or irregular heartbeat', 'difficulty breathing, cough, chest pain', 'seizures', 'unusual bruising or bleeding', 'fever, sweating, confusion, fast or irregular heartbeat, severe muscle stiffness or twitching, nausea, vomiting, or diarrhea', 'hallucinations (seeing things or hearing voices that do not exist)', 'coma (loss of consciousness for a period of time)']"
601211,Granisetron,"['headache', 'stomach pain', 'heartburn', 'constipation', 'difficulty falling asleep or staying asleep', 'hives', 'rash', 'itching', 'difficulty breathing or swallowing', 'shortness of breath', 'dizziness, light-headedness, or fainting', 'fast, slow or irregular heartbeat', 'agitation', 'hallucinations (seeing things or hearing voices that do not exist)', 'fever', 'flushing', 'excessive sweating', 'confusion', 'nausea, vomiting, or diarrhea', 'loss of coordination', 'stiff or twitching muscles', 'seizures', 'coma (loss of consciousness)']"
681045,Acyclovir,"['upset stomach', 'vomiting', 'diarrhea', 'dizziness', 'tiredness', 'agitation', 'pain, especially in the joints', 'hair loss', 'changes in vision', 'hives', 'rash or blisters', 'itching', 'difficulty breathing or swallowing', 'swelling of the face, throat, tongue, lips, eyes, hands, feet, ankles, or lower legs', 'hoarseness', 'fast heartbeat', 'weakness', 'pale skin', 'difficulty sleeping', 'fever, sore throat, chills, cough, and other signs of infection', 'unusual bruising or bleeding', 'blood in the urine', 'stomach pain or cramps', 'bloody diarrhea', 'decreased urination', 'headache', 'hallucinations (seeing things or hearing voices that do not exist)', 'confusion', 'aggressive behavior', 'difficulty speaking', 'numbness, burning, or tingling in the arms or legs', 'temporary inability to move parts of your body', 'shaking of a part of your body that you cannot control', 'seizures', 'loss of consciousness']"
682651,Lindane,"['skin rash', 'itching or burning skin', 'dry skin', 'numbness or tingling of the skin', 'hair loss', 'headache', 'dizziness', 'drowsiness', 'shaking of your body that you cannot control', 'seizures']"
623002,Olutasidenib,"['nausea or vomiting', 'feeling tired or sick', 'constipation or diarrhea', 'joint pain', 'shortness of breath or cough', 'fever', 'rash or swelling', 'mouth sores or pain in mouth or throat', 'yellowing of skin or eyes, dark urine, loss of appetite, abdominal pain, extreme fatigue']"
682159,Ibuprofen,"['constipation', 'gas or bloating', 'dizziness', 'nervousness', 'ringing in the ears', 'unexplained weight gain', 'shortness of breath or difficulty breathing', 'swelling of the abdomen, feet, ankles, or lower legs', 'diarrhea', 'fever, rash, blisters, or peeling skin', 'itching', 'hives', 'swelling of the eyes, face, throat, arms, or hands', 'difficulty breathing or swallowing', 'hoarseness', 'excessive tiredness', 'pain in the upper right part of the stomach', 'nausea', 'loss of appetite', 'yellowing of the skin or eyes', 'flu-like symptoms', 'pale skin', 'fast heartbeat', 'cloudy, discolored, or bloody urine', 'back pain', 'difficult or painful urination', 'blurred vision, changes in color vision, or other vision problems', 'headache, stiff neck, fever']"
610022,Oxymorphone,"['dry mouth', 'stomach pain', 'nausea, vomiting', 'decreased appetite', 'excessive sweating', 'headache', 'decreased sexual desire, inability to get or keep an erection', 'itching', 'agitation, hallucinations (seeing things or hearing voices that do not exist), fever, sweating, confusion, fast heartbeat, shivering, severe muscle stiffness or twitching, loss of coordination, nausea, vomiting, or diarrhea', 'nausea, vomiting, loss of appetite, weakness, or dizziness', 'chest pain, changes in heartbeat', 'seizures', 'rash; hives; itching; nausea; vomiting; hoarseness; difficulty breathing or swallowing; or swelling of the hands, eyes, face, lips, mouth, tongue or throat', 'extreme drowsiness', 'new pain or pain from touch or doing ordinary tasks such as combing your hair', 'difficulty swallowing, regurgitation (bringing up swallowed food into throat and mouth), pain in the chest area', 'unusual snoring or long pauses during breaths during sleep']"
696009,Nisoldipine,"['headache', 'upset stomach', 'dizziness or lightheadedness', 'flushing', 'fast heartbeat', 'excessive tiredness', 'nasal congestion', 'sore throat', 'swelling of the face, eyes, lips, tongue, arms, or legs', 'difficulty breathing or swallowing', 'fainting', 'rash']"
682101,Minocycline,"['nausea', 'vomiting', 'heartburn', 'diarrhea', 'itching of the rectum or vagina', 'changes in color of skin, scars, nails, teeth or gums', 'changes in color of tears or urine', 'ringing in your ears', 'hair loss', 'dry mouth', 'swollen tongue', 'sore or irritated throat', 'inflammation of the end of the penis', 'muscle pain', 'mood changes', 'numbness, tingling, or prickling sensation on skin', 'headache', 'blurred vision, seeing double, or loss of vision', 'rash', 'hives', 'peeling or blistering skin', 'swelling of the face, throat, tongue, lips, and eyes', 'difficulty breathing or swallowing', 'shortness of breath', 'yellowing of the skin or eyes, itching, dark-colored urine, light colored bowel movements, loss of appetite, nausea, vomiting, stomach pain, extreme tiredness, nausea, or vomiting, confusion', 'bloody urine', 'joint pain, stiffness or swelling', 'swollen lymph nodes', 'unusual bleeding or bruising', 'decreased urination', 'a return of fever, sore throat, chills, or other signs of infection', 'watery or bloody stools , stomach cramps, or fever during treatment or for up to two or more months after stopping treatment', 'seizures', 'chest pain or irregular heartbeat']"
682530,Baclofen,"['dizziness', 'weakness', 'confusion', 'headache', 'nausea', 'constipation', 'difficulty falling asleep or staying asleep', 'tiredness', 'frequent urination', 'seeing things or hearing voices that do not exist', 'seizures']"
684020,Propantheline,"['dry mouth', 'increased sensitivity of your eyes to light', 'dizziness', 'nervousness', 'difficulty sleeping', 'headache', 'loss of sense of taste', 'upset stomach', 'vomiting', 'bloating', 'confusion (especially in the elderly)', 'blurred vision', 'constipation', 'fast heartbeat', 'heart palpitations', 'eye pain', 'difficulty urinating', 'skin rash', 'itching']"
601109,Rizatriptan,"['dizziness, tiredness, sleepiness', 'upset stomach, vomiting, diarrhea', 'tremors', 'flushing (feeling of warmth)', 'dry mouth', 'tightness, pain, pressure, or heaviness in the chest, throat, neck, or jaw', 'rapid, pounding, or irregular heartbeat', 'shortness of breath', 'fever, sweating, confusion, fast or irregular heartbeat, and severe muscle stiffness', 'lightheadedness, problems speaking, weakness or inability to feel an arm or leg', 'bloody diarrhea', 'paleness or blue color of the fingers and toes', 'coldness, or no feeling in  hands or feet', 'difficulty breathing', 'changes in vision, ringing in ears']"
613043,Dolutegravir,"['difficulty falling asleep or staying asleep', 'headache', 'tiredness', 'rash; fever; excessive tiredness; muscle or joint pain; blistering or peeling skin; blisters or sores in the mouth; red or swollen eyes; swelling of the eyes, face, lips, mouth, tongue, or throat; difficulty breathing or swallowing', 'nausea, vomiting, loss of appetite, yellow of eyes or skin, dark urine, pale colored bowel movements, pain in the upper right part of the stomach']"
601059,Guanfacine,"['dry mouth', 'tiredness', 'weakness', 'headache', 'irritability', 'decreased sexual ability', 'decreased appetite', 'stomach pain', 'nausea', 'vomiting', 'constipation', 'fainting', 'blurred vision', 'rash', 'slow heart rate']"
684001,Alprazolam,"['drowsiness', 'light-headedness', 'headache', 'tiredness', 'dizziness', 'irritability', 'talkativeness', 'dry mouth', 'increased salivation', 'changes in sex drive or ability', 'nausea', 'constipation', 'changes in appetite', 'weight changes', 'difficulty urinating', 'joint pain', 'shortness of breath', 'seizures', 'rash; hives; itching; swelling of the eyes, face, lips, tongue, or throat; difficulty breathing or swallowing; or hoarseness', 'yellowing of the skin or eyes', 'confusion', 'problems with speech', 'problems with coordination or balance']"
615057,Cobimetinib,"['mouth ulcers', 'hair loss', 'diarrhea', 'nausea', 'vomiting', 'heartburn or indigestion', 'dry mouth', 'mouth pain', 'fever, chills, sore throat, frequent or painful urination, or other signs of infection', 'falling', 'rash that covers a large area of your body, blisters, or peeling skin', 'changes in skin appearance', 'new wart', 'skin sore or red bump that bleeds or does not heal', 'change in size or color of a mole', 'unusual bleeding or bruising tarry or black stools, blood in urine, unusual vaginal bleeding, stomach pain, headache or dizziness', 'coughing or wheezing; rapid, irregular, or pounding heartbeat; shortness of breath; tiredness; or swelling of the face, arms, legs, ankles, or feet', 'muscle spasms, pain, or weakness', 'changes in vision, including seeing halos (blurred outline around objects), blurred vision, or loss of vision', 'yellowing of the skin or eyes, dark-colored (tea-colored) urine, pain in upper right part of the stomach, nausea, vomiting, or loss of appetite']"
600032,Leflunomide,"['diarrhea', 'vomiting', 'heartburn', 'headache', 'dizziness', 'weight loss', 'back or joint pain', 'weakness', 'hair loss', 'rash with or without a fever', 'hives', 'itching', 'swelling of the face, eyes, mouth, throat, tongue, or lips', 'red, blistering, or peeling skin', 'sores or ulcers on the skin', 'mouth sores', 'difficulty breathing', 'shortness of breath', 'new or worsening cough', 'chest pain', 'pale skin', 'unusual tiredness', 'unusual bruising or bleedning', 'pain, burning, numbness, or tingling in the hands, arms, legs, or feet']"
682010,Metaxalone,"['drowsiness', 'dizziness', 'headache', 'nervousness', 'agitation, hallucinations, coma, fever, sweating, confusion, fast or irregular heartbeat, shivering, severe muscle stiffness or twitching, loss of coordination, nausea, vomiting, or diarrhea', 'rash; itching; swelling of the lips, face, or tongue; shortness of breath; difficulty breathing or swallowing', 'yellowing of the skin or eyes']"
607049,Retapamulin,"['irritation at the  place where you applied the ointment', 'blisters', 'burning', 'redness', 'swelling', 'oozing from the place where you applied the ointment', 'itching', 'diarrhea', 'headache']"
619050,Pexidartinib,"['hair color changes', 'changes in taste', 'tiredness or weakness', 'constipation', 'hives, red skin, acne', 'swelling of the hands, feet, legs or ankles', 'swelling in or around the eye', 'numbness, burning, or tingling in the arms, hands, feet, or leg']"
603030,Mefloquine,"['nausea', 'vomiting', 'fever', 'diarrhea', 'pain on the right side of your stomach', 'loss of appetite', 'muscle pain', 'headache', 'sleepiness', 'increased sweating', 'tingling in your fingers or toes', 'difficulty walking', 'light-colored bowel movements', 'dark colored urine', 'yellowing of your skin or the white of your eyes', 'itching', 'shaking of arms or legs that you cannot control', 'changes in vision', 'muscle weakness', 'shortness of breath', 'chest pain', 'panic attack', 'rash']"
689006,Fluoxetine,"['nervousness, anxiety', 'difficulty falling asleep or staying asleep', 'nausea, heartburn, diarrhea,', 'dry mouth', 'yawning', 'weakness, tiredness', 'uncontrollable shaking of a part of the body', 'unusual dreams', 'sexual problems in males; decreased sex drive, inability to get or keep an erection, or delayed or absent ejaculation', 'sexual problems in females; decreased sex drive, or delayed orgasm or unable to have an orgasm', 'excessive sweating', 'rash, hives, blisters, itching; difficulty breathing or swallowing; swelling of the face, throat, tongue, lips, eyes, hands, feet, ankles, or lower legs', 'agitation, fever, sweating, confusion, fast or irregular heartbeat, shivering, severe muscle stiffness or twitching, hallucinations, loss of coordination, nausea, vomiting, or diarrhea', 'chest pain, shortness of breath, dizziness, fainting', 'seizures', 'abnormal bleeding or bruising', 'coma (loss of consciousness)', 'headache; unsteadiness; problems with thinking, concentration, or memory']"
604038,Vancomycin,"['nausea', 'vomiting', 'stomach pain', 'diarrhea', 'gas', 'headache', 'back pain', 'sore throat, fever, chills, and other signs of infection', 'hives', 'rash', 'itching', 'sores or blisters in mouth, or on tongue or lips', 'difficulty breathing or swallowing', 'redness of the skin above the waist', 'pain and muscle tightness of the chest and back', 'ringing in the ears', 'decreased urination; swelling of the face, arms, hands, feet, ankles, or lower legs; or unusual tiredness or weakness']"
682707,Papaverine,"['flushing (feeling of warmth)', 'sweating', 'headache', 'tiredness', 'dizziness', 'skin rash', 'upset stomach', 'loss of appetite', 'diarrhea', 'constipation', 'stomach pain', 'yellowing of the skin or eyes', 'irregular heartbeat']"
691003,Estazolam,"['hangover effect (grogginess)', 'drowsiness', 'dizziness', 'weakness', 'dry mouth', 'constipation', 'aggression', 'agitation', 'changes in behavior', 'slowed or uncoordinated movements', 'muscle stiffness', 'leg pain', 'fever', 'blisters', 'rash', 'hives', 'swelling of the eyes, face, lips, tongue, throat, arms, hands, feet, ankles, or lower legs', 'difficulty breathing or swallowing']"
617052,Secnidazole,"['headache', 'nausea', 'vomiting', 'diarrhea', 'unpleasant or metallic taste', 'vaginal odor, white or yellowish vaginal discharge (may be lumpy or look like cottage cheese), or vaginal itching']"
612017,Axitinib,"['diarrhea', 'decrease in appetite or ability to taste things', 'weight loss', 'nausea', 'vomiting', 'constipation', 'tiredness', 'weakness', 'change in the sound of your voice', 'redness, pain, numbness, tingling, or itching or peeling of the skin on your hands and feet', 'cough', 'joint or muscle pain', 'mouth sores', 'stomach pain', 'heart burn', 'headache', 'dizziness', 'rash', 'itching', 'dry skin', 'feeling hot or cold', 'pale skin', 'fast heart beat', 'hair loss', 'ringing in the ears', 'thirst', 'hemorrhoids', 'wound or cut that will not heal', 'severe stomach pain', 'shortness of breath', 'swelling in hands or feet', 'unusual bleeding or bruising', 'black and tarry stools', 'red blood in stools', 'bloody vomit', 'vomiting material that looks like coffee grounds', 'chest pain or pressure', 'pain in the arms, back, neck, or jaw', 'swelling, tenderness, warmth, or redness of a leg', 'sudden numbness or weakness of face, arm, or leg (especially on one side of the body)', 'sudden confusion, trouble speaking or understanding', 'sudden trouble seeing in one or both eyes or loss of vision', 'sudden trouble walking, dizziness, loss of balance or coordination', 'sudden severe headache with no known cause', 'seizure', 'yellowing of the skin or whites of eyes, nausea or vomiting, pain in the right upper side of the stomach, dark colored urine, or unusual bleeding or bruising']"
606024,Varenicline,"['nausea', 'constipation', 'diarrhea', 'gas', 'abdominal pain', 'vomiting', 'heartburn', 'bad taste in the mouth', 'dry mouth', 'increased or decreased appetite', 'toothache', 'trouble falling asleep or staying asleep', 'unusual dreams or nightmares', 'headache', 'lack of energy', 'back, joint, or muscle pain', 'abnormal menstrual cycles', 'swelling of the face, throat, tongue, lips, gums, eyes, neck, hands, arms, feet, ankles, or lower legs', 'hoarseness', 'difficulty swallowing or breathing', 'rash', 'swollen, red, peeling, or blistering skin', 'blisters in the mouth', 'pain, squeezing, or pressure in the chest', 'pain or discomfort in one or both arms, back, neck, jaw, or stomach', 'shortness of breath', 'sweating', 'nausea, vomiting, or lightheadedness with chest pain', 'slow or difficult speech', 'sudden weakness or numbness of an arm or leg, especially on one side of the body', 'calf pain while walking', 'seizures', 'sleepwalking']"
618004,Acalabrutinib,"['headache', 'nausea', 'vomiting', 'constipation', 'diarrhea', 'abdominal pain', 'rash', 'light bruising or small red or purple spots on skin', 'joint or muscle pain', 'extreme tiredness', 'fever, sore throat, chills, or other signs of infection', 'cough, shortness of breath, chest pain when you breathe or cough, fever', 'fast or irregular heartbeat, palpitations, feeling lightheaded or dizzy, fainting, shortness of breath, chest pain', 'unusual or severe bleeding or bruising', 'blood in your stools or black, tarry stools; pink or brown urine; vomiting blood or coffee ground vomit; coughing up blood', 'feeling dizzy, weak, or confused; changes in speech; headache that lasts a long time']"
605011,Ganciclovir,"['nausea', 'vomiting', 'diarrhea', 'constipation', 'stomach pain', 'belching', 'loss of appetite', 'changes in ability to taste food', 'dry mouth', 'mouth sores', 'unusual dreams', 'nervousness', 'depression', 'sweating', 'flushing', 'joint or muscle pain or cramps', 'seeing specks, flashes of light, or a dark curtain over everything', 'decreased urination', 'hives', 'rash', 'itching', 'swelling of the hands, arms, feet, ankles, or lower legs', 'numbness, pain, burning, or tingling in the hands or feet', 'shaking hands that you cannot control', 'difficulty breathing or swallowing', 'chest pain', 'mood changes', 'seizures']"
621036,Sotorasib,"['diarrhea', 'vomiting', 'nausea', 'constipation', 'loss of appetite', 'stomach pain', 'tiredness', 'muscle, joint, or bone pain', 'rash', 'dry skin', 'swelling of the face, arms, hands, feet, ankles, or lower legs', 'mouth sores', 'yellowing of skin or eyes, dark-colored urine, light-colored stools, unusual bleeding or bruising, loss of appetite, unusual tiredness or weakness, or pain on right side of stomach area', 'new or worsening shortness of breath, cough, or fever']"
620036,Selpercatinib,"['dry mouth', 'painful sores in mouth, or on tongue or lips', 'diarrhea', 'constipation', 'nausea', 'vomiting', 'stomach pain', 'headache', 'tiredness', 'weakness', 'swelling of your arms, legs, hands, and feet', 'muscle, bone, and joint pain', 'pain in the right upper part of the stomach; unusual bruising or bleeding; dark urine; nausea, vomiting, or loss of appetite; or yellowing of the skin and eye', 'new or worsening cough, shortness of breath, or fever', 'heart palpitations, dizziness or lightheadedness, or fainting', 'unexplained weight gain, tiredness, feeling cold, or constipation', 'changes in speech, confusion, drowsiness, or sudden or severe headache', 'coughing up or vomiting blood or material that looks like coffee grounds; unusual bleeding or bruising; pink; red, or dark brown urine; red or tarry black bowel movements; unusual or heavy vaginal bleeding; or frequent nose bleeds', 'nausea; vomiting; shortness of breath; muscle cramps; weakness; seizures; or swelling of arms and legs', 'fever, rash, or joint or muscle pain, especially during the first month of therapy', 'hip or knee pain or painless limp']"
617023,Valbenazine,"['sleepiness', 'tiredness', 'restlessness', 'nausea', 'vomiting', 'diarrhea', 'joint or back pain', 'headache', 'constipation', 'dry mouth', 'difficulty urinating', 'blurred vision', 'rash; hives; itching; or swelling of the face, lips, or mouth', '', 'fast, slow, or irregular heartbeat; shortness of breath; dizziness; fainting or loss of consciousness', 'fever, sweating, confusion, fast or irregular heartbeat, or muscle stiffness', 'shaking; drooling; stiffness; difficulty moving, walking, or keeping your balance; or falling']"
682338,Lactulose,"['diarrhea', 'gas', 'nausea', 'stomach pain or cramps', 'vomiting']"
684028,Nifedipine,"['headache', 'nausea', 'dizziness or lightheadedness', 'flushing', 'heartburn', 'fast heartbeat', 'muscle cramps', 'constipation', 'cough', 'decreased sexual ability', 'swelling of the face, eyes, lips, tongue, hands, arms, feet, ankles, or lower legs', 'difficulty breathing or swallowing', 'fainting', 'rash', 'yellowing of the skin or eyes', 'increase in frequency or severity of chest pain (angina)']"
682256,Cimetidine,"['headache', 'diarrhea', 'dizziness', 'drowsiness', 'breast enlargement', 'confusion', 'excitement', 'depression', 'nervousness', 'seeing things or hearing voices that do not exist (hallucinating)']"
682750,Dacarbazine,"['nausea', 'vomiting', 'loss of appetite', 'diarrhea', 'sores in the mouth and throat', 'hair loss', 'feeling of burning or tingling on the face', 'flushing', 'flu-like symptoms', 'redness, pain, swelling, or burning at the site where the injection was given', 'hives', 'skin rash', 'itching', 'difficulty breathing or swallowing', 'fever, muscle aches, and general feeling of pain and tiredness']"
616004,Amphetamine,"['dry mouth', 'nausea', 'diarrhea', 'constipation', 'unpleasant taste', 'stomach cramps', 'weight loss', 'nose bleeding', 'headache', 'grinding or clenching teeth during sleep', 'nervousness', 'changes in sex drive or ability', 'painful menstruation', 'pain or burning when urinating', 'dizziness', 'weakness or numbness of an arm or leg', 'motor or verbal tics', 'believing things that are not true', 'feeling unusually suspicious of others', 'hallucinating (seeing things or hearing voices that do not exist)', 'mania (frenzied or abnormally excited mood)', 'agitation, hallucinations (seeing things or hearing voices that do not exist), fever, sweating, confusion, fast heartbeat, shivering, severe muscle stiffness or twitching, loss of coordination, nausea, vomiting, or diarrhea', 'seizures', 'changes in vision or blurred vision', 'blistering or peeling skin', 'rash', 'hives', 'itching', 'swelling of the face, throat, tongue, lips, or eyes', 'difficulty breathing or swallowing', 'numbness, pain, or sensitivity to temperature in the fingers or toes', 'skin color change from pale to blue to red in the fingers or toes', 'unexplained wounds appearing on fingers or toes']"
607063,Dasatinib,"['muscle, joint, or bone pain', 'weakness', 'headache', 'pain, burning or tingling in the hands or the feet', 'rash', 'mouth sores', 'diarrhea', 'nausea', 'vomiting', 'constipation', 'stomach pain or swelling', 'loss of appetite', 'weight loss', 'fever, sore throat, chills, and/or other signs of infection', 'swelling of the eyes, hands, arms, feet, ankles, or lower legs', 'sudden weight gain', 'difficulty breathing, especially when lying down', 'shortness of breath', 'coughing up pink or bloody mucus', 'dry cough', 'chest pain or pressure', 'dizziness', 'fainting', 'rapid, irregular, or pounding heartbeat', 'unusual tiredness or weakness', 'confusion', 'temporary breast enlargement (in children)', 'unusual bruising or bleeding; black, tarry, or bloody stools; or vomiting or spitting up blood or brown material that resembles coffee grounds', 'vision changes', 'slow or difficult speech', 'weakness or numbness of an arm or leg', 'fever; sore mouth or throat; or blistering or peeling of your skin or in the mouth', 'yellowing of the skin or eyes, dark urine, loss of appetite, fatigue, or pain or discomfort in right upper stomach area', 'nausea, vomiting, weakness, shortness of breath, seizures, irregular heartbeat, or muscle cramps']"
624008,Eflornithine,"['runny nose, sneezing, and congestion', 'diarrhea', 'vomiting', 'burning, red, itchy, crusty, or irritated eyes', 'rash', 'arm or leg pain', 'hair loss', 'ear pain or other signs of ear infection', 'fever, chills, cough, sore throat, difficulty urinating, pain when urinating, or other signs of infection', 'warm, red, or painful skin; or sores on the skin', 'unusual bruising or bleeding', 'blood in urine or stool', 'pale skin', 'unusual tiredness or weakness', 'shortness of breath', 'yellowing of the skin or eyes, dark-colored (tea-colored) urine, light-colored stools, pain in upper right part of the stomach, nausea, vomiting, or loss of appetite']"
682040,Chlorpromazine,"['dizziness, feeling unsteady, or having trouble keeping your balance', 'blank facial expression', 'shuffling walk', 'restlessness', 'agitation', 'nervousness', 'unusual, slowed, or uncontrollable movements of any part of the body', 'difficulty falling asleep or staying asleep', 'increased appetite', 'weight gain', 'breast milk production', 'breast enlargement', 'missed menstrual periods', 'decreased sexual ability', 'changes in skin color', 'dry mouth', 'stuffed nose', 'difficulty urinating', 'widening or narrowing of the pupils (black circles in the middle of the eyes)', 'fever', 'muscle stiffness', 'falling', 'confusion', 'fast or irregular heartbeat', 'sweating', 'yellowing of the skin or eyes', 'flu-like symptoms', 'sore throat, chills, and other signs of infection', 'unusual bleeding or bruising', 'neck cramps', 'tongue that sticks out of the mouth', 'tightness in the throat', 'difficulty breathing or swallowing', 'fine, worm-like tongue movements', 'uncontrollable, rhythmic face, mouth, or jaw movements', 'seizures', 'blisters', 'rash', 'hives', 'itching', 'swelling of the eyes, face, mouth, lips, tongue, throat, arms, hands, feet, ankles, or lower legs', 'vision loss, especially at night', 'seeing everything with a brown tint']"
608007,Budesonide,"['headache', 'dizziness', 'runny nose, sneezing, coughing', 'nausea', 'indigestion', 'abdominal pain', 'dry, itchy skin', 'gas', 'vomiting', 'fatigue', 'back pain', 'joint pain or aches', 'muscle aches, spasms or cramps', 'dry, itchy skin', 'difficulty sleeping', 'facial or extremity swelling', 'acne', 'weight gain', 'difficulty sleeping', 'mood changes', 'facial hair', 'rash, throat swelling, difficulty breathing', 'fever, cough, shortness of breath', 'abdominal pain, diarrhea, nausea, vomiting', 'changes in vision', 'bruising', 'bruising, swelling of the face, fatty pad or hump between your shoulders, easy bruising, stretch marks on the skin']"
613025,Tofacitinib,"['diarrhea', 'headache', 'stuffy or runny nose', 'hives, swelling of face, eyes, lips, or throat, difficulty swallowing or breathing', 'stomach pain, especially if it comes along with fever and diarrhea or constipation', 'yellowing of the skin or eyes', 'loss of appetite', 'dark urine', 'clay-colored bowel movements', 'vomiting', 'rash', 'pale skin', 'shortness of breath']"
682289,Daunorubicin,"['nausea', 'vomiting', 'sores in the mouth and throat', 'diarrhea', 'stomach pain', 'hair loss', 'red urine', 'redness, pain, swelling, or burning at the site where the injection was given', 'rash', 'hives', 'itching', 'difficulty breathing or swallowing']"
620046,Fostemsavir,"['nausea', 'dizziness, lightheadedness, fainting, or irregular heartbeat', 'fever, swelling, tenderness, redness, or other signs of infection']"
608002,Nilotinib,"['rash', 'itching', 'nausea', 'vomiting', 'diarrhea', 'constipation', 'heartburn', 'gas', 'loss of appetite', 'headache', 'dizziness', 'tiredness', 'difficulty falling asleep or staying asleep', 'night sweats', 'muscle cramps', 'back, bone, joint, limb, or muscle pain', 'hair loss', 'dry or reddened skin', 'numbness, burning, or tingling in the hands or feet', 'unusual bleeding or bruising, blood in urine, bloody or black, tarry stools', 'sudden headache, confusion, or changes in vision', 'unusual tiredness or weakness', 'pale skin', 'chest pain or discomfort, problems walking or speaking, numbness, change in leg skin color, or pain or cold sensation in legs', 'stomach pain with nausea and vomiting', 'fever, chills, sore throat, ongoing cough and congestion, or other signs of infection', 'swelling of hands, ankles, feet, or face; sudden weight gain; or shortness of breath', 'pain or discomfort in the right upper stomach area, yellowing of the skin and eyes, or dark urine', 'urinating less often than usual']"
682022,Phenytoin,"['difficulty falling asleep or staying asleep', 'uncontrollable eye movements', 'abnormal body movements', 'loss of coordination', 'confusion', 'slurred speech', 'headache', 'changes in your sense of taste', 'constipation', 'unwanted hair growth', 'coarsening of facial features', 'enlargement of lips', 'overgrowth of gums', 'pain or curving of the penis', 'swollen glands', 'blisters', 'nausea', 'vomiting', 'yellowing of the skin or eyes', 'pain in upper right part of the stomach', 'excessive tiredness', 'unusual bruising or bleeding', 'small red or purple spots on skin', 'loss of appetite', 'flu-like symptoms', 'fever, sore throat, rash, mouth ulcers, or easy bruising, or facial swelling', 'dizziness, tiredness, irregular heartbeat, or chest pain', 'shortness of breath', 'hives', 'swelling of the face, eyes, throat, tongue, or lips', 'difficulty swallowing or breathing']"
698029,Rimantadine,"['upset stomach', 'nervousness', 'tiredness', 'difficulty sleeping and concentrating', 'lightheadedness', 'skin rash', 'yellowing of the skin or eyes', 'mood changes', 'mental confusion', 'vision changes']"
608003,Toremifene,"['hot flashes', 'sweating', 'blurred or abnormal vision', 'sensitivity to light or seeing halos around lights', 'difficulty seeing at night', 'fading or yellowing of colors', 'dry eyes', 'dizziness', 'swelling of the hands, feet, ankles, or lower legs', 'vaginal bleeding', 'pelvic pain or pressure', 'irregular periods', 'unusual vaginal discharge', 'sleepiness', 'confusion', 'muscle pain or weakness', 'joint pain', 'abdominal pain', 'constipation', 'frequent urination', 'excessive thirst', 'loss of appetite', 'nausea', 'vomiting']"
604012,Fosamprenavir,"['diarrhea', 'nausea', 'vomiting', 'headache', 'rash; itching; hives, blisters, or peeling skin; difficulty breathing or swallowing; swelling of your face, eyes, lips, tongue, or throat', 'sore throat, fever, chills, cough, and other signs of infection', 'back or side pain, blood in urine, pain when urinating']"
601236,Entacapone,"['dizziness', 'diarrhea', 'upset stomach', 'movements you cannot control', 'stomach pain', 'drowsiness', 'difficulty breathing', 'hallucinations', 'high fever', 'confusion', 'muscle stiffness', 'weakness with or without a fever']"
613009,Glucarpidase,"['nausea', 'vomiting', 'fever', 'chills', 'flushing or feeling hot', 'rash', 'hives', 'itching', 'throat tightness or difficulty breathing', 'feelings of numbness, tingling, pricking, burning, or creeping on the skin', 'headache']"
609021,Fesoterodine,"['dry mouth', 'constipation', 'difficulty emptying the bladder', 'dry eyes', 'dry throat', 'cough', 'back pain', 'swelling of the face, throat, tongue, or lips', 'hoarseness', 'difficulty swallowing or breathing']"
618036,Lofexidine,"['difficulty falling asleep or staying asleep', 'dry mouth', 'ringing in the ears', 'fainting', 'dizziness or lightheadedness']"
619051,Upadacitinib,"['stuffy or runny nose', 'nausea', 'acne', 'headache', 'increased weight', 'muscle pain', 'red bumps or pimples around hair follicles', 'rash, hives, swelling of face, eyes, lips, or throat, difficulty swallowing or breathing', 'stomach pain, especially if it comes along with fever, chills, nausea, and vomiting', 'shortness of breath, tiredness, or pale skin', 'sudden changes in vision']"
695005,Nefazodone,"['drowsiness', 'difficulty concentrating', 'dry mouth', 'nausea, constipation', 'dizziness, lightheadedness', 'weakness', 'rash; hives; itching; difficulty breathing or swallowing; hoarseness; swelling of the face, throat, tongue, lips, eyes, hands, feet, ankles, or lower legs', 'headache; unsteadiness; problems with thinking, concentration, or memory', 'seizures', 'painful erection of the penis lasting more than 4 hours']"
601107,Reserpine,"['dizziness', 'loss of appetite', 'diarrhea', 'upset stomach', 'vomiting', 'stuffy nose', 'headache', 'dry mouth', 'decreased sexual ability', 'depression', 'nightmares', 'fainting', 'slow heartbeat', 'chest pain', 'swollen ankles or feet']"
698014,Tiagabine,"['dizziness\r\nor lightheadedness', 'drowsiness', 'lack of energy\r\nor weakness', 'wobbliness, unsteadiness, or incoordination causing difficulty walking', 'depression', 'hostility or anger', 'irritability', 'confusion', 'difficulty concentrating or paying attention', 'abnormal thinking', 'speech or language problems', 'increased appetite', 'nausea', 'stomach pain', 'nervousness', 'difficulty falling asleep or staying asleep', 'itching', 'bruising', 'painful or frequent urination', 'rash', 'sores on the inside of your mouth, nose, eyes or throat', 'flu-like symptoms', 'changes in vision', 'severe weakness', 'shaking hands you cannot control', 'numbness, pain, burning, or tingling in the hands or feet', 'seizures, including status epilepticus']"
682094,Procarbazine,"['nausea', 'vomiting', 'loss of appetite', 'constipation', 'stomach pain', 'dryness of mouth', 'changes in skin color', 'hair loss', 'difficulty falling asleep or staying asleep', 'headache', 'bone, joint, or muscle pain', 'increased urination', 'sores in the mouth and throat', 'severe or ongoing diarrhea', 'pain, burning, numbness, pricking, or tingling in the hands or feet or on the skin', 'uncontrollable shaking of a part of your body', 'confusion', 'hallucinating (seeing things or hearing voices that do not exist)', 'seizures', 'vision changes', 'fainting', 'dizziness', 'fast or irregular heartbeat', 'fever, sore throat, chills, or other signs of infection', 'unusual bruising or bleeding', 'black, tarry stools', 'red urine', 'hives', 'rash', 'itching', 'difficulty breathing or swallowing', 'yellowing of the skin or eyes']"
682693,Trimethobenzamide,"['drowsiness', 'dizziness', 'headache', 'depression', 'diarrhea', 'rash', 'backward arching of the head, neck, and back', 'muscle cramps', 'uncontrollable shaking of a part of the body', 'slow, jerking movements or shuffing walk', 'slow speech', 'confusion', 'blurred vision', 'yellowing of the skin or eyes', 'seizures', 'coma (loss of consciousness for a period of time)']"
620030,Selumetinib,"['nausea, vomiting, constipation, stomach pain', 'dry skin, itching', 'headache', 'mouth ulcers', 'redness around the fingernails', 'nose bleeding', 'fatigue', 'loss of appetite', 'hair loss or hair color changes', 'fever, unusual bleeding, pale skin or tiredness', 'blurred vision; loss of vision; dark spots in your vision; or other vision changes', 'diarrhea, vomiting, mouth sores', 'rash, skin blisters or peeling', 'muscle pain, aches, or weakness; or dark urine', 'coughing or wheezing; shortness of breath; swelling of ankles and feet; or extreme tiredness']"
604001,Adapalene,"['redness', 'scaling', 'dryness', 'burning or stinging', 'pain at the application site', 'hives, itching, shortness of breath or difficulty breathing', 'swelling of the eyes, face, lips, tongue, or throat']"
698004,Letrozole,"['hot flushes', 'night sweats', 'nausea', 'vomiting', 'loss of appetite', 'constipation', 'diarrhea', 'heartburn', 'stomach pain', 'changes in weight', 'muscle, joint, or bone pain', 'excessive tiredness', 'headache', 'dizziness', 'weakness', 'swelling of the hands, feet, ankles, or lower legs', 'difficulty falling asleep or staying asleep', 'vaginal bleeding or irritation', 'breast pain', 'hair loss', 'blurry vision', 'chest pain', 'rash', 'hives', 'itching', 'difficulty breathing', 'unusual bleeding or bruising', 'pain in the upper right part of the stomach', 'yellowing of the skin or eyes', 'flu-like symptoms', 'pain, warmth, or heaviness in the back of the lower leg', 'severe headache', 'sudden speech problems', 'sudden weakness or numbness of an arm or leg']"
684062,Indapamide,"['headaches', 'drowsiness, dizziness, tiredness, weakness, confusion', 'muscle cramps or spasms or numbness in fingers or toes', 'nervousness, tension, irritability', 'frequent urination', 'rapid, excessive weight loss', 'severe skin rash with itching', 'difficulty breathing or swallowing', 'feeling of racing heart or irregular beat, lightheadedness']"
682121,Trifluoperazine,"['dizziness, feeling unsteady, or having trouble keeping your balance', 'blurred vision', 'dry mouth', 'difficulty urinating', 'agitation, jitteriness, difficulty falling asleep or staying asleep', 'unusual, slowed, or uncontrollable movements of any part of the body', 'weakness', 'breast enlargement', 'breast milk production', 'missed menstrual periods', 'decreased sexual ability in men', 'fever; stiff muscles; sweating; confusion; sweating; or fast, pounding, or irregular\r\nheartbeat', 'falling down', 'yellowing of the skin or eyes', 'sore throat, chills, and other signs of infection', 'neck cramps', 'tongue', 'tightness in the throat', 'uncontrollable, rhythmic face, mouth,  jaw movements, body, or arms and legs', 'seizures', 'rash, hives, itching, blisters; difficulty breathing or swallowing; swelling of the eyes, face, mouth, lips, tongue, throat, arms, hands, feet, ankles, or lower legs', 'erection that lasts for hours', 'changes in vision']"
603015,Ezetimibe,"['diarrhea', 'sore throat', 'runny nose', 'sneezing', 'joint, back, arm, or leg pain', 'hives; rash; itching; difficulty breathing or swallowing; hoarseness; or swelling of the face, throat, tongue, lips, or eyes', 'fast heartbeat', 'dizziness or fainting', 'upset stomach', 'extreme tiredness', 'unusual bleeding or bruising', 'lack of energy', 'loss of appetite', 'pain in the upper right part of the stomach', 'yellowing of the skin or eyes', 'flu-like symptoms', 'muscle pain or weakness', 'fever', 'chills', 'light-colored bowel movements']"
601033,Candesartan,"['headache', 'back pain', 'sore throat', 'swelling of the face, throat, tongue, lips, eyes, hands, feet, ankles, or lower legs', 'hoarseness', 'difficulty breathing or swallowing', 'decreased urination']"
624032,Tovorafenib,"['rash', 'hair color changes', 'tiredness', 'vomiting', 'headache', 'fever, cough, congestion', 'dry skin', 'constipation', 'nausea', 'diarrhea', 'stomach pain', 'mouth sores', 'infection of the skin around the fingernails or toenails', 'swelling of the eyes, hands, arms, feet, ankles, or lower legs', 'unusual bleeding or bruising; headache, dizziness or feeling weak; coughing up blood or blood clots; vomiting blood or vomit looking like coffee grounds; or red or tarry-looking black stools', 'rash, skin bumps, acne, blisters, peeling or red, irritated skin', 'pain in right side of stomach, yellowing of skin or whites of eyes, dark urine, nausea or vomiting, loss of appetite, tiredness, bruising, bleeding']"
618033,Baricitinib,"['nausea', 'headache', 'acne', 'red bumps or pimples around hair follicles', 'hives; swelling of face, eyes, lips, or throat; difficulty swallowing or breathing', 'stomach pain, especially if it comes along with fever and diarrhea or constipation', 'shortness of breath, tiredness, or pale skin']"
624039,Elafibranor,"['diarrhea', 'stomach pain', 'nausea', 'vomiting', 'constipation', 'heartburn', 'weight loss or gain', 'dry mouth', 'joint pain', 'fever and chills', 'weakness', 'lightheadedness', 'yellowing of the skin or eyes', 'pain in the upper right part of the stomach', 'new or worsening fatigue; loss of appetite; or swelling of legs of feet', 'swelling in and around the stomach area; black, tarry, or bloody stools; coughing up or vomiting blood; confusion, slurred speech, anxiety, mood swings, or changes in personality', 'rash; itching; swelling of the face, eyes, mouth, throat, tongue, or lips; or difficulty breathing or swallowing', 'dark-colored urine; unexplained muscle pain, tenderness, or weakness; or tiredness', 'fracture of the bone or severe bone pain']"
681049,Sucralfate,"['constipation', 'hives', 'rash', 'itching', 'difficulty breathing or swallowing', 'swelling of the face, throat, tongue, or lips']"
682277,Warfarin,"['gas, bloating', 'abdominal pain', 'change in the way things taste', 'loss of hair', 'feeling cold or having chills', 'hives, rash, itching', 'difficulty breathing or swallowing', 'swelling of the face, throat, tongue, lips, or eyes', 'hoarseness', 'chest pain or pressure', 'swelling of the hands, feet, ankles, or lower legs', 'fever, infection', 'nausea, vomiting, diarrhea', 'extreme tiredness, loss of energy', 'loss of appetite', 'pain in the upper right part of the stomach', 'yellowing of the skin or eyes', 'flu-like symptoms']"
624011,Nirogacestat,"['nausea', 'stomach pain', 'mouth sores', 'rash', 'hair loss', 'headache', 'runny nose, nasal congestion, sneezing, or sore throat', 'cough', 'shortness of breath', 'tiredness', 'changes in menstrual cycle', 'hot flashes', 'night sweats', 'vaginal dryness', 'muscle pain or weakness', 'new or changing skin lesions']"
601250,Temozolomide,"['nausea', 'vomiting', 'diarrhea', 'constipation', 'loss of appetite', 'sores in the mouth and throat', 'headache', 'pale skin', 'lack of energy', 'loss of balance or coordination', 'fainting', 'dizziness', 'hair loss', 'insomnia', 'memory problems', 'changes in vision', 'unusual bleeding or bruising', 'red or black, tarry stools', 'pink, red, or dark brown urine', 'coughing up or vomiting blood or material that looks like coffee grounds', 'fever, sore throat, ongoing cough and congestion, or other signs of infection', 'unusual tiredness or weakness', 'rash', 'unable to move one side of the body', 'shortness of breath', 'seizures', 'yellowing of the skin or eyes', 'pain in the upper right part of the stomach', 'decreased urination']"
692025,Pravastatin,"['heartburn', 'headache', 'memory loss or forgetfulness', 'confusion', 'muscle pain, tenderness, or weakness; lack of energy, extreme tiredness or weakness; fever', 'yellowing of the skin or eyes; pain in the upper right part of the stomach; nausea; unusual bleeding or bruising; dark-colored urine; loss of appetite; flu-like symptoms', 'rash, hives, itching; difficulty breathing or swallowing; swelling of the face, throat, tongue, lips, eyes, hands, feet, ankles, or lower legs; hoarseness']"
696016,Glimepiride,"['dizziness', 'nausea', 'yellowing of the skin or eyes', 'light-colored stools', 'dark urine', 'pain in the upper right part of the stomach', 'unusual bruising or bleeding', 'diarrhea', 'fever', 'sore throat']"
682341,Chlorothiazide,"['frequent urination', 'muscle spasms', 'blurred vision', 'constipation', 'diarrhea', 'vomiting', 'loss of appetite', 'headache', 'hair loss', 'dry mouth; thirst; nausea; vomiting; weakness, tiredness; drowsiness; restlessness; confusion; muscle weakness, pain, or cramps; fast heartbeat and other signs of dehydration and electrolyte imbalance', 'fever', 'blisters or peeling skin', 'difficulty breathing or swallowing', 'hives', 'rash', 'itching', 'yellowing of the skin or eyes']"
620014,Lumateperone,"['extreme tiredness or fatigue', 'weight gain', 'nausea', 'dry mouth', 'dizziness', 'rash, hives, or itching', 'problems with coordination or increased falls', 'unusual movements of your face or body that you cannot control', 'sore throat, fever, chills, or other signs of infection', 'fever; stiff muscles; sweating; confusion; sweating; or fast, pounding, or irregular heartbeat', 'tightening of neck muscles or throat; or difficulty breathing or swallowing', 'seizures']"
609002,Silodosin,"['orgasm with little or no semen (fluid)', 'diarrhea', 'dizziness', 'low blood pressure', 'stuffy or runny nose', 'painful erection of the penis that lasts for several hours']"
693005,Sargramostim,"['redness, swelling, bruising, itching or a lump in the area where the medication was injected', 'bone, joint, or muscle pain', 'headache', 'nausea', 'vomiting', 'diarrhea', 'stomach pain', 'mouth sores', 'loss of appetite', 'hair loss', 'shortness of breath or fast breathing', 'difficulty breathing', 'wheezing', 'dizziness', 'sweating', 'hives', 'rash', 'itching', 'swelling around the mouth, face, eyes, stomach, feet, ankles, or lower legs', 'sudden weight gain', 'chest pain', 'fast or irregular heartbeat', 'fainting', 'unusual bruising or purple markings under the skin', 'unusual bleeding', 'nosebleeds', 'unusual tiredness or weakness', 'decreased urination']"
682541,Cyproheptadine,"['dry mouth, nose, and throat', 'drowsiness', 'dizziness', 'nausea', 'chest congestion', 'headache', 'excitement (especially in children)', 'nervousness', 'muscle weakness', 'difficulty urinating', 'vision problems']"
687003,Acebutolol,"['dizziness, lightheadedness', 'excessive tiredness', 'headache', 'constipation', 'diarrhea', 'nausea', 'muscle or joint pain', 'difficulty falling asleep or staying asleep', 'shortness of breath or wheezing', 'slow heart rate', 'unusual weight gain', 'swelling of the hands, feet, ankles, or lower legs', 'chest pain']"
691006,Didanosine,"['headache', 'hives', 'rash', 'itching', 'difficulty breathing or swallowing', 'numbness, tingling, burning, or pain in hands or feet', 'vision changes', 'difficulty in seeing colors clearly']"
607056,Levocetirizine,"['sleepiness', 'tiredness', 'hives; rash; itching; swelling of the arms, hands, feet, ankles, or lower legs', 'itching that occurs a few days after stopping this medication after taking for a long time (months to years)']"
613007,Linaclotide,"['diarrhea', 'stomach pain', 'swelling or feeling of fullness or pressure in the stomach area', 'gas', 'headache', 'unusual or severe stomach pain', 'bright red or black, tarry stools', 'hives; rash; itching; swelling of the lips, tongue, or throat; shortness of breath or difficulty breathing', 'dizziness or fainting', 'extreme thirst, dry mouth and/or skin, sunken eyes, or fast heartbeat']"
626021,Aficamten,[]
615033,Macitentan,"['stuffy nose, sore throat, cough, or flu-like symptoms', 'headache', 'urgent, frequent, or painful urination', 'rash', 'itchy skin, extreme tiredness, dark urine, yellowing of your skin or eyes, pain in the upper right part of your stomach, unexplained nausea or vomiting, loss of appetite', 'fever', 'hoarseness; swelling of the face, throat, tongue, lips, and eyes', 'coughing up pink, frothy sputum or blood', 'unusual weight increase, swelling of the ankles or legs']"
696028,Indinavir,"['change in sense of taste', 'rash', 'hives', 'itching', 'peeling or blistering skin', 'back pain', 'pain in the side of your body', 'middle to lower stomach pain', 'blood in urine', 'muscle pain or weakness', 'nausea', 'excessive tiredness', 'unusual bleeding or bruising', 'loss of appetite', 'pain in the upper right part of your stomach', 'flu-like symptoms', 'dark yellow or brown urine', 'yellowing of the skin or eyes', 'shortness of breath', 'fast heartbeat', 'confusion', 'dizziness', 'headache', 'paleness']"
697029,Pramipexole,"['nausea', 'weakness', 'dizziness', 'loss of balance, falling', 'difficulty falling asleep or staying asleep', 'difficulty remembering', 'abnormal dreams', 'heartburn', 'constipation', 'diarrhea', 'dry mouth', 'swollen, stiff, or painful joints', 'pain in back, arms or legs', 'frequent urination or urgent need to urinate', 'difficulty urinating or pain when urinating', 'hallucinations (seeing things or hearing voices that do not exist), confusion, aggressive behavior, agitation, abnormal thoughts', 'changes in vision', 'abnormal body movements and motions that you cannot control', 'changes in the way you sit or stand that you cannot control, such as your neck bending forward, bending forward at the waist, or tilting sideways when you sit, stand or walk,', 'dark, red or cola-colored urine', 'muscle tenderness', 'muscle stiffness or aching', 'muscle weakness']"
626024,Tradipitant,"['drowsiness', 'headache', 'tiredness']"
604015,Miglustat,"['diarrhea', 'stomach pain or bloating', 'gas', 'loss of appetite', 'weight loss', 'upset stomach', 'vomiting', 'constipation', 'indigestion', 'dry mouth', 'weakness', 'muscle cramps, especially in the legs', 'feeling of heaviness in the arms or legs', 'unsteadiness when walking', 'back pain', 'dizziness', 'nervousness', 'headache', 'memory problems', 'difficult or irregular menstruation (period)', 'tiredness', 'fever', 'pain, burning, numbness or tingling in your hands, arms, legs, or feet', 'shaking hands that you cannot control', 'changes in vision', 'easy bruising or bleeding']"
697040,Levofloxacin,"['nausea', 'vomiting', 'diarrhea', 'stomach pain', 'constipation', 'heartburn', 'vaginal itching and/or discharge', 'severe diarrhea (watery or bloody stools) that may occur with or without fever and stomach cramps (may occur up to 2 months or more after your treatment)', 'rash', 'hives', 'itching', 'peeling or blistering of the skin', 'fever', 'swelling of the eyes, face, mouth. lips, tongue, throat, hands, feet, ankles or lower legs', 'hoarseness or throat tightness', 'ongoing or worsening cough', 'difficulty breathing or swallowing', 'extreme thirst or hunger; pale skin; feeling shaky or trembling; fast or fluttering heartbeat; sweating; frequent urination; trembling; blurred vision; or unusual anxiety', 'fainting or loss of consciousness', 'yellowing of the skin or eyes; pale skin; dark urine; or light colored stool', 'seizures', 'unusual bruising or bleeding', 'sudden pain in the chest, stomach, or back']"
697032,Donepezil,"['nausea', 'vomiting', 'diarrhea', 'loss of appetite', 'weight loss', 'frequent urination', 'difficulty controlling urination', 'muscle cramps', 'joint pain, swelling, or stiffness', 'pain', 'excessive tiredness', 'difficulty falling asleep or staying asleep', 'headache', 'dizziness', 'nervousness', 'depression', 'confusion', 'changes in behavior or mood', 'hallucinations (seeing things or hearing voices that do not exist)', 'abnormal dreams', 'red, scaling, itchy skin', 'fainting', 'slow heartbeat', 'chest pain', 'new or worsening breathing problems', 'new or worsening stomach pain or heartburn', 'black or tarry stools', 'red blood in stools', 'bloody vomit', 'vomit that looks like coffee grounds', 'difficulty urinating or pain when urinating', 'lower back pain', 'fever', 'seizures', 'discoloration or bruising of the skin']"
682619,Pseudoephedrine,"['restlessness', 'nausea', 'vomiting', 'weakness', 'headache', 'nervousness', 'dizziness', 'difficulty sleeping', 'stomach pain', 'difficulty breathing', 'fast, pounding, or irregular heartbeat']"
689004,Oxiconazole,"['itching', 'burning', 'redness', 'dry or flaky skin', 'tingling', 'pain', 'swelling', 'open sores', 'skin rash']"
686022,Enalapril,"['cough', 'dizziness', 'rash', 'weakness', 'swelling of the face, throat, tongue, lips, eyes, hands, feet, ankles, or lower legs', 'hoarseness', 'difficulty breathing or swallowing', 'yellowing of the skin or eyes', 'fever, sore throat, chills, and other signs of infection', 'lightheadedness', 'fainting']"
682607,Propranolol,"['dizziness or lightheadedness', 'tiredness', 'diarrhea', 'constipation', 'rash, itching, hives, blistering or peeling skin, difficulty breathing or swallowing, or swelling of the face, throat, tongue, or lips', 'feeling faint', 'unusual weight gain', 'shortness of breath', 'irregular heartbeat']"
619045,Darolutamide,"['extreme tiredness', 'arm, leg, hand, or foot pain', 'arm, leg, hand, or foot pain', 'rash', 'blood in urine', 'fever, rapid and/or shallow breathing, or cough', 'chest pain or feeling of pressure in the chest', 'seizures']"
624068,Inavolisib,"['tiredness', 'nausea', 'rash', 'loss of appetite', 'headache', 'difficulty breathing, vomiting, stomach pain, excessive thirst, frequent urinating, dry mouth, blurred vision, increased appetite, weight loss, fruity smelling breath, dry mouth or dry skin, flushing, confusion', 'pain, redness, swelling, or ulcers in the mouth', 'diarrhea, stomach pain, mucus or bloody stools']"
624058,Lazertinib,"['muscle, joint pain', 'diarrhea', 'constipation', 'nausea', 'vomiting', 'mouth sores', 'stomach pain', 'decreased appetite', 'hemorrhoids', 'tiredness', 'dizziness', 'headache', 'numbness or tingling of the skin', 'swelling or the hands, ankles, feet, face, or body', 'redness or swelling around the fingernails or toenails', 'difficulty falling asleep or staying asleep', 'new or worsening cough, difficulty breathing, wheezing, chest tightness, fever, or shortness of breath', 'unusual bruising or bleeding']"
617007,Niraparib,"['nausea', 'vomiting', 'constipation', 'heartburn', 'dry mouth', 'sores in the mouth', 'loss of appetite', 'back pain', 'headache', 'dizziness', 'changes in taste', 'difficulty falling asleep or staying asleep', 'anxiety', 'rash', 'pale skin', 'shortness of breath', 'weakness', 'tiredness', 'weight loss', 'bruising or bleeding easily', 'blood in urine or stool', 'burning feeling when you urinate', 'frequent or urgent need to urinate', 'fever, cough, runny nose, or other signs of infection']"
618006,Letermovir,"['nausea', 'vomiting', 'diarrhea', 'abdominal pain', 'swelling of your arms or legs', 'headache', 'extreme tiredness', 'cough', 'fast or irregular heartbeat; feeling weak or dizzy, shortness of breath, or chest pain']"
617025,Safinamide,"['nausea', 'difficulty falling asleep or staying asleep', 'worsening or more frequent body movements that you can not control', 'vision changes', 'hallucinations (seeing things or hearing voices that do not exist)', 'delusional beliefs (believing things that are not real)', 'agitation, hallucinations, fever, sweating, confusion, fast heartbeat, shivering, severe muscle stiffness or twitching, loss of coordination, nausea, vomiting, or diarrhea']"
621041,Infigratinib,"['diarrhea', 'nausea', 'vomiting', 'constipation', 'loss of appetite', 'changes in taste', 'heartburn or indigestion', 'stomach pain', 'sores on the lips, mouth, or throat', 'dry mouth and/or skin', 'nail disorders', 'hair loss', 'headache', 'fatigue', 'swelling of hands, feet, legs or ankles', 'pain in joints, arms, or legs', 'nose bleeds', 'blurred vision, floaters in the eye, seeing flashes of light, or other changes in vision', 'muscle cramps, numbness, or tingling around the mouth', 'fever, chills, or other signs of infection', 'blistering and peeling skin']"
614040,Idelalisib,"['headache', 'difficulty falling asleep or staying asleep', 'decreased appetite', 'increased thirst', 'heartburn', 'joint pain', 'night sweats', 'lack of energy', 'swelling of the hands, feet, ankles, or lower legs', 'red, itching, peeling, or blistering skin', 'painful sores or ulcers on your skin, lips, or in your mouth', 'difficulty swallowing or breathing; swelling of the face, lips, or throat; hives; itching']"
615029,Amiloride,"['headache', 'heartburn', 'loss of appetite', 'nausea', 'diarrhea', 'vomiting', 'gas', 'dry mouth; thirst; numbness and tingling; confusion; muscle weakness, stomach pain, or cramps; fast heartbeat and other signs of dehydration and electrolyte imbalance', 'yellowing of the skin or eyes', 'chest pain', 'rash', 'itching', 'hives', 'difficulty breathing or swallowing']"
626013,Phendimetrazine,"['nausea', 'diarrhea', 'constipation', 'dry mouth', 'stomach pain', 'changes in sex drive or ability', 'frequent urination or painful or difficult urination', 'restlessness', 'agitation', 'abnormally excited mood', 'difficulty falling asleep or staying asleep', 'blurred vision', 'dizziness', 'flushing', 'sweating', 'headache', 'uncontrollable shaking of part of the body', 'shortness of breath; chest pain; or swelling of the legs, ankles, or feet', 'fast, pounding, or irregular heartbeat', 'believing things that are not true; feeling unusually suspicious of others; or hallucinating (seeing things or hearing voices that do not exist']"
682399,Clindamycin,"['nausea', 'vomiting', 'unpleasant or metallic taste in the mouth', 'joint pain', 'thick, white vaginal discharge', 'burning, itching, and swelling of the vagina', 'peeling or blistering skin', 'rash', 'hives', 'itching', 'difficulty breathing or swallowing', 'hoarseness', 'swelling of the face, throat, tongue, lips, eyes, hands, feet, ankles, or lower legs', 'yellowing of the skin or eyes', 'decreased urination', 'new or worsening heartburn', 'difficulty swallowing', 'pain when swallowing']"
697013,Zileuton,"['headache', 'heartburn', 'diarrhea', 'muscle pain', 'nose and throat irritation', 'pain or fullness in the face', 'rash', 'hives', 'pain in the upper right part of the stomach', 'nausea', 'vomiting', 'excessive tiredness', 'itching', 'yellowing of the skin or eyes', 'dark urine', 'flu-like symptoms']"
682188,Methylphenidate,"['nervousness', 'irritability', 'difficulty falling asleep or staying asleep', 'dizziness', 'nausea', 'vomiting', 'loss of appetite', 'weight loss', 'stomach pain', 'diarrhea', 'heartburn', 'dry mouth', 'headache', 'muscle tightness', 'drowsiness', 'uncontrollable movement of a part of the body', 'restlessness', 'decreased sexual desire', 'heavy sweating', 'back pain', 'fast, pounding, or irregular heartbeat; chest pain; shortness of breath; excessive tiredness; or fainting', 'seizures', 'changes in vision or blurred vision', 'agitation, believing things that are not true, feeling unusually suspicious of others, hallucinating (seeing things or hearing voices that do not exist)', 'motor tics or verbal tics', 'depression, abnormally excited mood, or mood changes', 'frequent, painful erections or erection that lasts longer than 4 hours', 'numbness, pain, or sensitivity to temperature in the fingers or toes; skin color change from pale to blue to red in the fingers or toes; or unexplained wounds on the fingers or toes', 'hives; rash; itching; blistering or peeling skin, swelling of the eyes, face, lips, mouth, tongue, or throat; difficulty breathing or swallowing; or hoarseness']"
601038,Cilostazol,"['headache', 'diarrhea', 'dizziness', 'heartburn', 'nausea', 'stomach pain', 'muscle pain', 'fast or irregular heartbeat', 'unusual bleeding or bruising', 'swelling of the arms, hands, feet, ankles, or lower legs']"
698002,Propafenone,"['dizziness', 'dry mouth', 'headache', 'nausea', 'vomiting', 'diarrhea', 'constipation', 'loss of appetite', 'unusual taste in the mouth', 'gas', 'tiredness', 'anxiety', 'blurred vision', 'uncontrollable shaking of a part of the body', 'difficulty falling asleep or staying asleep', 'difficulty with coordination', 'difficulty breathing', 'wheezing', 'chest pain', 'new or worsening irregular heartbeat', 'slow, fast, or pounding heartbeat', 'swelling of the hands, feet, ankles, or lower legs', 'sudden, unexplained weight gain', 'fainting', 'skin rash', 'unexplained fever, chills, weakness, or sore throat']"
682336,Leucovorin,"['diarrhea', 'rash', 'hives', 'itching', 'difficulty breathing or swallowing']"
698016,Finasteride,"['inability to have or maintain an erection', 'decreased sexual desire', 'problems with ejaculation (including decreased volume of ejaculate)', 'pain in the testicles', 'depression', 'changes in the breasts such as increased size, lumps, pain, or nipple discharge', 'rash', 'itching', 'hives', 'swelling of the lips and face', 'difficulty breathing or swallowing']"
624077,Revumenib,"['nausea', 'vomiting', 'constipation', 'diarrhea', 'decreased appetite', 'muscle, joint, or bone pain', 'tiredness', 'swelling in the arms and legs', 'dizziness, lightheadedness, or fainting', 'fast, pounding, or irregular heartbeat', 'nosebleeds or bleeding from your gums; coughing up or vomiting blood or material that looks like coffee grounds; unusual bleeding or bruising; increased menstrual flow or vaginal bleeding; pink, red, or dark brown urine; or red or tarry black bowel movements', 'sore throat, cough, fever, chills, or other signs of infection', 'frequent, urgent, or painful urination', 'warm, red, or painful skin or sores on your body', 'pain, swelling, warmth, redness, or tenderness in one leg only', 'shortness of breath, coughing up blood, or sudden sharp chest pain', 'sudden severe headache; difficulty speaking or understanding; weakness or numbness in your face, arm or leg, especially on one side of your body; or sudden difficulty seeing in one or both eyes']"
698012,Tamsulosin,"['sleepiness', 'difficulty falling asleep or staying asleep', 'weakness', 'back pain', 'diarrhea', 'runny or stuffy nose', 'pain or pressure in the face', 'sore throat, cough, fever, chills, or other signs of infection', 'blurred vision', 'difficulty ejaculating', 'painful erection of the penis that lasts for hours', 'rash, itching, hives, difficulty breathing or shortness of breath', 'swelling of the eyes, face, tongue, lips, throat, arms, hands, feet, ankles, or lower legs']"
604024,Oxandrolone,"['difficulty falling asleep or staying asleep', 'enlargement of the breasts', 'changes in sex drive or ability', 'swelling of the arms, hands, feet, ankles, or lower legs', 'new or worsening acne (especially in women and prepubertal men)', 'enlargement of the clitoris, deepening of voice, increase in facial hair, and baldness(in women)', 'abnormal or absent menstrual periods', 'erections of the penis that happen too often or do not go away', 'enlarged penis', 'pain, swelling, or decreased size of testes', 'frequent, difficult, or painful urination', 'inability to control urination']"
615054,Eluxadoline,"['nausea', 'vomiting', 'pain that begins in the upper stomach area but may spread to the back or shoulder with or without nausea and vomiting', 'severe constipation', 'rash; hives; swollen face or throat; shortness of breath; throat tightness; chest pain or tightness; or difficulty swallowing or breathing']"
620009,Zanubrutinib,"['diarrhea', 'constipation', 'nausea', 'vomiting', 'muscle, joint, or back pain', 'muscle spasms', 'rash', 'headache', 'tiredness', 'swelling of the hands, feet, ankles, or lower legs', 'fever, sore throat, cough, chills, or other signs of infection', 'painful, frequent, or urgent urination', 'unusual bruising or bleeding', 'blood in your stools or black, tarry stools; pink or brown urine; vomiting blood or coffee ground vomit; coughing up blood', 'feeling dizzy, weak, or confused; changes in speech; headache that lasts a long time', 'fast or irregular heartbeat, palpitations, feeling lightheaded or dizzy, fainting, shortness of breath, chest pain', 'pain in the upper right part of your stomach, yellowing of the skin or eyes, or dark-colored urine']"
616028,Venetoclax,"['diarrhea', 'constipation', 'nausea', 'vomiting', 'decreased appetite', 'extreme tiredness', 'swelling of your arms or hands', 'back pain', 'bone, muscle, or joint pain', 'abdominal pain', 'swelling or sores in the mouth', 'mouth or throat pain', 'headache', 'runny or stuffy nose, cough', 'shortness of breath', 'dizziness', 'rash', 'difficulty falling asleep or staying asleep', 'fever alone or along with sore throat, cough, chills, warm, red, painful or swollen skin, urgent, frequent, or painful urination, and other signs of infection', 'decreased urination', 'swelling of your legs, ankles, or feet', 'unusual or heavy bleeding or bruising', 'pale skin, shortness of breath, dizziness, extreme tiredness, fast heartbeat']"
682864,Metoprolol,"['dizziness or lightheadedness', 'tiredness', 'diarrhea', 'dry mouth', 'rash or itching', 'shortness of breath or difficulty breathing', 'swelling of the hands, feet, ankles, or lower legs', 'weight gain', 'fainting', 'rapid, pounding, or irregular heartbeat']"
697012,Topiramate,"['numbness, burning, or tingling in the hands or feet', 'slowed reactions', 'nervousness', 'headache', 'drowsiness', 'weakness', 'uncontrollable shaking of a part of the body', 'uncontrollable eye movements', 'weight loss', 'constipation', 'nausea', 'stomach pain', 'change in ability to taste food', 'dry mouth', 'nosebleed', 'back, muscle, leg, or bone pain', 'missed menstrual periods', 'excessive menstrual bleeding', 'rash, skin blisters, or skin peeling', 'blurred vision', 'loss of vision', 'double vision', 'eye pain', 'eye redness', 'worsening of seizures', 'feeling cold, chills, or low body temperature', 'difficulty concentrating', 'speech problems, especially difficulty thinking of specific words', 'confusion', 'memory problems', 'coma (loss of consciousness for a period of time)', 'loss of coordination', 'pounding or irregular heartbeat', 'chest pain', 'shortness of breath or trouble breathing', 'fast, shallow breathing', 'inability to respond to things around you', 'excessive tiredness', 'diarrhea', 'vomiting', 'loss of appetite', 'intense back or side pain', 'bloody, cloudy, or foul-smelling urine', 'constant need to urinate', 'difficulty urinating or pain when urinating', 'fever or other signs of infection', 'unusual bleeding or bruising']"
620032,Tucatinib,"['nausea', 'vomiting', 'constipation', 'abdominal pain', 'loss of appetite', 'weight loss', 'fatigue', 'rash', 'headache', 'mouth ulcers', 'nose bleeding', 'numbness, burning, or tingling in the hands or feet', 'joint, muscle, or back pain', 'redness or blisters on hands or feet', 'pale skin, fatigue, or shortness of breath', 'fever', 'chills', 'cough', 'shortness of breath', 'anxiety', 'diarrhea', 'pain or discomfort in right upper stomach area; loss of appetite; bleeding or bruising more easily than normal; yellowing of skin and eyes; fatigue; or dark urine', 'seizure']"
605004,Cinacalcet,"['nausea, vomiting, diarrhea', 'dizziness', 'weakness', 'chest pain', 'burning, tingling, or unusual feelings of the lips, tongue, fingers, or feet', 'muscle aches or cramps', 'sudden tightening of the muscles in the hands, feet, face, or throat', 'seizures', 'bloody vomit or vomit that looks like coffee grounds\r\nblack, tarry, or bloody stools', 'black, tarry, or bloody stools']"
615016,Naloxegol,"['diarrhea', 'nausea', 'gas', 'stomach pain', 'vomiting', 'headache', 'sweating', 'chills', 'anxiety', 'irritability', 'yawning', 'severe or worsening stomach pain and diarrhea', 'rash; hives; swelling of the face, lips, throat, tongue, hands, or feet']"
625095,Sepiapterin,"['diarrhea', 'headaches', 'stomach pain', 'orange-colored stool', 'mouth or throat pain', 'unusual bruising, bleeding from gums or prolonged bleeding from cuts or wounds, or heavy menstrual bleeding', 'seizures or convulsions, irritability']"
607064,Mexiletine,"['nausea', 'vomiting', 'heartburn', 'changes in appetite', 'lightheadedness or dizziness', 'shaking of a part of your body that you cannot control', 'loss of coordination', 'numbness or tingling sensation', 'headache', 'blurred vision', 'nervousness', 'difficulty speaking', 'swelling of the hands, feet, ankles, or lower legs', 'rash', 'irregular heartbeat', 'chest pain', 'extreme tiredness', 'unusual bleeding or bruising', 'lack of energy', 'pain in the upper right part of the stomach', 'yellowing of the skin or eyes', 'flu-like symptoms']"
682514,Cyclobenzaprine,"['dry mouth', 'dizziness', 'nausea', 'constipation', 'heartburn', 'extreme tiredness', 'rash, itching, hives, swelling of the face or tongue, or difficulty breathing or swallowing', 'agitation, fever, sweating, confusion, fast or irregular heartbeat, shivering, severe muscle stiffness or twitching, hallucinations, loss of coordination, nausea, vomiting, or diarrhea', 'irregular or fast heart rate', 'chest pain']"
613004,Regorafenib,"['tiredness', 'weakness', 'loss of appetite', 'diarrhea', 'swelling, pain, and redness of the lining of your mouth or throat', 'weight loss', 'hoarseness or other change in the sound of your voice', 'chest pain', 'shortness of breath', 'unusual vaginal discharge or irritation', 'burning or pain when urinating', 'dizziness or feeling faint', 'fever, cough, sore throat, chills, and other signs of infection', 'swelling of the abdomen', 'high fever', 'chills', 'severe diarrhea', 'severe headache', 'seizure', 'confusion', 'changes in vision', 'dry mouth, muscle cramps, or decreased urination', 'redness, pain, blisters, bleeding, or swelling on the palms of your hands or soles of your feet', 'rash', 'vomiting blood or vomiting material that looks like coffee grounds', 'pink or brown urine', 'red or black (tarry) stools', 'coughing up blood or blood clots', 'abnormally heavy menstrual bleeding (periods)', 'unusual vaginal bleeding', 'frequent nosebleeds']"
605001,Bosentan,"['headache', 'flushing', 'runny nose, sore throat, and other cold symptoms', 'joint pain', 'hives, rash, itching, difficulty breathing or swallowing,Â\xa0hoarseness, fever, swollen lymph nodes, tiredness, or swelling of the face, throat, tongue, lips, and eyes', 'sudden weight gain, more trouble with breathing than normal, or swelling of the feet, ankles, or lower legs,', 'new or worsening shortness of breath, new or worsening cough with or without blood, chest pain,Â\xa0or fast, pounding, or irregular heartbeat', 'fainting', 'dizziness, pale skin, shortness of breath, weakness,Â\xa0or fast, pounding, or irregular heartbeat']"
623038,Palovarotene,"['dry, red or itchy skin; peeling skin', 'joint pain; pain in arms or legs; or pain in muscle; back pain', 'red skin or rash', 'baldness', 'headache', 'dry lips', 'nausea', 'dry eyes', 'swelling in extremities', 'tiredness', 'ulcers or sores on skin that grow or are slow to heal', 'fracture of the bone or severe bone pain', 'feelings of sadness or anxiety, sleepiness, changes in appetite, thoughts of self harm', 'lower abdominal pain, yellowing of skin or whites of the eyes, dark urine', 'ringing in the ear, temporary blindness, double vision, blind spots, peripheral vision loss']"
622023,Avacopan,"['nausea', 'vomiting', 'diarrhea', 'stomach pain', 'headache', 'dizziness', 'numbness or tingling in the fingers or toes', 'tiredness', 'rash', 'shortness of breath; difficulty breathing or swallowing; swelling of your face, tongue, or throat; sweating; chest pain; lightheadedness; fainting; hives; or itching', 'yellowing of skin and eyes, pain or discomfort in right upper stomach area, fatigue, loss of appetite, bleeding or bruising more easily than normal, or dark urine', 'sore throat, fever, chills, cough, earache, headache, muscle aches, or other signs of infection; warm, red, or painful skin; sores on the skin or in the mouth or throat; or frequent, painful, or burning feeling during urination']"
612020,Cabergoline,"['nausea', 'vomiting', 'heartburn', 'constipation', 'tiredness', 'dizziness', 'breast pain', 'painful menstrual periods', 'burning, numbness, or tingling in the arms, hands, legs, or feet', 'shortness of breath', 'difficulty breathing when lying down', 'cough', 'chest pain', 'swelling of the hands, feet, ankles, or lower legs', 'decrease in urination', 'pain in the back, side, or groin', 'lumps or pain in the stomach area', 'abnormal vision']"
682548,Meclizine,"['drowsiness or fatigue', 'dry mouth', 'blurred vision']"
684025,Trimethoprim,"['upset stomach', 'vomiting', 'diarrhea', 'rash (hives)', 'itching', 'difficulty breathing or swallowing', 'sore throat', 'fever or chills', 'mouth sores', 'unusual bruising or bleeding', 'yellowing of the skin or eyes', 'paleness', 'joint aches', 'bluish-colored fingernails, lips, or skin']"
607048,Nabilone,"['headache', 'dizziness', 'unsteady walking', 'drowsiness', 'sleep problems', 'weakness', 'dry mouth', 'changes in appetite', 'nausea', ""''high'' or elevated mood"", 'difficulty concentrating', 'anxiety', 'confusion', 'depression', 'fast heartbeat', 'hallucinations (seeing things or hearing voices that do not exist)', 'difficulty thinking clearly and understanding reality']"
612012,Ivacaftor,"['headache', 'rash', 'joint or muscle pain', 'mouth and throat pain', 'fever, sore throat, runny nose, or other signs of infection', 'diarrhea', 'dizziness', 'nausea', 'vomiting', 'loss of appetite', 'pain in the upper right part of the stomach', 'dark urine', 'extreme tiredness', 'unusual bleeding or bruising', 'yellowing of the skin or eyes', 'vision changes', 'rash; hives; itching; swelling of the face, eyes, lips, tongue, mouth, or throat; wheezing; difficulty breathing or swallowing; or lightheadedness']"
612033,Enzalutamide,"['unusual tiredness or weakness', '', 'joint pain', 'muscle pain, weakness, or stiffness', 'fever, cough, sore throat, or other signs of infection', 'weight loss', 'loss of appetite', 'headache', 'dizziness', 'burning, numbness, or tingling in the arms, hands, or feet', 'decreased sense of touch or ability to feel sensation', 'hot flashes', 'difficulty falling asleep or staying asleep', 'anxiety', 'difficulty remembering, thinking, or paying attention', 'diarrhea', 'constipation', 'itching or dry skin', 'nosebleeds', 'frequent urination', 'taste changes', 'loss of consciousness or seizures', 'headache; confusion; or vision changes', 'swelling of the face, tongue, lips, throat, arms, legs, hands, or feet', 'chest pain or shortness of breath', 'pain in the back, muscles, and/or legs; numbness or tingling in the buttocks or legs; or difficulty controlling urination or bowel movements', 'falling', 'broken bones or fractures', 'breast enlargement in men', 'pink or red urine']"
616031,Selexipag,"['headache', 'pain in jaw, joints, muscles, arms, or legs', 'decreased appetite', 'nausea', 'diarrhea', 'vomiting', 'flushing', 'rash', 'shortness of breath', 'rapid breathing', 'dizziness', 'weakness']"
609026,Iloperidone,"['weight gain', 'nausea, diarrhea, stomach pain', 'dry mouth', 'sleepiness', 'breast enlargement or discharge', 'missed menstrual periods', 'decreased sexual ability in men', 'joint pain', 'feeling unsteady, or having trouble keeping your balance', 'rash, hives, itching; swelling of the face, lips, throat, tongue, hands, or feet', 'difficulty breathing or swallowing', 'dizziness; fast, pounding, or irregular heartbeat; or fainting', 'falling down', 'unusual movements of the face or body that you cannot control', 'seizures', 'sore throat, fever, chills, and other signs of infection', 'fever; stiff muscles; sweating; confusion; sweating; or fast, pounding, or irregular\r\nheartbeat', 'painful erection that lasts for hours']"
685017,Dicloxacillin,"['diarrhea', 'nausea', 'vomiting', 'black, hairy tongue', 'mouth irritation', 'swollen joints', 'rash', 'itching', 'hives', 'difficulty swallowing or breathing', 'wheezing', 'swelling of the face, throat, tongue, lips, or eyes', 'joint or muscle pain', 'abdominal pain', 'unusual bleeding or bruising', 'a return of fever, sore throat, chills, or other signs of infection', 'severe diarrhea (watery or bloody stools) that may occur with or without fever and stomach cramps (may occur up to 2 months or more after your treatment)']"
616008,Ixazomib,"['diarrhea', 'constipation', 'nausea', 'new or worsening rash', 'back pain', 'unusual swelling of your arms or legs', 'weight gain due to swelling', 'blurred vision', 'dry eyes', 'pink eye', 'nausea', 'extreme tiredness', 'loss of appetite', 'flu-like symptoms', 'unusual bleeding or bruising', 'yellowing of your skin or eyes', 'pain in the upper right part of your stomach', 'burning, tingling, numbness, pain, or weakness in arms or legs', 'bloody or black, tarry stool']"
605021,Valganciclovir,"['diarrhea', 'nausea', 'vomiting', 'pain, tenderness, or swelling of the abdomen', 'eye pain', 'constipation', 'headache', 'weight loss', 'back, joint, or muscle pain', 'mouth ulcers', 'depression', 'anxiety', 'seeing specks, flashes of light, or a dark curtain over everything', 'decreased urination', 'blood in urine', 'vision problems', 'swelling of the hands, arms, feet, ankles, or lower legs', 'hives', 'rash', 'itching', 'yellowing of skin or eyes; loss of appetite; dark urine; and/or light-colored bowel movements', 'unintentional trembling or shaking movements', 'numbness, pain, burning, or tingling in the hands or feet', 'seizures']"
616015,Lesinurad,"['flu-like symptoms such as headache, fever, sweating, muscle aches, and tiredness', 'heartburn', 'chest pain, pressure, or discomfort', 'shortness of breath or trouble breathing', 'weakness in one part or side of their body', 'slurred speech']"
682348,Isosorbide,"['nausea', 'worsening chest pain', 'rash', 'hives', 'itching', 'difficulty breathing or swallowing']"
604036,Tinidazole,"['sharp, unpleasant metallic taste', 'nausea, vomiting, loss of appetite', 'constipation, stomach pain or cramps', 'headache', 'tiredness or weakness', 'dizziness', 'thick, white, odorless vaginal discharge', 'seizures', 'numbness or tingling of hands or feet', 'rash, hives, hoarseness, difficulty swallowing or breathing, or swelling of the face, throat, tongue, lips, eyes, hands, feet, ankles, or lower legs']"
692015,Etodolac,"['constipation', 'diarrhea', 'gas or bloating', 'vomiting', 'headache', 'dizziness', 'ringing in the ears', 'runny nose', 'sore throat', 'blurred vision', 'unexplained weight gain', 'shortness of breath or difficulty breathing', 'swelling of the abdomen, feet, ankles, or lower legs', 'swelling of the eyes, face, lips, tongue, throat, or hands', 'fever or chills', 'blisters', 'rash', 'itching', 'hives', 'hoarseness', 'difficulty swallowing', 'yellowing of the skin or eyes', 'excessive tiredness', 'unusual bleeding or bruising', 'lack of energy', 'loss of appetite', 'pain in the upper right part of the stomach', 'flu-like symptoms', 'pale skin', 'fast heartbeat', 'cloudy, discolored, or bloody urine', 'difficult or painful urination', 'back pain']"
622032,Tafamidis,[]
608046,Estramustine,"['nausea', 'diarrhea', 'breast tenderness and enlargement', 'leg cramps', 'tiredness', 'difficulty falling asleep or staying asleep', 'impotence (inability to have or maintain an erection)', 'swelling of the face, throat, tongue, lips, eyes, hands, feet, ankles, or lower legs', 'hoarseness', 'difficulty swallowing or breathing', 'shortness of breath', 'chest pain', 'dizziness or faintness', 'speech problems', 'sudden, severe headache', 'sudden partial or complete loss of vision', 'weakness or numbness of an arm or a leg', 'pain, redness or swelling of an arm or leg']"
601121,Tizanidine,"['dizziness', 'drowsiness', 'unusual tiredness or weakness', 'nervousness', 'vomiting', 'dry mouth', 'constipation', 'nausea, extreme tiredness, lack of energy, loss of appetite, unusual bleeding or bruising, pain in the upper right part of the stomach, yellowing of the skin or eyes, or flu-like symptoms', 'rash; hives; itching; swelling of the face, throat, tongue, lips, or eyes; shortness of breath; or difficulty breathing or swallowing', 'seeing things or hearing voices that do not exist', 'slow heartbeat', 'changes in vision']"
623052,Gepirone,"['dizziness', 'headache', 'sleepiness', 'unusual tiredness', 'dry mouth', 'stomach pain', 'heartburn', 'increased appetite', 'increased weight', 'constipation', 'sore throat, runny or stuff nose, cough, or fever', 'numbness or tingling in the hands, feet, arms, or legs', 'rash, itching, or hives', 'seizures', 'fever, sweating, confusion, fast or irregular heartbeat, severe muscle stiffness or twitching, agitation, hallucinations, loss of coordination, nausea, vomiting, or diarrhea', 'seizures']"
601052,Fenofibrate,"['constipation', 'diarrhea', 'heartburn', 'pain in the back, arm, or legs', 'headache', 'joint pain', 'muscle pain, weakness, or tenderness; fever', 'blistering or peeling skin', 'rash; fever; trouble breathing; changes in urination; abdominal pain', 'hives', 'pain in the upper back between the shoulder blades or under the right shoulder; stomach pain, especially in the upper right part of the stomach; nausea; vomiting', 'redness, swelling, pain, tenderness, or warmth in one leg', 'shortness of breath; pain when breathing; coughing up blood', 'swelling of the face, throat, tongue, lips, and eyes; difficulty swallowing or breathing; hoarseness']"
618043,Lusutrombopag,"['headache', 'swollen, painful, red, or tender leg', 'shortness of breath, cough, chest pain, fast heartbeat', 'stomach pain or tenderness']"
613032,Apixaban,"['bleeding gums, nosebleeds', 'heavy vaginal bleeding', 'red, pink, or brown urine', 'red or black, tarry stools', 'coughing up or vomiting blood or material that looks like coffee grounds', 'swelling or joint pain', 'headache', 'vomiting', 'rash', 'chest pain or tightness', 'swelling of the face or tongue', 'trouble breathing, wheezing', 'feeling dizzy or faint']"
695008,Losartan,"['leg, knee, or back pain', 'muscle cramps or weakness', 'diarrhea', 'heartburn', 'decreased sensitivity to touch', 'swelling of the face, throat, tongue, lips, eyes, hands, feet, ankles, or lower legs', 'hoarseness', 'difficulty breathing or swallowing', 'chest pain']"
682396,Quinidine,"['diarrhea', 'nausea', 'vomiting', 'heartburn', 'fever', 'dizziness', 'lightheadedness', 'headache', 'fatigue', 'weakness', 'rash', 'difficulty sleeping', 'tremor', 'ringing in the ears or loss of hearing, vision changes (blurred vision or light sensitivity), dizziness,  confusion', 'unusual bleeding or bruising', 'loss of appetite, nausea, yellow eyes or skin, pain in the upper right area of the stomach, or dark urine', 'seizures', 'rash; hives; itching; or swelling of the  face, throat, lips, or eyes']"
620015,Lasmiditan,"['dizziness', 'sleepiness', 'numbness', 'tingling feeling', 'tiredness', 'nausea', 'vomiting', 'hallucinations (seeing thing or hearing voices that do not exist)', 'agitation', 'fast, irregular, or pounding heartbeat', 'sweating', 'trouble walking', 'tight muscles', 'sudden, nausea, vomiting. or diarrhea', 'hives', 'itching', 'wheezing or difficulty breathing or swallowing', 'swelling of the face, throat, tongue, lips, or eyes']"
603017,Nitazoxanide,"['stomach pain', 'headache', 'nausea', 'discolored urine']"
608050,Mitotane,"['changes in vision', 'rash', 'enlarged breasts in men', 'yellowing of the skin or eyes, dark urine, loss of appetite, fatigue, nausea, vomiting, itching, or pain in the upper right part of the stomach', 'unusual bleeding or bruising; red or black, tarry stools; vomiting blood or material that looks like coffee grounds; pink or brown urine; coughing up blood or blood clots; nose bleeds', 'pale skin', 'trouble breathing', 'fever, sore throat, ongoing cough and congestion, or other signs of infection', 'unusual drowsiness or sleepiness, lack of energy, difficulty thinking or concentrating, decreased coordination, memory loss, trouble talking, dizziness, or feeling of pins and needles in your hands and feet']"
616042,Ergocalciferol,"['pale skin', 'tiredness', 'feeling tired, difficulty thinking clearly, loss of appetite, nausea, vomiting, constipation, increased thirst, increased urination, or weight loss', 'drowsiness', 'muscle aches, stiffness, and weakness']"
605027,Dextroamphetamine,"['headache', 'dry mouth', 'unpleasant taste', 'constipation', 'weight loss', 'changes in sex drive or ability', 'seizures', 'mood changes', 'believing things that are not true, feeling unusually suspicious of others', 'agitation, hallucinations (seeing things or hearing voices that do not exist), fever, sweating, confusion, fast heartbeat, shivering, severe muscle stiffness or twitching, loss of coordination, nausea, vomiting, or diarrhea', 'chest pain, shortness of breath, fainting', 'abnormal movements', 'verbal tics', 'changes in vision or blurred vision', 'hives', 'paleness or blue color of fingers or toes', 'pain, burning, or tingling in the hands or feet; unexplained wounds appearing on fingers or toes']"
607002,Gefitinib,"['dry skin', 'itching', 'rash', 'acne', 'mouth sores', 'weakness', 'new or worsening shortness of breath, cough, or fever', 'severe or ongoing diarrhea', 'severe abdominal pain', 'loss of appetite', 'eye pain, redness, or irritation', 'vision changes', 'watery eyes', 'eye sensitivity to light', 'hives', 'blisters or peeling skin', 'swelling of the eyes, face, lips, tongue, throat, hands, arms, feet, ankles or lower legs', 'nausea', 'vomiting', 'yellowing of the skin or eyes', 'dark urine', 'pale stools', 'pain or discomfort in the right upper stomach area']"
622072,Futibatinib,"['change in appearance or color of nails', 'muscle pain', 'constipation', 'diarrhea or loose stools', 'feeling tired or weak', 'dry mouth', 'hair loss', 'mouth sore', 'stomach area pain', 'dry skin', 'joint pain', 'changes in taste', 'dry eye', 'nausea or vomiting', 'decrease in appetite', 'difficulty or painful urination, lower back pain, or fever', 'redness, swelling, pain or tenderness on the hands or feet', 'dry or inflamed eyes, increased tears, blurred vision, flashes of light, or seeing black spots', 'muscle cramps or numbness or tingling around your mouth']"
688016,Ciprofloxacin,"['nausea', 'vomiting', 'stomach pain', 'heartburn', 'diarrhea', 'vaginal itching and/or discharge', 'pale skin', 'unusual tiredness', 'sleepiness', 'severe diarrhea (watery or bloody stools) that may occur with or without fever and stomach cramps (may occur up to 2 months or more after your treatment)', 'rash', 'hives', 'itching', 'peeling or blistering of the skin', 'fever', 'swelling of the eyes, face, mouth, lips, tongue, throat, hands, feet, ankles or lower legs', 'hoarseness or throat tightness', 'difficulty breathing or swallowing', 'ongoing or worsening cough', 'yellowing of the skin or eyes; pale skin; dark urine; or light colored stool', 'extreme thirst or hunger; pale skin; feeling shaky or trembling; fast or fluttering heartbeat; sweating; frequent urination; trembling; blurred vision; or unusual anxiety', 'fainting or loss of consciousness', 'decreased urination', 'sudden pain in the chest, stomach, or back']"
623060,Fruquintinib,"['voice changes', 'hoarseness', 'diarrhea', 'stomach pain', 'mouth sores', 'decreased appetite', 'tiredness or lack of energy', 'weakness', 'muscle, joint, or bone pain', 'nosebleeds; and other unusual bruising or bleeding; bloody or black and tarry stools; pink, red, or dark-brown urine; vomiting or coughing up blood; unusual vaginal bleeding or heavy menstrual bleeding', 'severe or persistent stomach pain, fever or chills, nausea, vomiting, bloody or black and tarry stools', 'cough, fever, sore throat, pain or burning while urinating, or other signs of an infection', 'sudden weakness, tingling, or numbness in your face, arm, or leg, especially on one side of your body; sudden confusion; difficulty speaking or understanding; sudden difficulty seeing in one or both eyes; sudden difficulty walking; dizziness; loss of balance or coordination; or sudden severe headache', 'chest pain; shortness of breath or trouble breathing; discomfort or pain in the arms, shoulders, neck, jaw, stomach, or upper back; or excessive sweating', 'seizures, headaches, vision changes, or confusion', 'wound that is red, oozing pus, or slow to heal', 'increased urination; swelling of your face, hands, legs, ankles, or feet', 'yellow eyes or skin, dark urine, loss of appetite, fatigue, nausea, vomiting, or pain or discomfort in right upper stomach area', 'rash or redness, pain, swelling or blisters on the palms of the hands or soles of the feet']"
682792,Dexamethasone,"['upset stomach', 'stomach irritation', 'vomiting', 'headache', 'dizziness', 'insomnia', 'restlessness', 'depression', 'anxiety', 'acne', 'increased hair growth', 'easy bruising', 'irregular or absent menstrual periods', 'skin rash', 'swollen face, lower legs, or ankles', 'vision problems', 'cold or infection that lasts a long time', 'muscle weakness', 'black or tarry stool']"
603019,Atazanavir,"['nausea, vomiting, stomach pain, diarrhea', 'dizziness', 'headache', 'depression', 'fever', 'difficulty falling asleep or staying asleep', 'muscle pain', 'mild rash', 'numbness, burning, pain, or tingling of hands or feet', 'dizziness, feeling faint or lightheadedness, irregular heartbeat', 'vision changes', 'yellowing of skin or eyes; nausea; vomiting; loss of appetite; dark-colored urine; light-colored bowel movements', 'pain in your back or side, pain or burning with urination, blood in urine', ""general ill feeling or 'flu-like' symptoms; fever; muscle or joint aches; red or swollen eyes; blisters or peeling skin; mouth sores; swelling of your face; painful, warm, or red lump under your skin""]"
608004,Raltegravir,"['nausea', 'insomnia (difficulty falling asleep or staying asleep)', 'dizziness', 'tiredness', 'headache', 'muscle pain or tenderness, muscle weakness, dark or cola-colored urine', 'itching; rash; hives; fever; skin blisters or peeling; mouth lesions; red, itchy, or swollen eyes; swelling of the eyes, face, lips, tongue, throat, hands, feet, ankles, or arms; difficulty breathing or swallowing;', 'extreme tiredness; nausea; vomiting; loss of appetite; pain in the upper right part of the stomach; yellowing of the skin or eyes; pale stools', 'fever, sore throat, cough, chills, and other signs of infection']"
605024,Adefovir,"['weakness', 'headache', 'diarrhea', 'gas', 'indigestion', 'sore throat', 'runny nose', 'rash']"
614043,Empagliflozin,"['urinating a lot, including at night', 'increased thirst', 'frequent, urgent, burning, or painful urination; decrease in amount of urine; urine that\r\nis cloudy, red, pink, or brown; strong smelling urine; pelvic or rectal pain; or fever,\r\nback pain, nausea, or vomiting', '(in women) vaginal odor, white or yellowish vaginal discharge (may be lumpy or look like cottage cheese), or vaginal itching', '(in men) redness, itching, or swelling of the penis; rash on the penis; foul smelling discharge from the penis; or pain in the skin around the penis', 'feeling tired, weak, or uncomfortable; along with a fever and pain, tenderness, redness, and swelling of the genitals or the area between the genitals and the rectum', 'rash; hives; itching; difficulty breathing or swallowing; swelling of the face, throat,\r\ntongue, lips, mouth, or eyes; or hoarseness', 'nausea, vomiting, stomach-area pain, tiredness, or difficulty breathing']"
614055,Edoxaban,"['rash', 'unusual tiredness or weakness', 'dizziness', 'pale skin', 'bleeding gums', 'nosebleeds', 'heavy vaginal bleeding', 'red, pink, or brown urine', 'red or black, tarry stools', 'coughing up or vomiting blood or material that looks like coffee grounds']"
682238,Molindone,"['feeling unsteady, or having trouble keeping your balance', 'drowsiness', 'dry mouth', 'blurred vision', 'increased saliva', 'nausea', 'constipation', 'difficulty urinating', 'unusual, slowed, or uncontrollable movements of any part of the body', 'restlessness, excitement, or increased activity', 'depression', 'breast enlargement', 'breast milk production', 'menstrual period changes (missed periods or heavy bleeding)', 'changes in sex drive', 'fever; stiff muscles; sweating; confusion; sweating; or fast, pounding, or irregular\r\nheartbeat', 'falling down', 'rash', 'sweating', 'neck cramps', 'tongue that sticks out of the mouth, fine, worm-like tongue movements', 'tightness in the throat', 'difficulty breathing or swallowing', 'uncontrollable, rhythmic face, mouth, or jaw movements', 'seizures', 'changes in vision']"
682006,Floxuridine,"['nausea', 'vomiting', 'loss of appetite or weight', 'diarrhea', 'abdominal pain', 'dry, red, and itchy skin', 'hair loss', 'pain, itching, redness, swelling, blisters, bleeding, or sores in the place where the medication was injected', 'sores in the mouth and throat', 'extreme tiredness or weakness', 'fever, sore throat, ongoing cough and congestion, or other signs of infection', 'unusual bleeding or bruising', 'bloody or black, tarry stools', 'bloody vomit; or vomiting blood or brown material that resembles coffee grounds', 'pink, red, or dark brown urine', 'chest pain', 'hives', 'difficulty breathing or swallowing']"
616027,Brivaracetam,"['constipation', 'nausea', 'vomiting', 'extreme tiredness or lack of energy', 'swelling of the face, throat, tongue, lips, and eyes; difficulty swallowing or breathing; or hoarseness', 'rash, hives, blistering or peeling skin, or sores in the mouth', 'hallucinations (seeing things or hearing voices that do not exist)', 'delusions (having strange thoughts or beliefs that have no basis in reality) such as thoughts that people are trying to harm you even if they are not']"
625097,Dordaviprone,"['tiredness', 'changes in posture, balance, and stride length', 'headache', 'paralysis in facial nerves (inability to move or control some facial features)', 'weakness on one side of the body', 'slurred, unclear or difficulty with speech', 'dizziness; coordination or balance issues', 'nausea, vomiting, difficulty swallowing, constipation', 'muscle or joint pain or weakness', 'rash, hives, fever, feeling faint or weak, wheezing, swelling of face or throat', 'feeling faint, loss of conciousness, feeling of racing or pounding heart, seizures']"
614044,Vorapaxar,"['tiredness', 'weakness', 'pale skin', 'cool hands and feet']"
682867,Thiothixene,"['feeling unsteady, or having trouble keeping your balance', 'blurred vision', 'dry mouth', 'excess saliva', 'nausea, vomiting, constipation, diarrhea', 'changes in appetite', 'excessive thirst', 'weight gain', 'blank facial expression', 'shuffling walk', 'unusual, slowed, or uncontrollable movements of any part of the body', 'restlessness, agitation', 'difficulty falling asleep or staying asleep', 'swelling of the arms, hands, feet, ankles, or lower legs', 'breast enlargement', 'breast milk production', 'missed or irregular menstrual periods', 'decreased sexual ability in men', 'weakness, tiredness', 'fever; stiff muscles; sweating; confusion; sweating; or fast, pounding, or irregular\r\nheartbeat', 'falling down', 'neck cramps', 'tongue that sticks out of the mouth, fine, worm-like tongue movements', 'tightness in the throat; difficulty breathing or swallowing', 'uncontrollable, rhythmic face, mouth, or jaw movements', 'seizures', 'rash, itching, hives', 'vision changes, especially at night']"
624006,Vonoprazan,"['diarrhea', 'stomach bloating', 'stomach pain', 'nausea', 'indigestion', 'low urine output or blood in the urine', 'watery stools, stomach pain, or fever that does not go away', 'skin rash or blistering, peeling or bleeding skin; fever, chills, body aches, shortness of breath, or swollen glands', 'irregular heart beat, shortness of breath, lightheadedness, tingling or numbness in arms or legs, muscle weakness, pale skin, feeling tired or mood changes', 'bone pain or bone fracture', 'seizures, dizziness, irregular heartbeat, jitteriness, muscle aches or weakness, or spasms of hands, feet or voice', 'hives; rash; itching; swelling of the lips, face, or tongue; shortness of breath; difficulty breathing or swallowing', 'yellow eyes or skin, loss of appetite, dark urine, itching, abdominal \r\npain, unexplained bruising or bleeding, or loss of appetite']"
698032,Paroxetine,"['dizziness', 'weakness', 'shaking of a part of the body that you cannot control', 'trouble falling asleep or staying asleep', 'nervousness', 'nausea, diarrhea, constipation', 'decreased appetite', 'sexual problems in males; decreased sex drive, inability to get or keep an erection, or delayed or absent ejaculation', 'sexual problems in females; decreased sex drive, or delayed orgasm or unable to have an orgasm', 'dry mouth', 'sweating', 'yawning', 'chest pain, shortness of breath, dizziness, fainting', 'seizures', 'agitation, fever, sweating, confusion, fast or irregular heartbeat, and severe muscle stiffness or twitching, hallucinations, loss of coordination, nausea, vomiting, or diarrhea', 'abnormal bleeding or bruising', 'peeling or blistering of skin', 'headache; unsteadiness; problems with thinking, concentration, or memory', 'sudden nausea, vomiting, weakness, cramping, bloating, swelling, tightness in hands and feet, dizziness, headache and/or confusion', 'rash; itching; hives; hoarseness; peeling or blistering of skin; swelling of the face, throat, tongue, lips, eyes, hands, feet, ankles, or lower legs']"
601092,Pentazocine,"['headache', 'nausea, vomiting', 'sweating', 'decreased sexual desire, inability to get or keep an erection', 'chest pain, changes in heartbeat', 'agitation, hallucinations (seeing things or hearing voices that do not exist), fever, sweating, confusion, fast heartbeat, shivering, severe muscle stiffness or twitching, loss of coordination, nausea, vomiting, or diarrhea', 'nausea, vomiting, loss of appetite, weakness, or dizziness', 'rash; hives; hoarseness; difficulty breathing or swallowing; or swelling of the face, mouth, tongue or throat', 'difficulty swallowing, regurgitation (bringing up swallowed food into throat and mouth), pain in the chest area', 'new pain or pain from touch or doing ordinary tasks such as combing your hair', 'seizures', 'extreme drowsiness', 'unusual snoring or long pauses during breaths during sleep']"
684053,Streptozocin,"['diarrhea', 'feeling tired', 'depression', 'pain, itching, redness, swelling, blisters, or sores in the place where the medication was injected.', 'nausea', 'vomiting', 'shakiness', 'dizziness or lightheadedness', 'sweating', 'confusion', 'nervousness or irritability', 'sudden changes in behavior or mood', 'headache', 'numbness or tingling around the mouth', 'sudden hunger', 'seizures', 'excessive thirst', 'frequent urination']"
682576,Dantrolene,"['muscle weakness', 'dizziness', 'diarrhea', 'fatigue', 'seizures', 'difficulty breathing or slow, shallow breathing']"
682028,Methsuximide,"['nausea', 'vomiting', 'constipation', 'diarrhea', 'stomach pain', 'loss of appetite', 'weight loss', 'hiccups', 'headache', 'drowsiness', 'dizziness', 'difficulty coordinating movements', 'confusion', 'slowed thinking', 'unreasonable fear of developing a serious illness', 'swollen eyelids', 'blurred vision', 'sensitivity to light', 'sore throat, fever, chills, and other signs of infection', 'joint pain or swelling', 'muscle pain', 'red, itchy rash, especially on the face', 'fever with no known cause', 'hives', 'blisters']"
682130,Sulfadiazine,"['diarrhea', 'upset stomach', 'loss of appetite', 'dizziness', 'rash or skin changes', 'sore throat', 'fever', 'headache', 'joint or muscle aches', 'yellowing of the skin or eyes', 'swelling of the lips or tongue', 'swallowing problems', 'tiredness', 'weakness', 'blood in urine', 'difficulty breathing', 'unusual bleeding or bruising', 'ringing in ears']"
682482,Tolazamide,"['nausea', 'upper abdominal fullness', 'heartburn', 'yellowing of the skin or eyes', 'light-colored stools', 'dark urine', 'pain in the upper right part of the stomach', 'unusual bruising or bleeding', 'diarrhea', 'fever', 'sore throat']"
617022,Deutetrabenazine,"['diarrhea', 'constipation', 'dry mouth', 'tiredness', 'problems sleeping', 'pain or burning upon urination', 'bruising', 'congestion, sore throat, or runny nose', 'dizziness', 'fever, sweating, confusion, fast or irregular heartbeat, and severe muscle stiffness', 'shaking, stiffness, or difficulty moving or keeping your balance', 'falls', 'irregular or rapid heartbeat', 'fainting']"
611038,Telaprevir,"['nausea', 'vomiting', 'diarrhea', 'change in ability to taste', 'itching', 'hemorrhoids', 'discomfort, burning, or itching around the anus', 'pale skin', 'dizziness', 'shortness of breath', 'tiredness', 'weakness', 'increased thirst', 'dark colored urine', 'dry mouth', 'decreased urination frequency or amount', 'have difficulty eating or have severe vomiting or diarrhea.']"
623003,Adagrasib,"['nausea', 'vomiting', 'diarrhea', 'constipation', 'loss of appetite', 'rash', 'dry skin', 'muscle or bone pain', 'tiredness', 'numbness or tingling in your hands or feet', 'bloody vomit or vomiting blood or brown material that resembles coffee grounds', 'bloody, black, or tarry stools', 'abdominal pain or stomach cramps', 'yellowing of skin or eyes, dark-colored urine, light-colored stools, bleeding or bruising more easily than normal, loss of appetite, decreased energy, or pain on right side of stomach area', 'shortness of breath, cough, or fever', 'dizziness, lightheadedness, or fainting', 'slow or irregular heartbeat', 'decreased urination; swelling of the face, arms, hands, feet, ankles, or lower legs; or unusual tiredness or weakness']"
613005,Bosutinib,"['headache', 'loss of appetite', 'tiredness or weakness', 'change in ability to taste food', 'ringing in the ears', 'nausea', 'vomiting', 'diarrhea', 'sudden stomach area pain', 'unexplained bleeding or bruising', 'blood in urine or stool', 'change in the frequency of urination', 'increase or decrease in the amount of urine', 'dizziness', 'fever, sore throat, chills, or other signs of infection', 'shortness of breath and cough', 'chest pain', 'swelling of face, hands, ankles, feet, or lower legs', 'sudden weight gain', 'yellowing of the skin and eyes', 'dark or tea-colored urine', 'hives', 'rash', 'itching', 'difficulty breathing or swallowing']"
691001,Clozapine,"['drowsiness', 'dizziness, feeling unsteady, or having trouble keeping your balance', 'increased salivation', 'dry mouth', 'restlessness', 'headache', 'constipation; nausea; stomach swelling or pain; or vomiting', 'shaking hands that you cannot control', 'unusual movements of your face or body that you cannot control', 'falling', 'difficulty urinating or loss of bladder control', 'fever, sweating, confusion, fast or irregular heartbeat, or severe muscle stiffness', 'changes in vision', 'shakiness', 'changes in behavior', 'loss of appetite, nausea, vomiting, pain in the upper right part of the stomach, lack of energy, unusual bleeding or bruising, or yellowing of the skin or eyes', 'chest pain; sudden shortness of breath or difficulty breathing; swelling of a leg or arm; leg pain; redness, discoloration, or warmth in the legs or arms']"
684045,Piroxicam,"['diarrhea', 'constipation', 'gas', 'headache', 'dizziness', 'ringing in the ears', 'vision problems', 'unexplained weight gain', 'shortness of breath or difficulty breathing', 'swelling in the abdomen, ankles, feet, or legs', 'fever', 'blisters', 'joint pain', 'rash', 'itching', 'hives', 'swelling of the eyes, face, lips, tongue, throat, arms, or hands', 'difficulty breathing or swallowing', 'hoarseness', 'pale skin', 'fast heartbeat', 'excessive tiredness', 'unusual bleeding or bruising', 'lack of energy', 'upset stomach', 'loss of appetite', 'pain in the upper right part of the stomach', 'flu-like symptoms', 'yellowing of the skin or eyes', 'cloudy, discolored, or bloody urine', 'back pain', 'difficult or painful urination']"
622034,Daridorexant,"['headache', 'fatigue', 'daytime sleepiness', 'dizziness', 'nausea', 'temporary inability to move or speak for up to several minutes while going to sleep or waking up', 'hallucinations (seeing things or hearing voices that do not exist) while going to sleep or waking up', 'temporary leg weakness during the day or at nightrash, hives, swelling of the tongue or throat,\r\ndifficulty swallowing or breathing; or\r\nfeeling that the throat is closing']"
614014,Sofosbuvir,"['diarrhea', 'headache', 'muscle pain', 'difficulty falling asleep or staying asleep', 'irritability', 'itching', 'rash', 'pale skin', 'dizziness', 'shortness of breath', 'weakness', 'sore throat, fever, chills, and other signs of infection', 'rash, with or without blisters', 'swelling of the face, throat, tongue, lips, eyes, hands, feet, ankles, or lower legs', 'hoarseness', 'difficulty swallowing or breathing']"
682465,Propylthiouracil,"['hair loss', 'difficulty tasting food', 'numbness, burning, or tingling of the hands or feet', 'joint or muscle pain', 'dizziness', 'swelling of the neck', 'sore throat, fever, chills, cough, or other signs of infection', 'headache', 'skin rash, hives, blisters, bumps or peeling', 'dark, rust-colored, brown or foamy urine', 'swelling of the face, eyes, stomach, arms, hands, feet, ankles, or lower legs', 'chest pain', 'shortness of breath or wheezing', 'coughing up blood']"
699016,Pioglitazone,"['headache', 'muscle pain', 'pain in the arms or legs', 'sore throat', 'gas', 'changes in vision', 'vision loss', 'frequent, painful, or difficult urination', 'cloudy, discolored, or bloody urine', 'back or stomach pain']"
624025,Givinostat,"['diarrhea', 'stomach pain', 'nausea or vomiting', 'fever', 'muscle or joint aches or pains', 'rash', 'fatigue', 'constipation', 'reduced appetite', 'unusual bruising or bleeding (like nose or gum bleeding) or heavy or prolonged bleeding', 'feel faint or dizzy, racing or fast or irregular heartbeat, or lose consciousness']"
682245,Prazosin,"['weakness, tiredness, lack of energy', 'headache', 'nausea', 'hives, rash, itching, difficluty breathing or shortness of breath', 'fast, pounding, or irregular heartbeat', 'chest pain', 'painful erection of the penis that lasts for hours']"
697034,Nelfinavir,"['diarrhea', 'nausea', 'gas', 'stomach pain', 'loss of appetite', 'rash', 'hives', 'itching', 'difficulty breathing or swallowing']"
623012,Pirtobrutinib,"['tiredness', 'headache', 'muscle, joint and bone pain', 'diarrhea', 'constipation', 'stomach pain', 'nausea', 'decreased appetite', 'numbness or tingling in your hands, feet, arms, or legs', 'rash', 'mouth sores', 'difficulty falling asleep or staying asleep', 'swelling', 'fever, chills, cough, weakness, flu-like symptoms, or any other signs of infection', 'blood in your stools or stools that look like tar, pink or brown urine, unusual or unexpected bleeding, vomiting blood or vomit that looks like coffee grounds, coughing up blood or blood clots, increased bruising, dizziness, weakness, confusion, changes in speech, or headache that lasts a long time', 'fast or irregular heart rate, fainting, chest discomfort, shortness of breath', 'falling', 'memory problems', 'pain in the upper right part of the stomach, yellowing of the skin or eyes, or dark-colored urine']"
602010,Trimipramine,"['nausea', 'vomiting', 'diarrhea', 'stomach pain', 'drowsiness', 'weakness or tiredness', 'excitement or anxiety', 'confusion', 'dizziness', 'headache', 'nightmares', 'dry mouth', 'changes in appetite or weight', 'constipation', 'difficulty urinating', 'frequent urination', 'changes in sex drive or ability', 'excessive sweating', 'ringing in the ears', 'pain, burning, or tingling in the hands or feet', 'jaw, neck, and back muscle spasms', 'slow or difficult speech', 'shuffling walk', 'uncontrollable shaking of a part of the body', 'fever and sore throat', 'difficulty breathing or swallowing', 'rash', 'yellowing of the skin or eyes', 'seizures', 'seeing things or hearing voices that do not exist (hallucinating)', 'chest pain', 'pounding or irregular heartbeat']"
696018,Anastrozole,"['weakness', 'headache', 'hot flashes', 'sweating', 'stomach pain', 'nausea', 'vomiting', 'loss of appetite', 'constipation', 'diarrhea', 'heartburn', 'weight gain', 'joint, bone, or muscle pain', 'breast pain', 'mood changes', 'depression', 'difficulty falling asleep or staying asleep', 'nervousness', 'dizziness', 'vaginal bleeding', 'vaginal dryness or irritation', 'pain, burning, or tingling in the hands or feet', 'dry mouth', 'hair thinning', 'chest pain', 'sore throat, cough, fever, chills, swollen glands, or other signs of infection', 'swelling, redness, or warmth in hand or arm', 'difficult, painful, or urgent urination', 'blurred vision or vision changes', 'yellowing of the skin or eyes', 'pain in the upper right part of the stomach', 'skin lesions, ulcers, or blisters', 'rash', 'hives', 'itching', 'shortness of breath', 'difficulty swallowing or breathing', 'swelling of the eyes, face, lips, tongue, throat, arms, hands, feet, ankles, or lower legs']"
611034,Roflumilast,"['diarrhea', 'nausea', 'dizziness', 'headache', 'back pain', 'muscle spasm', 'decrease in appetite', 'uncontrollable shaking of a part of your body']"
682816,Ketoconazole,"['headache', 'stomach pain', 'diarrhea', 'constipation', 'heartburn', 'gas', 'change in ability to taste food', 'dry mouth', 'change in tongue color', 'difficulty falling asleep or staying asleep', 'nervousness', 'numbness, burning, or tingling of the hands or feet', 'muscle pain', 'hair loss', 'flushing', 'chills', 'sensitivity to light', 'nosebleeds', 'breast enlargement in males', 'decrease in sexual ability', 'rash', 'hives', 'itching', 'swelling of the eyes, face, lips, tongue, hands, feet, ankles, or lower legs', 'hoarseness', 'difficulty breathing or swallowing', 'tiredness or weakness']"
613038,Dabrafenib,"['headache', 'joint, muscle, or back pain', 'nausea', 'diarrhea', 'constipation', 'loss of appetite', 'cough, runny nose, or sore throat', 'hair loss', 'tiredness', 'thickening of the skin', 'infection of the skin around the fingernails or toenails', 'numbness and tingling of the arms, hands, legs, or feet', 'dry skin', 'changes in skin (new wart, pimple, skin sore, or red bump that bleeds or does not heal) or change in size or color of a mole', 'fever, chills, or shaking', 'dizziness, lightheadedness, or weakness; fainting; or decreased urination', 'increased thirst or increased or more frequent urination', 'eye pain; red or swollen eyelids; sensitivity to light; or blurred vision or vision changes, including seeing halos (blurred outline around objects) or colored dots', 'rash; blistering, peeling, or reddened skin; blistering of the lips, eyes, or mouth; flu-like symptoms; and swollen glands, with or without fever', 'fever, swollen glands, bruising, and rash', 'ongoing pain that begins in the stomach area but may spread to the back', 'unusual bleeding or bruising; bloody or black, tarry stools; coughing up or vomiting blood or material that looks like coffee grounds; nosebleed; headaches, dizziness, or feeling weak', 'chest pain; fast, irregular, or pounding heartbeat; lightheadedness; swelling of the hands, feet, ankles or lower legs; or shortness of breath', 'yellowing of the skin and eyes']"
699023,Rosiglitazone,"['headache', 'runny nose and other cold symptoms', 'sore throat', 'back pain', 'pain in the jaw, arm, back, neck, or stomach', 'chest pain', 'breaking out in a cold sweat', 'lightheadedness', 'loss of appetite', 'nausea', 'vomiting', 'stomach pain', 'dark urine', 'yellowing of the skin or eyes', 'changes in vision', 'vision loss', 'pale skin', 'dizziness', 'swelling of the eyes, face, lips, tongue, or throat', 'hoarseness', 'difficulty swallowing or breathing', 'hives', 'itching', 'fever', 'blisters']"
618040,Encorafenib,"['fatigue', 'fever', 'nausea', 'vomiting', 'stomach pain', 'constipation', 'decreased appetite', 'headache', 'dizziness', 'skin thickening', 'rash', 'dry or itchy skin', 'hair loss', 'joint or muscle pain', 'change in taste', 'back, arm, or leg pain', 'acne', 'numbness, burning, or tingling in the arms, hands, feet, or legs', 'difficulty falling asleep or staying asleep', 'dizziness, fainting, feeling faint, or fast or irregular heartbeat', 'blurred vision, loss of vision, or other vision changes; or eye pain, swelling, or redness', 'skin changes such as new wart, a sore or reddish bump that does not heal, a change in the size or color of a mole', 'unusual bleeding or bruising; black, tarry, or bloody stools; coughing up blood; vomiting blood or material that looks like coffee grounds; or nose bleeds', 'swelling in your hands, ankles legs or feet; shortness of breath; fast or pounding heartbeat; or feeling lightheaded or faint', 'nausea, vomiting, lack of energy, loss of appetite, dark colored urine, pain in the upper\r\nright part of the stomach, or yellowing of the skin or eyes', 'redness, swelling, numbness and skin peeling of hands and soles of feet']"
682461,Levothyroxine,"['weight gain or loss', 'headache', 'vomiting', 'diarrhea', 'changes in appetite', 'fever', 'changes in menstrual cycle', 'sensitivity to heat', 'hair loss', 'joint pain', 'leg cramps', 'shortness of breath, wheezing, hives, itching, rash, flushing, stomach pain, nausea, or swelling of hands, feet, ankles, or lower legs']"
681038,Trazodone,"['diarrhea', 'changes in appetite or weight', 'weakness or tiredness', 'sexual problems in males; decreased sex drive, inability to get or keep an erection, or delayed or absent ejaculation', 'sexual problems in females; decreased sex drive, or delayed orgasm or unable to have an orgasm', 'stuffy nose', 'swelling of the hands or feet or legs', 'chest pain, shortness of breath, dizziness, fainting', 'fast, pounding, or irregular heartbeat', 'loss of consciousness (coma)', 'fever, sweating, confusion, fast or irregular heartbeat, and severe muscle stiffness or twitching, agitation, hallucinations, loss of coordination, nausea, vomiting, or diarrhea', 'seizures', 'unusual bruising or bleeding', 'erection lasting more than 6 hours', 'headache', 'headache, unsteadiness, problems with thinking, concentration, or memory', 'problems with coordination']"
625101,Migalastat,"['headache', 'cough, congestion, runny nose, or sore throat', 'fever', 'nausea', 'vomiting', 'diarrhea', 'stomach pain', 'nosebleed', 'back pain', 'frequent, urgent, burning, or painful urination; decrease in amount of urine; urine that is cloudy, red, pink, or brown; strong smelling urine; pelvic or rectal pain; fever; or back pain', 'swelling of the eyes, face, mouth, lips, tongue, throat, hands, feet, ankles or lower legs']"
682880,Salsalate,"['diarrhea', 'dizziness', 'ringing in the ears', 'loss of hearing', 'difficulty breathing or swallowing', 'shortness of breath', 'hoarseness', 'fast heartbeat', 'unexplained weight gain', 'swelling of the eyes, face, tongue, lips, throat, arms, hands, feet, ankles, or lower legs', 'rash', 'hives', 'blisters', 'itching', 'unusual bleeding or bruising', 'pale or cold skin', 'fever', 'nausea', 'headache', 'extreme tiredness', 'weakness', 'lack of energy', 'loss of appetite', 'pain in the upper right part of the stomach', 'yellowing of the skin or eyes', 'flu-like symptoms', 'cloudy, discolored, or bloody urine', 'back pain', 'difficult or painful urination']"
607052,Sunitinib,"['weakness', 'nausea', 'vomiting', 'diarrhea', 'constipation', 'heartburn', 'gas', 'hemorrhoids', 'pain, irritation, or burning sensation of the lips, tongue, mouth or throat', 'dry mouth', 'change in the way things taste', 'loss of appetite', 'weight changes', 'hair loss', 'thin, brittle fingernails or hair', 'slow speech', 'pale or dry skin', 'shaking', 'heavy, irregular, or missed menstrual periods', 'depression', 'difficulty falling asleep or staying asleep', 'dryness, thickness, cracking, or blistering of skin on the palms of the hands and the soles of the feet', 'muscle, joint, back, or limb pain', 'frequent nosebleeds', 'bleeding from your gums', 'unusual discomfort in cold temperatures', 'unusual bruising or bleeding', 'bloody or black and tarry stools', 'blood in the urine', 'vomit that is bright red or looks like coffee grounds', 'coughing up blood', 'stomach pain, swelling, or tenderness', 'headache', 'fever', 'swelling, tenderness, warmth, or redness of a leg', 'swelling of the feet or ankles', 'rapid, irregular, or pounding heartbeat', 'dizziness or fainting', 'decreased alertness or concentration', 'confusion', 'depression', 'nervousness', 'seizures', 'vision changes', 'chest pain or pressure', 'extreme tiredness', 'shortness of breath', 'pain with deep breathing', 'unexplained weight gain', 'decreased urination', 'cloudy urine', 'swelling of the eyes, face, lips, tongue, or throat', 'rash', 'hives', 'blistering or peeling skin or inside of mouth', 'difficulty swallowing or breathing', 'hoarseness']"
611037,Rilpivirine,"['difficulty falling asleep or staying asleep', 'headache', 'rash', 'yellowing of skin or eyes, pain on the right side of the stomach, nausea, vomiting, light colored stools, dark colored urine', 'rash along with fever, swelling of the face, lips, mouth, tongue, or throat, blisters, trouble breathing or swallowing, mouth sores, redness or swelling of the eyes, pain on the right side of the stomach (abdominal) area, or dark colored urine']"
626017,Zoliflodacin,"['headache', 'dizziness', 'nausea', 'diarrhea', 'itching, rash,', 'severe diarrhea (frequent, watery, bloody stools) or stomach cramps for up to 2 months after taking this medication']"
696005,Metformin,"['diarrhea', 'nausea', 'stomach discomfort', 'gas', 'indigestion', 'constipation', 'lack of energy or weakness', 'change in sense of taste', 'headache', 'flushing of the skin', 'nail changes', 'muscle pain', 'rash', 'chest pain']"
625059,Gepotidacin,"['nausea', 'vomiting', 'diarrhea', 'gas', 'stomach pain', 'headache', 'dizziness', 'unusual tiredness', 'rash; hives; itching; difficulty breathing or swallowing; dizziness; or swelling of the face, throat, tongue, lips, and eyes', 'watery or bloody stools, stomach cramps, or fever during treatment or for up to two or more months after stopping treatment', 'fast, pounding, slow, or uneven heartbeat; chest pain or tightness; feeling lightheaded or dizzy;  or feeling faint or fainting', 'muscle spasms, trouble speaking clearly, unusual sweating, increased saliva, diarrhea, nausea, vomiting, stomach pain, shortness of breath, difficulty breathing, or fainting', 'seizures']"
614008,Lomitapide,"['diarrhea', 'nausea', 'vomiting', 'stomach pain', 'constipation', 'bloating', 'gas', 'upset stomach', 'weight loss', 'headache', 'dizziness', 'sore throat', 'runny nose', 'back pain', 'severe diarrhea', 'lightheadedness', 'decreased urine output']"
618070,Talazoparib,"['nausea', 'loss of appetite', 'diarrhea', 'vomiting', 'stomach pain', 'change in sense of taste', 'heartburn', 'mouth pain or sores', 'hair loss', 'fatigue', 'weakness', 'feeling tired', 'weight loss', 'fever, chills, cough, or other signs of infection', 'shortness of breath', 'fast heartbeat', 'headache, dizziness, confusion, or pale skin', 'blood in urine or stool', 'unusual bleeding or bruising', 'broken bones or fractures']"
614006,Perampanel,"['dizziness or a sense of spinning', 'drowsiness', 'constipation', 'nausea', 'vomiting', 'headache', 'tiredness', 'weight gain', 'irritability', 'weakness', 'problems with coordination', 'muscle, back, or joint pain', 'decreased sense of touch or sensation', 'blurred or double vision', 'rash; hives; fever or swollen glands; swelling of your face or legs; shortness of breath; yellow of skin or eyes; or dark urine']"
602026,Sirolimus,"['stomach pain', 'headache', 'constipation', 'diarrhea', 'nausea', 'joint or muscle pain', 'mouth sores', 'acne', 'unusual bleeding or bruising', 'new or worsening cough, shortness of breath, or difficulty breathing', 'swollen, red, cracked, scaly.Â\xa0or peeling skin', 'hives; rash; itching; difficulty breathing or swallowing; hoarseness; or swelling of the face, eyes, throat, tongue, or lips', 'wound that is red, oozing pus, or slow to heal', 'chest pain; trouble breathing; lightheadedness; fainting; or swelling of the belly,  hands, feet, ankles, or lower legs', 'weakness on one side of the body that worsens over time; clumsiness of the arms or legs; changes in your thinking, memory, walking, balance, eyesight, or strength that last several days; confusion; or personality changes', 'pale skin, weakness, tiredness, shortness of breath, headache, or dizziness and fainting']"
607036,Posaconazole,"['fever', 'headache', 'chills or shaking', 'dizziness', 'weakness', 'swelling of the hands, feet, ankles, or lower legs', 'diarrhea', 'vomiting', 'stomach pain', 'constipation', 'heartburn', 'rash', 'itching', 'back or muscle pain', 'sores on the lips, mouth, or throat', 'difficulty falling asleep or staying asleep', 'increased sweating', 'nosebleeds', 'cough', 'sore throat', 'extreme tiredness, loss of appetite, nausea, yellowing of the skin or eyes, pain in the upper right part of the stomach, dark urine, pale stools, or flu-like symptoms', 'unusual bruising or bleeding', 'fast, pounding, or irregular heartbeat', 'sudden loss of consciousness', 'shortness of breath', 'headaches, blurred vision, chest pain, dizziness, anxiety; muscle weakness, spasms, or cramping, palpitations or feeling like heart is skipping beats, constipation, tingling or numbness']"
682224,Dactinomycin,"['vomiting', 'stomach pain', 'diarrhea', 'hair loss', 'hives', 'rash', 'difficulty breathing or swallowing', 'nausea', 'extreme tiredness', 'unusual bleeding or bruising', 'sores in the mouth and throat', 'lack of energy', 'loss of appetite', 'pain in the upper right part of the stomach', 'yellowing of the skin or eyes', 'fever, sore throat, ongoing cough and congestion, or other signs of infection', 'unusual bleeding or bruising', 'black and tarry stools', 'red blood in stools']"
621019,Umbralisib,"['diarrhea', 'vomiting', 'nausea', 'loss of appetite', 'stomach pain', 'tiredness', 'swelling of the face, hands, or feet', 'muscle, back, neck, or bone pain', 'difficulty falling asleep or staying asleep', 'fever, sore throat, cough, difficulty breathing, wheezing, chills, or other signs of infection', 'severe diarrhea; blood in your stools or black, tarry stools; pink or brown urine; vomiting blood or coffee ground vomit; or coughing up blood', 'yellow eyes or skin; abdominal pain; bruising or bleeding; loss of appetite; yellow or brown-colored urine; pale stools; or pain in upper right part of stomach', 'rash', 'rash with fever or itching', 'blisters or peeling skin', 'painful sores or ulcers on your skin, lips, or mouth']"
601027,Bisacodyl,"['stomach cramps', 'faintness', 'stomach discomfort', 'rectal bleeding']"
682204,Sulfasalazine,"['yellow or orange discoloration of urine or skin', 'diarrhea', 'headache', 'loss of appetite', 'upset stomach', 'vomiting', 'stomach pain', 'rash, hives, itching or peeling or blistering skin', 'swelling of the eyes, face, lips, tongue, mouth, or throat', 'difficulty breathing or swallowing', 'swollen glands', 'fever, sore throat, chills, cough, night sweats, and other signs of infection', 'pale skin, tiredness, or shortness of breath', 'joint or muscle aches', 'yellowing of the skin or eyes', 'pain in the right upper part of the stomach', 'difficult or painful urination or cloudy, discolored or blood urine', 'chest pain', 'new or worsening cough', 'tiredness', 'unusual bleeding or bruising', 'weakness', 'seizures']"
620060,Azacitidine,"['nausea', 'vomiting', 'diarrhea', 'constipation', 'loss of appetite', 'tiredness', 'stomach pain', 'joint pain', 'muscle pain', 'dizziness', 'pain in hands or legs', 'sore throat, fever, chills, body aches, or other signs of infection', 'shortness of breath or pale skin', 'unusual bruising or bleeding, bloody vomit, vomit that looks like coffee grounds, or black, tarry, or bloody stools']"
613033,Canagliflozin,"['urinating a lot, including at night', 'increased thirst', 'constipation', 'dry mouth', 'frequent, urgent, burning, or painful urination; decrease in amount of urine; urine that is cloudy, red, pink, or brown; strong smelling urine; pelvic or rectal pain; or fever, back pain, nausea, or vomiting', '(in women) vaginal odor, white or yellowish vaginal discharge (may be lumpy or look like cottage cheese), or vaginal itching', '(in men) redness, itching, or swelling of the penis; rash on the penis; foul smelling discharge from the penis; or pain in the skin around the penis', 'feeling tired, weak, or uncomfortable; along with a fever and pain, tenderness, redness, and swelling of the genitals or the area between the genitals and the rectum', 'falling', 'rash; hives; itching; difficulty breathing or swallowing; hoarseness; or swelling of the face, throat, tongue, lips, mouth, or eyes', 'nausea, vomiting, stomach-area pain, tiredness, or difficulty breathing']"
616012,Patiromer,"['constipation', 'diarrhea', 'nausea, gas, stomach discomfort']"
682088,Tranylcypromine,"['drowsiness', 'weakness', 'dry mouth', 'loss of appetite', 'diarrhea', 'constipation', 'stomach pain', 'blurred vision', 'chills', 'ringing in the ears', 'muscle tightening or jerking', 'uncontrollable shaking of any part of the body', 'numbness, burning, or tingling in the arms or legs', 'difficulty urinating', 'decreased sexual ability', 'hair loss', 'rash', 'headache', 'slow, fast, or pounding heartbeat', 'chest pain or tightness', 'tightening of the throat', 'nausea', 'sweating', 'fever', 'cold, clammy skin', 'dizziness', 'neck stiffness or soreness', 'sensitivity to light', 'widened pupils (black circles in the middle of the eyes)', 'swelling of arms, hands, feet, ankles, or lower legs', 'unusual bleeding or bruising', 'pain in the upper right part of the stomach', 'flu-like symptoms', 'yellowing of the skin or eyes']"
614032,Eslicarbazepine,"['dizziness', 'difficulty with balance', 'fast, repeated eye movements that you cannot control', 'excessive tiredness', 'sleepiness', 'weakness', 'forgetfulness or memory loss', 'difficulty concentrating', 'slowed thinking or movement', 'speech problems', 'shakiness', 'uncontrollable shaking of a part of the body', 'nausea', 'vomiting', 'constipation', 'stomach pain', 'infections that come and go or do not go away', 'fever', 'blisters', 'rash', 'swollen glands', 'sores in the mouth or around the eyes', 'hives', 'swelling of the eyes, faces, lips, tongue, mouth, or throat', 'hoarseness', 'difficulty breathing or swallowing', 'seizures that happen more often or are worse than before', 'difficulty walking', 'headache', 'confusion', 'irritability', 'muscle weakness or spasms', 'unusual bruising or bleeding', 'yellowing of the skin or eyes', 'loss of appetite', 'pain in the upper right part of the stomach', 'blurred or double vision']"
608022,Desvenlafaxine,"['constipation', 'loss of appetite', 'difficulty falling asleep or staying asleep', 'sweating', 'sexual problems in males; decreased sex drive, inability to get or keep an erection, or delayed or absent ejaculation', 'sexual problems in females; decreased sex drive, or delayed orgasm or unable to have an orgasm', 'rash; hives; difficulty swallowing or breathing; swelling of the face, throat, tongue, lips, eyes, hands, feet, ankles, or lower legs', 'fast heartbeat', 'chest, arm, back, neck, or jaw pain', 'coma (loss of consciousness for a period of time)', 'seizures', 'fever, sweating, confusion, fast or irregular heartbeat, severe muscle stiffness or twitching, agitation, hallucinations, loss of coordination, nausea, vomiting, or diarrhea', 'unusual bleeding or bruising', 'headache; unsteadiness; problems with thinking, concentration, or memory', 'fainting']"
685034,Labetalol,"['dizziness or lightheadedness', 'tiredness', 'headache', 'nausea, vomiting, constipation, gas', 'shortness of breath or difficulty breathing', 'swelling of the feet and lower legs', 'sudden weight gain', 'chest pain', 'rapid, pounding, or irregular heartbeat', 'yellowing of the skin or whites of eyes, tenderness on the right upper side of the stomach, itching, loss of appetite, pale stools, or dark urine']"
625106,Paltusotine,"['diarrhea', 'belly pain', 'nausea', 'reduced appetite', 'feeling of heart racing', 'sharp pain or cramping in upper stomach area that may worsen after eating or rotate to the back; nausea and vomiting; yellowing of the skin or whites of the eyes; dark urine; bloating or gas', 'extreme thirst or hunger; increased amount or frequency of urinating; feeling tired; blurry vision', 'shakiness; sweating; dizziness; confusion', 'extreme tiredness; feeling weak; dizzy or lightheaded; fainting or near fainting episodes; feeling like heart is racing', 'extreme tiredness; changes in weight (unexpected weight gain or loss); intolerance to cold or heat; dry skin or hair; thinning hair or hair loss; constipation or diarrhea; sweating; bulging or puffy eyes; changes in mood; changes in menstrual cycle', 'loose stools; belly pain; bloating or gas; weight loss; changes in stools such as oil, greasy or bulky or pale or yellow stools', 'pale skin; extreme tiredness; weakness; shortness of breath; numbness or tingling in hands or feet; sore tongue or mouth sores; vision problems; difficulty concentrating; mood changes']"
698007,Raloxifene,"['hot flashes (more common in the first 6 months of raloxifene therapy)', 'leg cramps', 'swelling of the hands, feet, ankles, or lower legs', 'flu-like syndrome', 'joint pain', 'sweating', 'difficulty falling asleep or staying asleep']"
682543,Chlorpheniramine,"['drowsiness', 'dry mouth, nose, and throat', 'nausea,vomiting, constipation, loss of appetite', 'headache', 'increased chest congestion', 'vision problems', 'difficulty urinating']"
682223,Mechlorethamine,"['nausea', 'vomiting', 'loss of appetite', 'diarrhea', 'unusual tiredness or weakness', 'dizziness', 'painful, swollen joints', 'ringing in ears and difficulty hearing', 'fever, chills, sore throat, ongoing cough and congestion, or other signs of an infection', 'unusual bleeding or bruising', 'bloody or black, tarry stools', 'bloody vomit', 'vomited material that looks like coffee grounds', 'bleeding gums', 'small, round, red or purple colored spots on the skin', 'hives', 'rash', 'itching', 'difficulty breathing or swallowing', 'numbness or tingling in your hands or feet', 'irregular heartbeat']"
615040,Flibanserin,"['nausea', 'tiredness', 'difficulty falling asleep or staying asleep', 'dry mouth', 'constipation', 'runny or stuffy nose', 'painful,\r\ndifficult, or frequent urination', 'anxiety', 'excessive sleepiness', 'hives; itching; hoarseness; difficulty breathing or swallowing; or swelling of the face, lips, or mouth']"
603029,Eletriptan,"['weakness, tiredness, dizziness, drowsiness', '', 'upset stomach, nausea', 'heartburn', 'headache', 'dry mouth', '', 'feeling warm or cold', 'tightness, pain, pressure, or heaviness in the chest, throat, neck, or jaw', 'slow or difficult speech', 'weakness or numbness of an arm or leg', 'vomiting', 'sudden or severe stomach pain', 'bloody diarrhea', 'constipation', 'rapid, pounding, or irregular heartbeat', 'shortness of breath', 'lightheadedness', 'cold sweat', 'difficulty breathing or swallowing', 'swelling of the face, throat, tongue, lips, eyes, hands, feet, ankles, or lower legs', 'hoarseness', 'hives, rash, itching', 'paleness or blue color of the fingers and toes', 'pain, burning, or tingling in the hands or feet']"
684060,Glipizide,"['diarrhea', 'gas', 'feeling jittery', 'dizziness', 'uncontrollable shaking of a part of the body', 'red or itchy skin', 'rash', 'hives', 'blisters', 'yellowing of the skin or eyes', 'light-colored stools', 'dark urine', 'pain in the upper right part of the stomach', 'unusual bruising or bleeding', 'fever', 'sore throat']"
620016,Ubrogepant,"['nausea', 'drowsiness', 'dry mouth', 'swelling of the face, throat, or around the mouth or eyes; hives; rash; itching; trouble swallowing or breathing; dizziness; or rapid heartbeat', 'numb, cold, painful, or discolored fingers or toes']"
624009,Iptacopan,"['headache', 'runny nose, nasal congestion, sneezing, sore throat, or cough', 'stomach pain', 'diarrhea', 'nausea', 'joint pain', 'rash']"
615013,Palbociclib,"['nausea', 'diarrhea', 'vomiting', 'decreased appetite', 'changes in taste', 'tiredness', 'sores on the lips, mouth, or throat', 'unusual hair thinning or hair loss', 'dry skin', 'rash', 'eye tearing, blurred vision, or dry eye', 'fever, chills, or signs of infection', 'difficulty breathing or shortness of breath', 'cough with or without mucus', 'chest pain', 'dizziness', 'fast, irregular, or pounding heartbeat', 'weakness', 'unusual bleeding or bruising', 'nosebleeds', 'redness, pain, swelling or blisters on the palms of the hands or soles of the feet', 'skin blistering and peeling', 'skin redness']"
682065,Codeine,"['nausea, vomiting', 'sweating', 'decreased sexual desire, inability to get or keep an erection', 'agitation, hallucinations (seeing things or hearing voices that do not exist), fever, sweating, confusion, fast heartbeat, shivering, severe muscle stiffness or twitching, loss of coordination, nausea, vomiting, or diarrhea', 'nausea, vomiting, loss of appetite, weakness, or dizziness', 'chest pain, changes in heartbeat', 'rash; hives; itching; nausea; vomiting; hoarseness; difficulty breathing or swallowing; or swelling of the eyes, face, lips, mouth, tongue or throat', 'seizures', 'extreme drowsiness', 'new pain or pain from touch or doing ordinary tasks such as combing your hair', 'difficulty swallowing, regurgitation (bringing up swallowed food into throat and mouth), pain in the chest area', 'unusual snoring or long pauses during breaths during sleep']"
621012,Tepotinib,"['swelling of the arms, hands, feet, or lower legs', 'nausea', 'diarrhea', 'constipation', 'vomiting', 'loss of appetite', 'abdominal pain', 'tiredness', 'muscle, joint, or bone pain', 'rash or itching', 'dizziness', 'headache', 'shortness of breath, trouble breathing, fever, or cough', 'pain in right upper part of the stomach, swelling in your stomach area, unusual bruising or bleeding, dark urine, light colored stools, yellowing of the skin and eyes, or weakness', 'confusion', 'ongoing pain that begins in the stomach area, but may spread to the back; nausea; vomiting; weight loss']"
695032,Nicardipine,"['headache', 'upset stomach', 'dizziness or lightheadedness', 'excessive tiredness', 'flushing', 'numbness', 'fast heartbeat', 'muscle cramps', 'constipation', 'heartburn', 'increased sweating', 'dry mouth', 'swelling of the face, eyes, lips, tongue, arms, or legs', 'difficulty breathing or swallowing', 'fainting', 'rash', 'increase in frequency or severity of chest pain (angina)']"
682342,Chlorthalidone,"['frequent urination', 'dizziness', 'upset stomach, nausea, vomiting, diarrhea', 'loss of appetite', 'headache', 'thirst; tiredness; drowsiness; restlessness; muscle weakness, pain or cramps; nausea; vomiting; or fast heartbeat', 'unusual bleeding or bruising', 'rash, itching, hives, or blisters or peeling skin', 'difficulty breathing or swallowing']"
619010,Rifamycin,"['constipation', 'headache', 'watery or bloody diarrhea that may occur along with stomach cramps and fever during your treatment or for 2 months afterward']"
601209,Ondansetron,"['headache', 'constipation', 'weakness', 'tiredness', 'chills', 'drowsiness', 'blurred vision or vision loss', 'rash', 'hives', 'itching', 'swelling of the eyes, face, lips, tongue, throat, hands, feet, ankles, or lower legs', 'hoarseness', 'difficulty breathing or swallowing', 'chest pain', 'shortness of breath', 'dizziness, light-headedness, or fainting', 'fast, slow or irregular heartbeat', 'agitation', 'hallucinations (seeing things or hearing voices that do not exist)', 'fever', 'excessive sweating', 'confusion', 'nausea, vomiting, or diarrhea', 'loss of coordination', 'stiff or twitching muscles', 'seizures', 'coma (loss of consciousness)']"
616032,Pimavanserin,"['nausea', 'constipation', 'swelling of hands, ankles, or feet', 'sleepiness', 'hallucinations (seeing things or hearing voices that do not exist)', 'confusion', 'difficulty walking normally', 'rash', 'hives', 'swelling of the face, eyes, eyelids, lips, or tongue', 'throat tightness', 'shortness of breath']"
682345,Metolazone,"['dizziness', 'weakness', 'restlessness', 'headache', 'muscle cramps', 'joint pain or swelling', 'constipation', 'diarrhea', 'dry mouth, dark urine, decreased sweating, dry skin, and other signs of dehydration', 'chest pain', 'rapid, irregular, or pounding heartbeats', 'hives', 'rash', 'itching', 'blistering or peeling skin', 'swelling of the face, throat, tongue, lips, eyes, hands, feet, ankles, or lower legs', 'hoarseness', 'difficulty swallowing or breathing', 'sore throat with fever', 'unusual bleeding or bruising', 'upset stomach', 'extreme tiredness', 'loss of appetite', 'pain in the upper right part of the stomach', 'yellowing of the skin or eyes', 'flu-like symptoms']"
681006,Theophylline,"['upset stomach', 'stomach pain', 'diarrhea', 'headache', 'restlessness', 'difficulty falling asleep or staying asleep', 'irritability', 'vomiting', 'increased or rapid heart rate', 'irregular heartbeat', 'seizures', 'rash']"
682064,Amantadine,"['dry mouth', 'constipation', 'nausea', 'vomiting', 'decreased appetite', 'difficulty falling asleep or staying asleep', 'abnormal dreams', 'headache', 'confusion', 'drowsiness', 'tiredness', 'uncontrollable tightening of muscles, change from normal walking, and falls', 'lace-like purple pattern on skin', 'hallucinations (seeing things or hearing voices that do not exist)', 'believing things that are not true', 'not trusting others or feeling that others want to hurt you', 'depression', 'anxiety', 'suicidal (thinking about harming or killing oneself or planning or trying to do so)', 'lack of interest, enthusiasm, or concern', 'dizziness, lightheadedness, fainting, or blurred vision', 'swelling of the hands, feet, ankles, or lower legs', 'difficulty urinating', 'shortness of breath']"
624031,Pivmecillinam,"['nausea', 'diarrhea', 'itching', 'headache', 'severe diarrhea (watery or bloody stools) that may occur with or without fever and stomach cramps (may occur up to 2 months or more after your treatment)', 'vaginal itching or thick, white vaginal discharge', 'rash, itching, hives; difficulty breathing or wheezing', 'extreme redness or peeling or blistering of skin or insides of the mouth', 'dizziness, confusion, tiredness, muscle pains', 'worrying, confusion, pain in stomach or legs or arms, muscle weakness or confusion']"
684030,Verapamil,"['constipation', 'heartburn', 'dizziness or lightheadedness', 'headache', 'swelling of the hands, feet, ankles, or lower legs', 'difficulty breathing or swallowing', 'slow heartbeat', 'fainting', 'blurred vision', 'rash', 'nausea', 'extreme tiredness', 'unusual bleeding or bruising', 'lack of energy', 'loss of appetite', 'pain in the upper right part of the stomach', 'yellowing of the skin or eyes', 'flu-like symptoms', 'fever']"
611043,Potassium Iodide,"['swollen glands', 'metallic taste in the mouth', 'nausea', 'vomiting', 'diarrhea', 'stomach ache', 'headache', 'rash', 'hives', 'fever', 'joint pain', 'swelling of the face, lips, tongue, throat, hands, or feet', 'trouble breathing, speaking, or swallowing', 'wheezing', 'shortness of breath', 'irregular heartbeat', 'chest pain', 'lump under the skin at the base of the neck']"
682479,Chlorpropamide,"['nausea', 'vomiting', 'loss of appetite', 'hunger', 'dizziness', 'headache', 'itching', 'yellowing of the skin or eyes', 'light-colored stools', 'dark urine', 'pain in the upper right part of the stomach', 'unusual bruising or bleeding', 'diarrhea', 'fever', 'sore throat', 'rash']"
602018,Tenofovir alafenamide,"['headache', 'decreased urination', 'swelling of feet and ankles', 'pain in the arms, hands, feet, or legs', 'extreme tiredness or weakness; nausea; vomiting; loss of appetite; yellowing of the skin or eyes; dark-colored urine; light-colored bowel movements; pain in upper right part of your stomach', 'weakness, tiredness, unusual muscle pain, stomach pain with nausea and vomiting, dizziness or lightheadedness, fast or irregular heartbeat, shortness of breath or fast breathing, cold or blue-colored hands and feet']"
682051,Flurazepam,"['drowsiness', 'dizziness or lightheadedness', 'loss of coordination, falling down', 'rash, hives,; swelling of the face, throat, tongue, lips, or eyes; hoarseness, difficulty breathing or swallowing', 'chest pain. pounding heartbeat', 'coma (loss of consciousness for a period of time)']"
695036,Ticlopidine,"['nausea', 'diarrhea', 'vomiting', 'stomach pain', 'loss of appetite', 'gas', 'headache', 'itching', 'fever, sore throat, or other signs of infection', 'unusual bleeding or bruising', 'light-colored stools', 'skin rash']"
607046,Dimenhydrinate,"['drowsiness', 'excitement or hyperactivity (especially in children)', 'headache', 'new or worsening dizziness', 'ringing in the ears', 'dry mouth, nose, or throat', 'problems with coordination', 'fainting', 'fast, pounding, or irregular heartbeat', 'blurred vision']"
622027,Molnupiravir,"['diarrhea', 'nausea', 'dizziness']"
623048,Zuranolone,"['diarrhea', 'dry mouth', 'nasal congestion, runny nose, sneezing, or sore throat', 'weakness', 'lack of energy', 'muscle pain or twitching', 'toothache']"
682640,Benzonatate,"['nausea', 'constipation', 'drowsiness', 'headache', 'dizziness', 'stuffy nose', 'feeling chilly', 'burning in the eyes', 'rash or hives', 'itching', 'tightening of the throat', 'difficulty breathing or swallowing', 'numbness of the chest', 'confusion', 'hallucinations (seeing or hearing things that do not exist)']"
694038,Famciclovir,"['headache', 'nausea', 'vomiting', 'diarrhea or loose stools', 'gas', 'stomach pain', 'tiredness', 'rash', 'itching', 'painful menstrual periods', 'pain, burning, numbness, or tingling in the hands or feet']"
601207,Cyclosporine,"['headache', 'diarrhea', 'heartburn', 'gas', 'increased hair growth on the face, arms, or back', 'growth of extra tissue on the gums', 'acne', 'flushing', 'uncontrollable shaking of a part of your body', 'burning or tingling in the hands, arms, feet, or legs', 'muscle or joint pain', 'cramps', 'pain or pressure in the face', 'ear problems', 'breast enlargement in men', 'depression', 'difficulty falling asleep or staying asleep', 'unusual bleeding or bruising', 'pale skin', 'yellowing of the skin or eyes, nausea, vomiting, loss of appetite, extreme tiredness, flu-like symptoms, pain in the upper right part of the stomach, dark urine, or light-colored bowel movements', 'seizures', 'loss of consciousness', 'changes in behavior or mood', 'difficulty controlling body movements', 'loss of balance or coordination, or unsteadiness', 'weakness or the inability to move on one side of the body', 'changes in vision', 'confusion', 'purple blotches on the skin', 'rash, itching, or hives']"
611028,Azilsartan,"['diarrhea', 'dizziness', 'fainting']"
619058,Fedratinib,"['nausea', 'vomiting', 'diarrhea', 'constipation', 'tiredness', 'muscle spasms', 'arm, leg, or bone pain', 'headache', 'weight gain', 'dizziness', 'unusual bleeding or bruising', 'fever, chills, cough, painful or frequent urination, or other signs of infection', 'nausea, extreme tiredness, unusual bruising or bleeding, lack of energy, loss of appetite, pain in the upper right part of the stomach, yellowing of the skin or eyes, or flu-like symptoms', 'shortness of breath, fast heartbeat, headache, dizziness, pale skin, confusion, or tiredness', 'pain in the chest, arms, back, neck, jaw, or stomach; breaking out in cold sweat; lightheadedness', 'slow or difficult speech; sudden weakness or numbness of the face, arm or leg; sudden headache; sudden vision problems; sudden difficulty walking', 'swelling, pain, tenderness, warmth or redness in one or both legs', 'shortness of breath, coughing up blood, fast heartbeat, fast breathing, pain when breathing deeply']"
618044,Elagolix,"['hot flashes (a sudden wave of mild or intense body heat)', 'night sweats', 'headache', 'nausea', 'diarrhea', 'constipation', 'stomach pain', 'weight gain', 'difficulty falling sleeping or staying asleep', 'changes in menstrual periods (irregular bleeding or spotting, little or no bleeding, decreased length of periods)', 'joint pain', 'changes in sexual desire', 'yellow of skin or eyes; dark colored urine; extreme tiredness; nausea and vomiting; right upper abdomen pain; or unusual bleeding or bruising']"
685027,Pentoxifylline,"['upset stomach', 'vomiting', 'gas', 'dizziness', 'headache', 'chest pain', 'fast heartbeat']"
682481,Tolbutamide,"['nausea', 'upper abdominal fullness', 'heartburn', 'rash', 'headache', 'changes in taste', 'yellowing of the skin or eyes', 'light-colored stools', 'dark urine', 'pain in the upper right part of the stomach', 'unusual bruising or bleeding', 'diarrhea', 'fever', 'sore throat']"
612010,Vismodegib,"['muscle spasms', 'joint pain', 'tiredness', 'hair loss', 'change in how things taste or loss of taste', 'decreased appetite', 'weight loss', 'nausea', 'vomiting', 'diarrhea', 'constipation', 'missed menstrual periods']"
694006,Cisapride,"['diarrhea', 'upset stomach', 'stomach discomfort', 'headache', 'stuffy nose', 'constipation', 'coughing', 'vision changes', 'chest pain']"
606009,Tipranavir,"['nausea, vomiting, diarrhea', 'tiredness', 'headache', 'stomach pain', 'fever, chills, cough, or other signs of infection', 'rash; itching; redness, blistering, or peeling of skin; difficulty breathing or swallowing; shortness of breath; muscle or joint pain or stiffness']"
608020,Sapropterin,"['diarrhea', 'nausea', 'vomiting', 'stomach pain', 'headache', 'cough, throat pain, or cold symptoms', 'fidgeting, moving around, or talking too much', 'wheezing, shortness of breath, cough, flushing, nausea, rash', 'pain in the upper abdominal area, nausea, vomiting, black, tarry or bloody stool, vomiting blood']"
605045,Pregabalin,"['tiredness', 'dizziness', 'headache', 'dry mouth', 'nausea', 'vomiting', 'constipation', 'gas', 'bloating', ""''high'' or elevated mood"", 'speech problems', 'difficulty concentrating or paying attention', 'difficulty remembering or forgetfulness', 'anxiety', 'lack of coordination', 'loss of balance or unsteadiness', 'uncontrollable shaking or jerking of a part of the body', 'muscle twitching', 'weakness', 'increased appetite', 'weight gain', 'back pain', 'blurred vision, double vision, or other changes in eyesight', 'hives', 'rash', 'itching', 'blisters', 'swelling of the eyes, face, throat, mouth, lips, gums, tongue, head or neck', 'swelling of the arms, hands, feet, ankles, or lower legs', 'shortness of breath', 'wheezing', 'muscle pain, tenderness, soreness, or weakness, especially if it comes along with fever', 'chest pain', 'difficulty breathing; bluish-tinged skin, lips, or fingernails; confusion; or extreme sleepiness']"
619028,Testosterone,"['heartburn', 'diarrhea', 'gas', 'headache', 'joint and muscle pain', 'weight gain', 'lower leg pain, swelling, warmth, or redness', 'difficulty breathing, especially at night', 'swelling of the hands, feet, and ankles', 'sudden unexplained weight gain', 'erections that happen too often or that last too long', 'difficulty urinating, weak urine flow, frequent urination, sudden need to urinate right away', 'nausea or vomiting, extreme tiredness, yellowing of the skin or eyes, dark urine, or pain in the upper right part of the stomach', 'mood changes including depression, anxiety, or becoming suicidal (thinking about harming or killing oneself or planning or trying to do so)', 'enlarged or painful breasts']"
682823,Captopril,"['dizziness or lightheadedness', 'salty or metallic taste, or decreased ability to taste', 'cough', 'fast heartbeat', 'excessive tiredness', 'chest pain', 'swelling of the face, eyes, lips, tongue, arms, or legs', 'hives', 'hoarseness', 'difficulty breathing or swallowing', 'stomach pain', 'fainting', 'rash', 'itching', 'mouth sores', 'fever, sore throat, chills, and other signs of infection']"
625004,Ensartinib,"['muscle or joint pain', 'constipation', 'tiredness', 'swelling of the hands, feet, or legs', 'shortness of breath, chest pain, cough, fever', 'excessive tiredness, decreased appetite, nausea, vomiting, pain in the right upper part of the stomach, dark urine, or itching', 'rash, itching, or swelling of the skin', 'slow or irregular heartbeat, dizziness, or fainting', 'feeling hungry or thirsty, increased urination, nausea, tiredness, or confusion', 'unexplained muscle pain, tenderness, or weakness', 'red, hot, tender, or swollen joints, especially your big toe; nausea or vomiting; pain in your abdomen or sides; pink or brown urine']"
682462,Liothyronine,"['weight loss', 'nervousness', 'excessive sweating', 'sensitivity to heat', 'temporary hair loss (particularly in children during the first months of therapy)', 'chest pain', 'rapid or irregular heartbeat or pulse']"
682165,Perphenazine,"['dizziness, feeling unsteady, or having trouble keeping your balance', 'blurred vision', 'dry mouth', 'excess saliva', 'headache', 'nausea, vomiting, diarrhea, constipation', 'loss of appetite', 'unusual, slowed, or uncontrollable movements of any part of the body', 'restlessness', 'difficulty falling asleep or staying asleep', 'unusual dreams', 'problems with urination', 'change in skin color', 'breast enlargement', 'breast milk production', 'missed menstrual periods', 'decreased sexual ability in men', 'fever; stiff muscles; sweating; confusion; sweating; or fast, pounding, or irregular\r\nheartbeat', 'falling down', 'neck cramps', 'tongue that sticks out of the mouth', 'tightness in the throat, difficulty breathing or swallowing', 'fine, worm-like tongue movements', 'uncontrollable, rhythmic face, mouth, or jaw movements', 'seizures', 'eye pain or discoloration', 'vision changes, especially at night', 'yellowing of the skin or eyes', 'rash, itching, hives; swelling of the eyes, face, mouth, lips, tongue, throat, arms, hands, feet, ankles, or lower legs; difficulty breathing or swallowing', 'slowed heartbeat', 'sore throat, fever, chills, and other signs of infection']"
682795,Methylprednisolone,"['upset stomach', 'stomach irritation', 'vomiting', 'headache', 'dizziness', 'insomnia', 'restlessness', 'depression', 'anxiety', 'acne', 'increased hair growth', 'easy bruising', 'irregular or absent menstrual periods', 'skin rash', 'swollen face, lower legs, or ankles', 'vision problems', 'cold or infection that lasts a long time', 'muscle weakness', 'black or tarry stool']"
620021,Cenobamate,"['headache', 'tiredness', 'nausea, vomiting, diarrhea, constipation', 'dry mouth, taste changes', 'heartburn', 'stomach pain, loss of appetite, weight loss', 'back pain', 'difficulty reading, writing, or speaking', 'confusion', 'hallucinations, paranoia, hostility, aggression', 'double vision or blurred vision', 'rash; hives; swelling of your face or legs; difficulty swallowing or breathing', 'fever, sore throat, or swollen glands', 'sores in mouth or around eyes', 'unusual bruising or bleeding', 'fatigue or weakness; muscle pain; yellowing of skin or eyes; or dark urine', 'shortness of breath', 'irregular heartbeat or fainting']"
605035,Ibandronate,"['nausea', 'stomach pain', 'diarrhea', 'constipation', 'weakness', 'dizziness', 'headache', 'fever, sore throat, chills, cough, and other signs of infection', 'frequent or urgent need to urinate', 'painful urination', 'new or worsening heartburn', 'difficulty swallowing', 'pain on swallowing', 'upper chest pain', 'rash', 'painful or swollen gums', 'loosening of the teeth', 'numbness or heavy feeling in the jaw', 'poor healing of the jaw', 'dull, aching pain in the hips, groin, or thighs']"
604027,Rifaximin,"['nausea', 'stomach pain', 'dizziness', 'excessive tiredness', 'headache', 'muscle tightening', 'joint pain', 'watery or bloody diarrhea that may occur along with stomach cramps and fever during your treatment or for 2 months afterward', 'hives', 'rash', 'itching', 'difficulty breathing or swallowing', 'swelling of the face, throat, tongue, lips, eyes, hands, feet, ankles, or lower legs', 'hoarseness']"
696011,Lamivudine,"['diarrhea', 'headache', 'difficulty falling sleeping or staying asleep', 'depression', 'stuffy nose', 'rash', 'vomiting (in children)', 'nausea (in children)', 'ongoing pain that begins in the stomach area but may spread to the back (in children)', 'numbness, tingling, or burning in the fingers or toes', 'excessive tiredness; weakness, dizziness or lightheadedness; fast or irregular heartbeat; muscle pain; stomach pain with nausea and vomiting; shortness of breath or difficulty breathing; flu-like symptoms such as fever, chills, or cough; or feeling cold, especially in the arms or legs', 'light-colored bowel movements; yellowing of the skin or eyes; loss of appetite; unusual bleeding or bruising; dark yellow or brown urine; or pain in the upper right part of stomach']"
615009,Nintedanib,"['nausea', 'vomiting', 'decreased appetite', 'weight loss', 'diarrhea', 'extreme tiredness', 'unusual bleeding or bruising', 'lack of energy', 'loss of appetite', 'pain in the upper right part of the stomach', 'yellowing of the skin or eyes', 'dark or brown (tea-colored) urine', 'chest pain', 'pain in your arms, back, neck, or jaw', 'shortness of breath', 'numbness or weakness on one side of your body', 'difficulty speaking', 'headache', 'dizziness', 'wounds that do not heal', 'pain or swelling in your stomach area, nausea, vomiting, fever, chills, or blood in your stool', 'rash', 'itching']"
682248,Busulfan,"['nausea', 'diarrhea', 'loss of appetite or weight', 'constipation', 'sores in the mouth and throat', 'dry mouth', 'headache', 'difficulty falling asleep or staying asleep', 'feeling unusually anxious or worried', 'dizziness', 'swelling of the face, arms, hands, feet, ankles or lower legs', 'chest pain', 'joint, muscle or back pain', 'skin rash', 'itching and dry skin', 'darkened skin', 'hair loss', 'black, tarry stools', 'red urine', 'unusual tiredness or weakness', 'difficulty breathing', 'changes in vision', 'vomiting', 'stomach pain', 'seizures']"
625070,Atrasentan,"['swelling in hands, ankles, feet or legs', 'fatigue, weakness, dizziness, headache', 'nausea or vomiting, pain in the upper right stomach, yellowing of skin or whites or eyes, dark urine, loss of appetite', 'unusual weight gain, trouble breath, swelling in legs, feet, hands or ankles']"
621056,Maralixibat,"['diarrhea', 'vomiting, decreased urination, dizziness, or headache', 'persistent diarrhea; bloody or black, tarry stools; persistent stomach pain; or fever', 'skin or the whites of eyes turn yellow, pain on the upper right side of your stomach, nausea or vomiting, loss of appetite, or dark or brown urine', 'unusual bleeding or bruising', 'vomiting blood']"
682059,Phenoxybenzamine,"['nasal congestion', 'dizziness', 'upset stomach', 'sexual dysfunction (difficulty ejaculating)', 'dizziness', 'fainting', 'fast heartbeat', 'vomiting']"
607076,Maraviroc,"['cough, runny nose, or other cold symptoms', 'dizziness', 'diarrhea', 'constipation', 'sore throat, fever, chills, or other signs of infection', 'chest pain, pressure, or discomfort;  pain in one or both arms, back, neck, jaw, or stomach; shortness of breath; sweating', 'rash; fever; flu-like symptoms; muscle or joint pain; blisters or sores in the mouth; swollen, red, peeling, or blistering skin; redness or swelling of the eyes; swelling of the mouth, face, or lips; difficulty breathing.']"
682858,Furosemide,"['frequent urination', 'blurred vision', 'headache', 'constipation', 'diarrhea', 'decreased urination; dry mouth; thirst; nausea; vomiting; weakness; drowsiness; confusion; muscle pain or cramps; or rapid or pounding heartbeats', 'fever', 'ringing in the ears, loss of hearing', 'itching, rash, hives, blisters or peeling skin, difficulty breathing or swallowing', 'yellowing of the skin or eyes']"
682207,Lomustine,"['nausea', 'vomiting', 'loss of appetite', 'sores in the mouth and throat', 'unusual tiredness or weakness', 'pale skin', 'fainting', 'hair loss', 'unsteady walk', 'slurred speech', 'difficulty breathing', 'shortness of breath', 'dry cough', 'chest pain', 'wheezing', 'decreased urination;', 'swelling of the face, arms, hands, feet, ankles, or lower legs.', 'yellowing or eyes and skin', 'confusion', 'sudden change or loss of vision']"
612018,Crizotinib,"['constipation', 'stomach pain', 'sores in the mouth', 'change in ability to taste food', 'decreased appetite', 'heartburn', 'headache', 'numbness, burning, or tingling in the hands or feet', 'rash', 'muscle, bone, or back pain', 'pain in the arms, legs, hands, or feet', 'trouble breathing or shortness of breath', 'cough', 'fever', 'swelling of the arms, hands, feet, ankles, or lower legs', 'chest pain', 'slow or irregular heartbeat, dizziness, or fainting', 'weakness', 'excessive tiredness, decreased appetite, nausea, vomiting, pain in the right upper part of the stomach, dark urine, or itching', 'diarrhea', 'nausea', 'vomiting', 'difficulty swallowing', 'unusual bleeding or bruising']"
682578,Carisoprodol,"['drowsiness', 'dizziness', 'headache', 'fast heart rate', 'upset stomach', 'vomiting', 'seizures', 'difficulty breathing']"
682258,Selenium Sulfide,"['oiliness or dryness of hair and scalp', 'hair loss', 'hair discoloration', 'scalp irritation', 'skin irritation']"
686018,Pimozide,"['weakness', 'dizziness, feeling unsteady, or having trouble keeping your balance', 'dry mouth', 'increased saliva', 'diarrhea', 'constipation', 'unusual hunger or thirst', 'changes in posture', 'nervousness', 'changes in behavior', 'difficulty tasting food', 'sensitivity to light', 'changes in vision', 'decreased sexual ability in men', 'blank facial expression', 'shuffling walk', 'unusual, slowed, or uncontrollable movements of any part of the body', 'restlessness', 'speech problems', 'changes in handwriting', 'rash', 'fever', 'muscle stiffness', 'falling', 'confusion', 'sweating', 'fast or irregular heartbeat', 'neck cramps', 'tightness in the throat', 'difficulty breathing or swallowing', 'tongue that sticks out of the mouth', 'fine, worm-like tongue movements', 'uncontrollable, rhythmic face, mouth, or jaw movements']"
608032,Tretinoin,"['weakness', 'extreme tiredness', 'shivering', 'pain', 'earache', 'feeling of fullness in the ears', 'dry skin', 'rash', 'hair loss', 'constipation', 'diarrhea', 'stomach pain', 'heartburn', 'loss of appetite', 'weight loss', 'bone pain', 'dizziness', 'numbness, burning, or tingling in the hands or feet', 'nervousness', 'depression', 'difficulty falling asleep or staying asleep', 'confusion', 'agitation', 'hallucinating (seeing things or hearing voices that do not exist)', 'difficulty urinating', 'flushing', 'headache', 'nausea', 'vomiting', 'blurred or double vision, or other vision problems', 'unusual bruising or bleeding', 'vomit that is bloody or looks like coffee grounds', 'bright red or black and tarry stools', 'irregular heartbeat', 'hearing loss', 'bleeding', 'infections']"
614045,Hydrocodone,"['nausea, vomiting, stomach pain', 'increased sweating', 'decreased sexual desire, inability to get or keep an erection', 'agitation, hallucinations (seeing things or hearing voices that do not exist), fever, sweating, confusion, fast heartbeat, shivering, severe muscle stiffness or twitching, loss of coordination, or diarrhea', 'nausea, vomiting, loss of appetite, weakness, or dizziness', 'chest pain, changes in heartbeat', 'rash; hives; hoarseness; difficulty breathing or swallowing; or swelling of the face, mouth, tongue or throat', 'seizures', 'extreme drowsiness', 'new pain or pain from touch or doing ordinary tasks such as combing your hair', 'difficulty swallowing, regurgitation (bringing up swallowed food into throat and mouth), pain in the chest area', 'unusual snoring or long pauses during breaths during sleep']"
682060,Carmustine,"['nausea', 'vomiting', 'headache', 'loss of balance or coordination', 'pale skin', 'fainting', 'dizziness', 'fast or irregular heartbeat', 'chest pain', 'darkened skin', 'swelling, pain, redness, or burning at the injection site', 'upset stomach', 'extreme tiredness or weakness', 'lack of energy', 'loss of appetite', 'pain in the upper right part of the stomach', 'yellowing of the skin or eyes', 'decreased urination', 'swelling of the hands, feet, ankles, or lower legs']"
612006,Ruxolitinib,"['dizziness', 'headache', 'weight gain', 'gas', 'diarrhea', 'constipation', 'nausea', 'rash', 'muscle or bone pain', 'swelling of the arms, legs or other parts of the body', 'unusual or heavy bleeding or bruising', 'burning, tingling, itching, or skin sensitivity on one side of the body or face with painful rash or blisters appearing several days later.', 'new sores, bumps, or discoloration or other changes to the skin', 'pale skin, tiredness, or shortness of breath (especially while exercising)', 'difficulty moving or keeping your balance, weakness of the legs or arms that keeps getting worse, difficulty understanding or speaking, loss of memory, vision problems, or changes in personality', 'swelling, pain, tenderness, warmth or redness in one or both legs', 'shortness of breath', 'difficulty breathing', 'pain in the chest, arms, back, neck, jaw, or stomach', 'breaking out in cold sweat', 'nausea or vomiting', 'lightheadedness', 'slow or difficult speech', 'numbness or weakness of the face, arm, or leg on one side of your body']"
620011,Voxelotor,"['headache', 'diarrhea', 'stomach pain', 'nausea', 'vomiting', 'rash, hives; shortness of breath; swelling of the face, throat, tongue, lips, or eye; or difficulty swallowing', 'fatigue, fever or flu-like symptoms, muscle or joint pain, or swollen glands']"
621043,Belumosudil,"['tiredness or weakness', 'nausea', 'difficulty swallowing', 'shortness of breath', 'diarrhea', 'muscle or joint pain', 'headache', 'swelling of the hands, feet, or face', 'rash or itching', 'fever, sore throat, chills, cough, or other signs of infection', 'unusual bleeding or bruising']"
682220,Melphalan,"['nausea', 'vomiting', 'loss of appetite or weight', 'sores in the mouth and throat', 'missed menstrual periods (in girls and women)', 'joint, muscle, or back pain', 'rash', 'hives', 'itching', 'difficulty breathing or swallowing', 'pale skin', 'excessive tiredness', 'fainting', 'fast, irregular, or pounding heartbeat', 'yellowing of the skin or eyes', 'pain in the upper right part of the stomach', 'dark colored urine', 'unusual lumps or masses']"
624015,Ritlecitinib,"['headache', 'diarrhea', 'acne', 'itchiness', 'fever', 'dizziness', 'hives, rash, trouble breathing, swelling of lips, tongue or throat']"
696029,Ritonavir,"['diarrhea', 'numbness, burning, or tingling of the hands, feet, or area around the mouth', 'tiredness, weakness', 'rash; hives; blistering or peeling of the skin; swelling of the eyes, face, tongue, lips, or throat; difficulty breathing or swallowing', 'nausea, vomiting, abdominal pain that may go around to your back', 'stomach pain, loss of appetite; pain in the upper right part of the stomach; yellowing of the skin or eyes;', 'dizziness, lightheadedness, loss of consciousness, irregular heartbeat']"
606017,Rasagiline,"['mild headache', 'joint or neck pain', 'heartburn', 'nausea', 'vomiting', 'stomach pain', 'constipation', 'diarrhea', 'loss of appetite', 'weight loss', 'flu-like symptoms', 'fever', 'sweating', 'red, swollen, and/or itchy eyes', 'dry mouth', 'swollen gums', 'unsteadiness, wobbliness, or lack of coordination', 'involuntary, repeated body movements', 'lack of energy', 'sleepiness', 'abnormal dreams', 'depression', 'pain, burning, numbness, or tingling in the hands or feet', 'rash', 'bruising or purple discoloration on skin', 'severe headache', 'blurred vision', 'seizures', 'chest pain', 'shortness of breath or difficulty breathing', 'confusion', 'unconsciousness', 'slow or difficult speech', 'dizziness or faintness', 'weakness or numbness of an arm or leg', 'hallucinating (seeing things or hearing voices that do not exist)', 'extreme restlessness', 'difficulty thinking clearly or understanding reality']"
614003,Vortioxetine,"['nausea, vomiting', 'constipation', 'nusual dreams', 'sexual problems in males; decreased sex drive, inability to get or keep an erection, or delayed or absent ejaculation', 'sexual problems in females; decreased sex drive, or delayed orgasm or unable to have an orgasm', 'rash, itching, hives; swelling of the eyes, face, lips, tongue, or throat; hoarseness; difficulty breathing or swallowing', 'unusual bruising or bleeding', 'fever, sweating, confusion, fast or irregular heartbeat, severe muscle stiffness or twitching, agitation, hallucinations, loss of coordination, nausea, vomiting, or diarrhea', 'headache; unsteadiness; problems with thinking, concentration, or memory', 'chest pain, shortness of breath, dizziness, fainting', 'seizures', 'coma (loss of consciousness for a period of time)']"
625088,Sunvozertinib,"['decreased appetite', 'mouth sores', 'feeling tired', 'itchy or dry skin', 'infection around the skin or nail', 'constipation', 'muscle or joint pain', 'abdominal pain', 'decreased weight', 'shortness of breath, trouble breathing, cough, fever', 'diarrhea, nausea, vomiting', 'rash, acne', 'pain or difficulty urinating, fever, lower back pain']"
603028,Almotriptan,"['upset stomach, nausea', 'drowsiness', 'headache', 'dry mouth', 'dizziness', 'swelling of the face, throat, tongue, lips, eyes, hands, feet, ankles, or lower legs', 'hoarseness', 'hives, rash, itching', 'tightness, pain, pressure, or heaviness in the chest, throat, neck, or jaw', 'slow or difficult speech', 'faintness', 'weakness or numbness of an arm or leg', 'sudden or severe stomach pain', 'bloody diarrhea', 'rapid, pounding, or irregular heartbeat', 'shortness of breath', 'breaking out in a cold sweat', 'difficulty breathing or swallowing', 'paleness or blue color of the fingers and toes', 'pain, burning, or tingling in the hands or feet']"
693001,Ketorolac,"['headache', 'dizziness', 'drowsiness', 'diarrhea', 'constipation', 'gas', 'sores in the mouth', 'sweating', 'fever', 'blisters', 'unexplained weight gain', 'shortness of breath or difficulty breathing', 'swelling in the abdomen, ankles, feet, or legs', 'yellowing of the skin or eyes', 'excessive tiredness', 'unusual bleeding or bruising', 'lack of energy', 'nausea', 'loss of appetite', 'pain in the upper right part of the stomach', 'flu-like symptoms', 'pale skin', 'fast heartbeat', 'cloudy, discolored, or bloody urine', 'back pain', 'difficult or painful urination']"
624052,Sofpironium,"['dry mouth', 'blurred vision', 'widened pupils (black circles in the middle of the eyes)', 'pain, redness, itching, irritation, or rash in the underarm area', 'difficulty urinating, or urinating in a weak stream or drips']"
682047,Diazepam,"['drowsiness', 'tiredness', 'muscle weakness, unsteadiness', 'rash, hives; swelling of the eyes, face, lips, tongue, or throat; hoarseness; difficulty breathing or swallowing']"
619011,Prucalopride,"['headache', 'stomach pain', 'nausea', 'diarrhea', 'dizziness', 'difficulty breathing or shortness of breath', 'rash', 'itching', 'hives', 'swelling of face, lips, tongue, or throat']"
614013,Simeprevir,"['itching', 'nausea', 'muscle pain', 'difficulty breathing', 'rash', 'mouth sores or ulcers', 'red or swollen eyes (""pink eye"")']"
689009,Misoprostol,"['diarrhea', 'headache', 'stomach pain', 'upset stomach', 'gas', 'vomiting', 'constipation', 'indigestion', 'vomiting blood', 'bloody or black, tarry stools']"
608016,Etravirine,"['diarrhea', 'pain, burning, numbness, or tingling in the hands or feet', 'rash', 'redness, bumps, or blisters on the skin or in the mouth', 'redness or swelling of the eyes or face', 'sore throat, cough, fever, chills, or other signs of infection', 'general ill feeling, tiredness, muscle or joint aches', 'nausea, vomiting, yellowing of the skin or eyes, dark-colored urine, pale-colored stools, pain in the upper right part of the stomach, loss of appetite']"
612038,Mirabegron,"['headache', 'dizziness', 'dry mouth', 'constipation', 'back pain', 'joint pain', 'difficulty emptying the bladder, or weak urine stream (especially when used with solifenacin)', 'swelling of face, lips, tongue or throat, difficulty breathing or swallowing, hives, rash, itching', 'difficult, painful, urgent, or frequent urination']"
618068,Sarecycline,"['nausea', 'vaginal itching or discharge', 'severe headache, blurred vision, seeing double, or loss of vision', 'watery or bloody stools, stomach cramps, or fever during treatment or for up to two or more months after stopping treatment', 'return of fever, sore throat, chills, or other signs of infection']"
609028,Lacosamide,"['nausea', 'vomiting', 'diarrhea', 'blurred or double vision', 'uncontrollable eye movements', 'dizziness', 'headache', 'drowsiness', 'uncontrollable shaking of a part of the body', 'problems with coordination, balance, or walking', 'weakness', 'itching', 'fast or pounding heartbeat or pulse', 'shortness of breath', 'slow heartbeat', 'chest pain', 'fainting', 'swelling of the face, throat, tongue, lips, and eyes', 'fever', 'rash', 'tiredness', 'yellowing of the skin or eyes', 'dark urine']"
682079,Bromocriptine,"['nausea', 'vomiting', 'diarrhea', 'constipation', 'stomach cramps', 'heartburn', 'loss of appetite', 'headache', 'weakness', 'tiredness', 'dizziness or lightheadedness', 'drowsiness', 'difficulty falling asleep or staying asleep', 'depression', 'fainting', 'watery discharge from the nose', 'numbness, tingling, or pain in your fingers especially in cold weather', 'black and tarry stools', 'bloody vomit', 'vomiting material that looks like coffee grounds', 'swelling of the feet, ankles, or lower legs', 'seizures', 'severe headache', 'blurred or impaired vision', 'slow or difficult speech', 'weakness or numbness of an arm or leg', 'chest pain', 'pain in the arms, back, neck or jaw', 'shortness of breath', 'confusion', 'hallucinations (seeing things or hearing voices that do not exist)']"
697044,Nilutamide,"['constipation', 'dizziness', 'hot flashes', 'visual changes', 'yellowing of the skin or eyes', 'nausea', 'vomiting', 'stomach pain', 'pain in the upper right part of the stomach', 'extreme tiredness', 'loss of appetite', 'flu-like symptoms', 'dark urine']"
620057,Pralsetinib,"['constipation', 'diarrhea', 'dry mouth', 'mouth sores', 'muscle or bone pain', 'tiredness', 'swelling of hands, ankles, or feet', 'numbness or tingling in the arms, hands, legs, or feet', 'rash', 'decreased appetite', 'confusion, headache, shortness of breath, dizziness, or chest pain', 'fever, shortness of breath, or cough', 'pale skin, fatigue, or shortness of breath', 'yellowing of skin or eyes, dark-colored urine, loss of appetite, decreased energy, or pain on right side of stomach area', 'unusual bleeding or bruising', 'black and tarry stools', 'red blood in stools', 'bloody vomit', 'vomiting material that looks like coffee grounds', 'coughing up blood', 'unusual vaginal bleeding', 'frequent nose bleeds', 'drowsiness, confusion, headache, or difficulty speaking']"
608040,Flecainide,"['dizziness', 'changes in vision', 'headache', 'weakness', 'uncontrollable shaking of a part of your body', 'constipation', 'stomach pain', 'fast, pounding, or irregular heartbeat', 'chest pain', 'shortness of breath', 'extreme tiredness', 'nausea', 'loss of appetite', 'persistent cough with blood-tinged mucus', 'swelling of the hands, feet, ankles, or lower legs', 'confusion', 'unusual bleeding or bruising', 'pain in the upper right part of the stomach', 'yellowing of the skin or eyes', 'flu-like symptoms']"
606018,Imatinib,"['diarrhea', 'nausea', 'vomiting', 'change in the way things taste', 'mouth sores or swelling inside the mouth', 'loss of appetite', 'weight loss', 'heartburn or indigestion', 'dry mouth', 'headache', 'joint swelling or pain', 'bone pain', 'muscle cramps, spasms, or pain', 'tingling, burning. or prickling feeling on the skin', 'difficulty falling asleep or staying asleep', 'sweating', 'red or teary eyes', 'flushing', 'dry skin', 'rash', 'itching', 'nail changes', 'hair loss', 'swelling of the face, eyes, hands, feet, ankles, or lower legs; sudden weight gain; shortness of breath; fast, irregular, or pounding heartbeat', 'decreased urination', 'chest pain', 'peeling, blistering, or shedding skin', 'yellowing of the skin or eyes, loss of appetite, fatigue,  pain in the upper right part of the stomach, nausea, vomiting, or flu-like symptoms', 'unusual bruising or bleeding; bloody, black, or tarry stools; coughing up or vomiting blood or material that looks like coffee grounds; or nosebleed', 'flu-like symptoms, sore throat, fever, chills, and other signs of infection', 'excessive tiredness or weakness', 'abdominal pain or bloating']"
687011,Famotidine,"['headache', 'dizziness', 'constipation', 'diarrhea', 'fussiness (in babies who take famotidine)', 'hives', 'skin rash', 'itching', 'swelling of the face, throat, tongue, lips, eyes, hands, feet, ankles, or lower legs', 'hoarseness', 'difficulty breathing or swallowing']"
625113,Elinzanetant,"['headache', 'tiredness, drowsiness', 'dizziness', 'tiredness,  yellowing of eyes or skin, abdominal pain, bruising or bleeding, nausea, vomiting, loss of appetite, dark urine, pale stools, or pain in upper right part of stomach', 'seizure']"
601045,Diphenoxylate,"['nausea', 'vomiting', 'loss of appetite', 'headache', 'restlessness', 'tiredness', 'confusion', 'changes in mood', 'stomach discomfort', 'numbness in arms and legs', 'ongoing pain that begins in the stomach area but may spread to the back', 'stomach bloating', 'shortness of breath', 'hives', 'rash', 'itching', 'swelling of the eyes, face, tongue, lips, gums, mouth, hands, feet, ankles, or lower legs', 'difficulty swallowing or breathing', 'hoarseness', 'seeing things or hearing voices that do not exist']"
623051,Fezolinetant,"['abdominal pain', 'diarrhea', 'trouble sleeping', 'back pain']"
623010,Daprodustat,"['abdominal pain', 'dizziness', 'nausea or vomiting', 'blood in your vomit or stool', 'black, tarry stools', 'trouble swallowing', 'pain in your throat or chest']"
607071,Temsirolimus,"['weakness', 'swelling of the eyes, hands, feet, ankles, or lower legs', 'headache', 'itchy, watery, or red eye(s)', 'change in the way things taste', 'swelling, redness, pain, or sores inside the mouth or throat', 'loss of appetite', 'weight loss', 'nausea', 'vomiting', 'constipation', 'frequent need to urinate', 'pain or burning during urination', 'blood in the urine', 'back pain', 'muscle or joint pain', 'bloody nose', 'changes in fingernails or toenails', 'dry skin', 'pale skin', 'excessive tiredness', 'fast heart beat', 'acne', 'difficulty falling asleep or staying asleep', 'depression', 'hives', 'rash', 'itching', 'difficulty breathing or swallowing', 'flushing', 'chest pain', 'shortness of breath', 'fast breathing or panting', 'leg pain, swelling, tenderness, redness, or warmth', 'extreme thirst', 'extreme hunger', 'fever, sore throat, chills, cough, and other signs of infection', 'fainting', 'new or worsening abdominal pain', 'diarrhea', 'red blood in stools', 'decrease in amount of urine', 'blurred vision', 'slow or difficult speech', 'confusion', 'dizziness or faintness', 'weakness or numbness of an arm or leg']"
625069,Osilodrostat,"['nausea', 'vomiting', 'diarrhea', 'stomach pain', 'decreased appetite', 'headache', 'unusual tiredness or weakness', 'runny nose, congestion, cough, sore throat, fever, or other signs of infection', 'muscle, joint, or back pain', 'rash', 'difficulty falling asleep or staying asleep', 'hair loss', 'nausea, vomiting, tiredness or lack of energy, stomach pain, loss of appetite, or dizziness', 'swelling of the arms, hands, feet, ankles, or lower legs', 'unusual or excessive hair growth on the face or body or unusual acne in women']"
619044,Selinexor,"['nausea', 'vomiting', 'diarrhea', 'constipation', 'weight loss', 'loss of appetite', 'extreme tiredness', 'difficulty falling asleep or staying asleep', 'headache', 'taste changes', 'easy bleeding or bruising', 'fatigue, pale skin, or shortness of breath', 'fever, cough, chills, or other signs of infection', 'seeing things or hearing voices that do not exist', 'confusion', 'blurred or double vision', 'increased sensitivity to light and glare']"
613022,Bedaquiline,"['muscle or joint pain', 'stomach pain', 'headache', 'rash', 'itching', 'dry skin', 'difficulty falling asleep or staying asleep', 'numbness and tingling of the arms, hands, legs, or feet', 'unusual tiredness or weakness', 'loss of appetite', 'nausea', 'vomiting', 'yellowing of the skin or eyes', 'dark colored urine', 'light colored bowel movements', 'pain in the upper right area of the stomach', 'fever', 'coughing up blood', 'chest pain']"
682899,Chlorambucil,"['nausea', 'vomiting', 'sores in the mouth and throat', 'tiredness', 'missed menstrual periods (in girls and women)', 'skin rash', 'unusual bruising or bleeding', 'black, tarry stools', 'red urine', 'cough', 'sore throat', 'congestion', 'fever', 'difficulty breathing', 'seizures', 'yellowing of the skin or eyes', 'pain in the upper right part of the stomach', 'dark colored urine', 'frequent urination', 'unusual lumps or masses']"
682627,Spironolactone,"['vomiting', 'diarrhea', 'stomach pain or cramps', 'enlarged or painful breasts in men or women', 'irregular menstrual periods', ""vaginal bleeding in post-menopausal ('after the change of life', the end of monthly menstrual periods) women"", 'difficulty maintaining or achieving an erection', 'deepening of voice', 'increased hair growth on parts of the body', 'drowsiness', 'tiredness', 'restlessness', 'muscle weakness, pain, or cramps', 'pain, burning, numbness, or tingling in the hands or feet', 'inability to move arms or legs', 'changes in heartbeat', 'confusion', 'nausea', 'extreme tiredness', 'dry mouth, thirst, dizziness, unsteadiness, headache, or other signs of dehydration', 'unusual bleeding or bruising', 'lack of energy', 'loss of appetite', 'pain in the upper right part of the stomach', 'yellowing of the skin or eyes', 'flu-like symptoms', 'rash', 'hives', 'itching', 'difficulty breathing or swallowing', 'vomiting blood', 'blood in stools', 'decreased urination', 'fainting']"
612023,Ambrisentan,"['flushing', 'pale skin', 'fast heartbeat', 'headache', 'swelling of the face, throat, tongue, lips, eyes, hands, feet, ankles, or lower legs', 'hoarseness', 'difficulty swallowing or breathing', 'rash', 'unusual weight gain', 'extreme tiredness', 'loss of appetite', 'lack of energy', 'nausea', 'vomiting', 'pain in the upper right stomach area', 'yellowing of the skin or eyes', 'flu-like symptoms', 'itching', 'dark colored urine']"
686014,Ketoprofen,"['constipation', 'diarrhea', 'sores in the mouth', 'headache', 'dizziness', 'nervousness', 'drowsiness', 'difficulty falling asleep or staying asleep', 'ringing in the ears', 'changes in vision', 'unexplained weight gain', 'shortness of breath or difficulty breathing', 'swelling of the abdomen, feet, ankles, or lower legs', 'fever', 'blisters', 'rash', 'itching', 'hives', 'swelling of the eyes, face, lips, tongue, throat, arms, or hands', 'hoarseness', 'difficulty swallowing', 'excessive tiredness', 'unusual bleeding or bruising', 'lack of energy', 'loss of appetite', 'nausea', 'pain in the upper right part of the stomach', 'flu-like symptoms', 'yellowing of the skin or eyes', 'pale skin', 'fast heartbeat', 'cloudy, discolored, or bloody urine', 'back pain', 'difficult or painful urination']"
608029,Nebivolol,"['headache', 'tiredness', 'weakness', 'dizziness', 'nausea, diarrhea, stomach pain', 'difficulty falling asleep or staying asleep', 'numbness, burning, or tingling in the hands, arms, feet, or legs', 'chest pain', 'slow heart rate', 'difficulty breathing', 'unusual weight gain', 'shortness of breath', 'swelling of the hands, feet, ankles, or lower legs', 'rapid, pounding, or irregular heartbeat', 'vomiting']"
620018,Tazemetostat,"['loss of appetite', 'nausea, vomiting', 'constipation', 'stomach pain', 'tiredness', 'pain, including muscle, bone, or joint pain', 'fatigue, easy bruising, fever, bone pain, or pale skin', 'unusual bleeding', 'skin infection', 'shortness of breath']"
614046,Suvorexant,"['drowsiness', 'dizziness', 'headache', 'unusual dreams', 'dry mouth', 'cough', 'diarrhea', 'temporary inability to move or speak for up to several minutes while going to sleep or waking up', 'temporary leg weakness during the day or at night']"
682243,Clonidine,"['dry mouth', 'tiredness', 'weakness', 'headache', 'nervousness', 'decreased sexual ability', 'nausea', 'vomiting', 'constipation', 'rash', 'hives', 'swelling of the face, throat, tongue, lips, eyes, hands, feet, ankles, or lower legs', 'difficulty swallowing or breathing', 'hoarseness', 'fainting', 'fast or irregular heartbeat']"
604026,Telithromycin,"['diarrhea', 'nausea', 'vomiting', 'headache', 'dizziness', 'fainting', 'rapid, irregular, or pounding heartbeat', 'hives', 'rash', 'itching', 'difficulty breathing or swallowing', 'swelling of the face, throat, tongue, lips, eyes, hands, feet, ankles, or lower legs', 'hoarseness']"
687007,Zidovudine,"['stomach pain or cramps', 'heartburn', 'diarrhea (especially in children)', 'constipation', 'headache', 'difficulty falling asleep or staying asleep', 'rash; itching; hives; blistering or peeling of the skin; difficulty breathing or swallowing; swelling of the eyes, face, tongue, lips, or throat']"
699057,Nateglinide,"['shakiness', 'dizziness or lightheadedness', 'sweating', 'nervousness or irritability', 'sudden changes in behavior or mood', 'headache', 'numbness or tingling around the mouth', 'weakness', 'pale skin', 'hunger', 'clumsy or jerky movements', 'confusion', 'seizures', 'loss of consciousness', 'extreme thirst', 'frequent urination', 'extreme hunger', 'weakness', 'blurred vision', 'dry mouth', 'nausea and vomiting', 'shortness of breath', 'breath that smells fruity', 'decreased consciousness', 'headache', 'nasal congestion', 'runny nose', 'joint aches', 'back pain', 'constipation', 'cough', 'flu-like symptoms']"
609034,Dronedarone,"['diarrhea', 'heartburn', 'weakness', 'rash', 'redness', 'shortness of breath', 'difficulty swallowing or breathing', 'wheezing', 'chest tightness', 'dry cough', 'coughing up frothy mucus', 'difficulty sleeping due to breathing problems', 'need to prop yourself up with extra pillows in order to breathe at night', 'weight gain (of 5 or more pounds) in a short period of time', 'swelling of the eyes, face, lips, throat, hands, feet or legs', 'slowed heartbeat', 'fainting', 'fever', 'flu-like symptoms', 'yellowing of the skin or eyes', 'itching', 'unusual bruising or bleeding', 'nausea', 'vomiting', 'loss of appetite', 'pain in the upper right part of the stomach', 'tiredness or lack of energy', 'unusual darkening of the urine', 'light colored stools', 'sudden severe headache', 'sudden complete or partial loss of vision', 'weakness or numbness of an arm or leg', 'difficulty thinking clearly, remembering, or learning new things']"
615031,Isavuconazonium,"['diarrhea', 'constipation', 'headache', 'back pain', 'cough', 'difficulty falling asleep or staying asleep', 'anxiety', 'agitation', 'confusion', 'nausea', 'vomiting', 'stomach pain', 'heartburn or indigestion', 'decreased appetite', 'rash; hives; itching; swelling of the face, throat, tongue, lips, or eyes; hoarseness; difficulty breathing or swallowing; fast or irregular heartbeat; dizziness; sweating; or fainting', 'peeling or blistering skin', 'nausea; vomiting; yellowing of the skin or eyes; extreme tiredness; or flu-like symptoms', 'irregular heartbeat', 'swelling of the hands, feet, arms or legs']"
682301,Digoxin,"['dizziness or lightheadedness', 'drowsiness', 'vision changes (blurred or yellow)', 'rash', 'irregular heartbeat', 'upset stomach', 'vomiting', 'diarrhea', 'loss of appetite', 'swelling of the feet or hands', 'unusual weight gain', 'difficulty breathing']"
623027,Bexagliflozin,"['urinating a lot, including at night', 'being thirsty', 'frequent, urgent, burning, or painful urination; decrease in amount of urine; urine that is cloudy, red, pink, or brown; strong smelling urine; pelvic or rectal pain; or fever, back pain, nausea, or vomiting', 'vaginal odor, white or yellowish vaginal discharge (may be lumpy or look like cottage cheese), or vaginal itching', 'redness, itching, or swelling of the penis; rash on the penis; foul smelling discharge from the penis; or pain in the skin around the penis', 'feeling tired, weak, or uncomfortable; along with a fever and pain, tenderness, redness, and swelling of the genitals or the area between the genitals and the rectum', 'rash; hives; itching; difficulty breathing or swallowing; swelling of the face, throat, tongue, lips, mouth, or eyes; or hoarseness', 'nausea, vomiting, stomach-area pain, tiredness, or difficulty breathing']"
625009,Crinecerfont,"['headache', 'tiredness', 'dizziness (in adults)', 'joint, back, or muscle pain (in adults)', 'decreased appetite (in adults)', 'abdominal pain (in children)', 'stuffy nose or nose bleed (in children)', 'rash; difficulty swallowing or breathing; swelling of the lips, tongue, eyes, or throat', 'confusion, dizziness, severe weakness, headache, fever, nausea, vomiting, fast heartbeat, rapid breathing, unusual sweating on face or palms.']"
682180,Haloperidol,"['dry mouth', 'increased saliva', 'blurred vision', 'loss of appetite', 'nausea, heartburn,vomiting, constipation, diarrhea', 'difficulty falling asleep or staying asleep', 'blank facial expression', 'uncontrollable eye movements', 'unusual, slowed, or uncontrollable movements of any part of the body', 'restlessness, agitation, nervousness', 'dizziness, feeling unsteady, or having trouble keeping your balance', 'headache', 'breast enlargement or pain', 'breast milk production', 'missed menstrual periods', 'decreased sexual ability in men', 'increased sexual desire', 'difficulty urinating', 'fever; stiff muscles; sweating; confusion; sweating; or fast, pounding, or irregular\r\nheartbeat', 'falling', 'decreased thirst', 'neck cramps', 'tongue that sticks out of the mouth', 'tightness in the throat', 'difficulty breathing or swallowing', 'fine, worm-like tongue movements', 'uncontrollable, rhythmic face, mouth, or jaw movements', 'seizures', 'eye pain or discoloration', 'vision changes', 'rash', 'yellowing of the skin or eyes', 'erection that lasts for hours']"
619004,Glasdegib,"['muscle spasms', 'muscle, bone or joint pain', 'extreme tiredness', 'nausea', 'vomiting', 'abdominal pain', 'constipation', 'pain or sores in your mouth or throat', 'decreased appetite', 'change in the way things taste', 'weight loss', 'headache', 'rash', 'swelling of hands or legs', 'hair loss', 'toothache', 'feeling faint, lightheaded, or dizzy; fast or irregular heartbeat', 'unusual bruising or bleeding', 'fever alone or along with chills, weakness. or other signs of infection', 'decreased urination', 'chest pain']"
620031,Rimegepant,"['nausea', 'stomach pain', 'indigestion', 'hives; rash; itiching; swelling of the face, eyes, mouth, throat, tongue, or lips; shortness of breath; or difficulty breathing', 'numb, cold, painful, or discolored fingers or toes']"
682866,Hydroxyzine,"['dry mouth', 'confusion (especially in older adults)', 'dizziness', 'headache', 'unintentional trembling or shaking movements', 'seizures', 'rash, pus-filled, blister-like sores, areas of swelling and redness on the skin, and fever']"
682089,Phenelzine,"['drowsiness', 'weakness', 'dizziness', 'dry mouth', 'constipation', 'weight gain', 'decreased sexual ability', 'uncontrollable shaking of any part of the body', 'muscle twitching or jerking', 'headache', 'slow, fast, or pounding heartbeat', 'neck stiffness or soreness', 'chest pain', 'nausea', 'vomiting', 'sweating', 'wide pupils (black circles in the middle of the eyes)', 'eyes more sensitive to light than usual', 'swelling of face, throat, arms, hands, feet, ankles, or lower legs', 'difficulty breathing or swallowing', 'yellowing of the skin or eyes']"
682683,Simethicone,[]
622043,Pacritinib,"['nausea', 'vomiting', 'swelling of the hands, feet, ankles, or lower legs', 'nosebleeds or bleeding from your gums; coughing up or vomiting blood or material that looks like coffee grounds; unusual bleeding or bruising; increased menstrual flow or vaginal bleeding; pink, red, or dark brown urine; or red or tarry black bowel movements', 'lightheadedness, fainting, or irregular heartbeat', 'crushing chest pain or chest heaviness; pain in the arms, back, neck, jaw, or stomach; or breaking out in cold sweat', 'shortness of breath or difficulty breathing', 'slow or difficult speech; sudden weakness or numbness of the face, arm or leg; sudden headache; sudden vision problems; or sudden difficulty walking', 'swelling, pain, tenderness, warmth or redness in one or both legs', 'shortness of breath, coughing up blood, fast heartbeat, fast breathing, pain when breathing deeply', 'fever, chills, cough, painful or frequent urination, sores or blisters on the skin, or other signs of infection', 'shortness of breath, fast heartbeat, headache, dizziness, pale skin, confusion, or tiredness']"
699054,Esomeprazole,"['headache', 'nausea', 'diarrhea', 'gas', 'constipation', 'dry mouth', 'drowsiness', 'in men, difficulty achieving or maintaining an erection', 'blisters, peeling, or bleeding skin; sores on the lips, nose, mouth, or genitals; swollen glands; shortness of breath; fever; or flu-like symptoms', 'rash; hives; itching; swelling of the eyes, face, lips, mouth, throat, or tongue; difficulty breathing or swallowing; or hoarseness', 'irregular, fast, or pounding heartbeat; muscle spasms; uncontrollable shaking of a part of the body; excessive tiredness; lightheadedness; dizziness; or seizures', 'severe diarrhea with watery stools, stomach pain, or fever that does not go away', 'new or worsening joint pain; rash on cheeks or arms that is sensitive to sunlight', 'increased or decreased urination, blood in urine, fatigue, nausea, loss of appetite, fever, rash, or joint pain']"
611036,Linagliptin,"['stuffy or runny nose', 'sore throat', 'cough', 'diarrhea', 'headache', 'joint pain', 'rash', 'itching, flaking, peeling, or blistering of the skin', 'hives', 'swelling of the face, lips, tongue, or throat', 'difficulty breathing or swallowing', 'hoarseness', 'ongoing pain that begins in the upper left or middle of the stomach but may spread to the back', 'nausea', 'vomiting', 'loss of appetite', 'shortness of breath or trouble breathing, especially when lying down', 'swelling of the feet, ankles or legs', 'sudden weight gain', 'excessive tiredness']"
681037,Sulindac,"['headache', 'dizziness', 'nervousness', 'diarrhea', 'constipation', 'gas', 'ringing in the ears', 'unexplained weight gain', 'shortness of breath or difficulty breathing', 'swelling of the abdomen, feet, ankles, or lower legs', 'fever', 'chills', 'cough', 'sweating', 'flushing', 'muscle or joint pain', 'chest pain', 'blisters', 'rash', 'itching', 'hives', 'swelling of the eyes, face, lips, tongue, throat, arms, or hands', 'difficulty swallowing', 'hoarseness', 'pale skin', 'fast heartbeat', 'excessive tiredness', 'unusual bleeding or bruising', 'lack of energy', 'upset stomach', 'loss of appetite', 'pain in the upper right part of the stomach', 'flu-like symptoms', 'yellowing of the skin or eyes', 'cloudy, discolored, or bloody urine', 'back pain', 'difficult or painful urination', 'blurred vision or other problems with sight']"
697045,Flutamide,"['diarrhea', 'nausea', 'vomiting', 'loss of appetite', 'hot flashes', 'decrease in sexual ability or desire', 'breast enlargement in men', 'drowsiness', 'confusion', 'depression', 'anxiety', 'swelling of the hands, feet, ankles, or lower legs', 'blue-green or orange-colored urine']"
619036,Alpelisib,"['nausea', 'vomiting', 'extreme tiredness', 'decreased appetite', 'change in the way things taste', 'weight loss', 'abdominal pain', 'heartburn', 'hair loss', 'headache', 'itching', 'dry skin', 'dry mouth', 'mouth sores', 'vaginal dryness', 'fever', 'swelling of the arms or legs', 'trouble swallowing or breathing; rash; hives; flushing; fever; or fast heartbeat', 'swelling of the face, throat, tongue, lips, eyes, hands, or feet', 'rash; blistering, peeling, or reddened skin; blistering of the lips, eyes, or mouth; flu-like symptoms; and swollen glands, with or without fever', 'shortness of breath, cough, chest pain, difficulty breathing', 'severe diarrhea, dry mouth, cramps, weakness, decreased urination, swelling of legs or ankles', 'watery or bloody diarrhea, stomach pain', 'frequent, painful, or urgent urination']"
687005,Flurbiprofen,"['headache', 'nervousness or anxiety', 'depression', 'memory problems', 'shaking of a part of the body that you cannot control', 'difficulty falling asleep or staying asleep', 'vomiting', 'gas', 'constipation', 'diarrhea', 'runny nose', 'ringing in the ears', 'changes in vision (blurriness, difficulty seeing)', 'unexplained weight gain', 'shortness of breath or difficulty breathing', 'swelling in the abdomen, ankles, feet, or legs', 'fever', 'blisters', 'rash', 'itching', 'hives', 'swelling of the eyes, face, lips, tongue, throat, or hands', 'difficulty breathing or swallowing', 'pale skin', 'fast heartbeat', 'excessive tiredness', 'unusual bleeding or bruising', 'lack of energy', 'nausea', 'loss of appetite', 'pain in the upper right part of the stomach', 'flu-like symptoms', 'yellowing of the skin or eyes', 'cloudy, discolored, or bloody urine', 'back pain', 'difficult or painful urination']"
699060,Rabeprazole,"['headache', 'nausea', 'vomiting', 'constipation', 'diarrhea', 'gas', 'sore throat', 'in men, difficulty achieving or maintaining an erection', 'blistering, peeling, or bleeding skin; sores on the lips, nose, mouth, or genitals; swollen glands; shortness of breath; fever; or flu-like symptoms', 'rash; hives; itching; swelling of the eyes, face, lips, mouth, throat, or tongue; difficulty breathing or swallowing; or hoarseness', 'irregular, fast, or pounding heartbeat; muscle spasms; uncontrollable shaking of a part of the body; excessive tiredness; lightheadedness; dizziness; or seizures', 'severe diarrhea with watery stools, stomach pain, or fever that does not go away', 'new or worsening joint pain; rash on cheeks or arms that is sensitive to sunlight', 'increased or decreased urination, blood in urine, fatigue, nausea, loss of appetite, fever, rash, or joint pain']"
608025,Cevimeline,"['sweating', 'nausea', 'runny nose', 'severe headache', 'changes in vision', 'tearing in eyes', 'excessive sweating', 'difficulty breathing', 'abdominal cramping', 'changes in heartbeat', 'changes in blood pressure', 'confusion', 'shaking hands that you cannot control']"
682103,Demeclocycline,"['diarrhea', 'nausea', 'vomiting', 'changes in skin or mouth color', 'throat irritation', 'excessive thirst', 'frequent urination', 'weakness', 'inflammation of the end of the penis', 'headache', 'blurred vision, seeing double, or loss of vision', 'dizziness', 'ringing in the ears', 'rash', 'hives', 'peeling or blistering skin', 'swelling of the face, throat, tongue, lips, and eyes', 'difficulty breathing or swallowing', 'unusual bleeding or bruising', 'confusion', 'swelling of your legs, ankles, or feet', 'decreased urination', 'joint pain', 'chest pain', 'watery or bloody stools, stomach cramps, or fever during treatment or for up to two or more months after stopping treatment', 'a return of fever, sore throat, chills, or other signs of infection']"
605008,Erlotinib,"['diarrhea', 'loss of appetite', 'nausea', 'vomiting', 'heartburn', 'gas', 'constipation', 'mouth sores', 'weight loss', 'extreme tiredness', 'headache', 'bone or muscle pain', 'depression', 'anxiety', 'numbness, burning, or tingling of the hands or feet', 'swelling of the arms, hands, feet, ankles, or lower legs', 'darkening of skin', 'hair loss', 'changes in the appearance of the hair and nails', 'rash (may look like acne and may affect the skin on the face, upper chest, or back)', 'blistering, peeling, dry, or cracked skin', 'itching, tenderness, or burning of the skin', 'shortness of breath', 'cough', 'fever or chills', 'growth of eyelashes on the inside of the eyelid', 'severe stomach pain', 'dry, red, painful, teary, or irritated eyes', 'blurred vision', 'eye sensitivity to light', 'chest pain or pressure', 'pain in the arms, neck, or upper back', 'rapid, irregular, or pounding heartbeat', 'slow or difficult speech', 'dizziness or faintness', 'weakness or numbness of an arm or leg', 'unusual bruising or bleeding', 'black and tarry or bloody stools', 'vomit that is bloody or looks like coffee grounds', 'sunken eyes', 'dry mouth', 'decreased urination', 'dark urine', 'pale or yellow skin', 'redness, warmth, pain, tenderness, or swelling in one leg']"
682733,Cephalexin,"['nausea', 'diarrhea', 'vomiting', 'heartburn', 'stomach pain', 'rectal or genital itching', 'dizziness', 'extreme tiredness', 'agitation', 'confusion', 'headache', 'joint pain', 'watery or bloody stools, stomach cramps, or fever during treatment or for up to two or more months after stopping treatment', 'rash', 'itching', 'hives', 'swelling of the face, throat, tongue, lips, and eyes', 'difficulty breathing or swallowing', 'wheezing', 'a return of fever, sore throat, chills, or other signs of infection', 'hallucinations (seeing things or hearing voices that do not exist)']"
682280,Loperamide,"['constipation', 'fatigue', 'rash', 'red, peeling or blistering skin', 'hives', 'itching', 'wheezing', 'difficulty breathing', 'fever', 'stomach pain or swelling', 'bloody stools']"
607054,Dronabinol,"['weakness', 'stomach pain', 'nausea', 'vomiting', 'memory loss', 'anxiety', 'confusion', 'sleepiness', 'difficulty concentrating', 'dizziness', 'unsteady walking', 'feeling like you are outside of your body', ""''high'' or elevated mood"", 'hallucinations (seeing things or hearing voices that do not exist)', 'depression', 'strange or unusual thoughts', 'headaches', 'vision problems', 'feeling lightheaded', 'seizures', 'fast or pounding heartbeat', 'fainting']"
623018,Sparsentan,"['swelling of hands, feet, ankles, or lower legs', 'unusual weight gain', 'feeling dizzy, light-headed, or faint', 'muscle cramps or weakness or fast or irregular heartbeat', 'urinating too much or too little', 'shortness of breath or chest pain']"
615042,Prednisolone,"['headache', 'nausea', 'extreme changes in mood, including unusual happiness', 'changes in personality', 'difficulty falling asleep or staying asleep', 'thin, fragile skin', 'slowed healing of cuts and bruises', 'acne', 'thinning hair', 'increased appetite', 'changes in the way fat is spread around the body', 'increased sweating', 'irregular or absent menstrual periods', 'sore throat, fever, chills, cough, or other signs of infection', 'seizures', 'muscle weakness', 'vision problems', 'depression', 'loss of contact with reality', 'sudden weight gain', 'stomach swelling', 'swelling of the eyes, face, lips, tongue, throat, arms, hands, feet, ankles, or lower legs', 'difficulty breathing or swallowing', 'rash', 'hives', 'itching']"
625014,Aminolevulinic acid,"['nausea, vomiting', 'fever', 'dizziness', 'sunburn-like reaction, redness, swelling, burning or stinging', 'rash; hives; swelling of the lips, face, tongue, or throat; difficulty breathing']"
682160,Trihexyphenidyl,"['dizziness or blurred vision', 'dry mouth', 'upset stomach', 'vomiting', 'constipation', 'headache', 'difficulty urinating', 'rash', 'fast, irregular, or pounding heartbeat', 'fever', 'confusion', 'delusions or hallucinations']"
612016,Deferiprone,"['nausea', 'vomiting', 'heartburn', 'stomach pain', 'diarrhea', 'increased or decreased appetite', 'weight gain', 'pain in the arms, legs, back or joints', 'headache', 'red or brown discoloration of urine', 'reddish purple spots or rash, especially on the lower half of the body; swollen and sore joints; stomach pain, or bloody urine', 'hives', 'swelling around the eyes', 'fast or pounding heartbeat']"
698001,Cefdinir,"['vomiting', 'nausea', 'stomach pain', 'diarrhea', 'headache', 'vaginal itching', 'reddish colored stools', 'rash', 'hives', 'swelling of the face, throat, tongue, lips or eyes', 'difficulty breathing or swallowing', 'watery or bloody stools, stomach cramps, or fever during treatment or for up to two or more months after stopping treatment', 'a return of fever, sore throat, chills, or other signs of infection']"
608006,Bexarotene,"['headache', 'weakness', 'tiredness', 'increased sensitivity to cold', 'increase in weight', 'depression', 'joint or muscle pain', 'thin, brittle hair or fingernails', 'constipation', 'rash', 'dry skin', 'redness, scaling, or itching of the skin', 'hair loss', 'swelling of ankles, feet, and legs', 'difficulty falling asleep or staying asleep', 'nausea', 'vomiting', 'diarrhea', 'sudden or ongoing back or stomach pain', 'severe and ongoing nausea and vomiting', 'fever, sore throat, chills, or other signs of infection', 'changes in vision']"
692005,Clarithromycin,"['diarrhea', 'nausea', 'vomiting', 'stomach pain', 'heartburn', 'gas', 'change in taste', 'headache', 'chest pain, shortness of breath, trouble breathing, pain or weakness in side of your body, or slurred speech', 'severe diarrhea with watery or bloody stools (up to 2 months after your treatment)', 'rash', 'hives', 'itching', 'swelling of the face, throat, tongue, lips, eyes, hands, feet, ankles, or lower legs', 'difficulty breathing or swallowing', 'hoarseness', 'peeling or blistering skin', 'fever', 'yellowing of the skin or eyes', 'extreme tiredness', 'unusual bleeding or bruising', 'lack of energy', 'loss of appetite', 'pain in the upper right part of the stomach', 'dark-colored urine', 'flu-like symptoms', 'fast, pounding, or irregular heartbeat', 'muscle weakness such as difficulty chewing, talking, or performing daily activities', 'double vision']"
620059,Opicapone,"['constipation', 'dry mouth', 'difficulty falling asleep or staying asleep', 'dizziness', 'weight loss', 'unusual or uncontrolled body movements', 'hallucinations (seeing things or hearing voices that do not exist)', 'delusions (having strange thoughts or beliefs that have no basis in reality)', 'aggressive behavior', 'fainting']"
615008,Pirfenidone,"['nausea', 'vomiting', 'diarrhea', 'heartburn', 'stomach pain', 'headache', 'dizziness', 'pressure or tenderness in the sinuses', 'difficulty falling asleep or staying asleep', 'joint pain', 'weight loss', 'decreased appetite', 'rash', 'extreme tiredness', 'unusual bleeding or bruising', 'lack of energy', 'loss of appetite', 'pain in the upper right part of the stomach', 'yellowing of the skin or eyes', 'dark or brown (tea-colored) urine', 'flu-like symptoms', 'swelling of the face, throat, tongue, lips, eyes, hands, feet, ankles, or lower legs', 'hoarseness', 'difficulty swallowing or breathing']"
697002,Clomipramine,"['drowsiness', 'dry mouth', 'nausea', 'vomiting', 'diarrhea', 'constipation', 'nervousness', 'decreased sexual ability', 'decreased memory or concentration', 'headache', 'stuffy nose', 'change in appetite or weight', 'uncontrollable shaking of a part of the body', 'seizures', 'fast, irregular, or pounding heartbeat', 'difficulty urinating or loss of bladder control', 'believing things that are not true', 'hallucinations (seeing things or hearing voices that do not exist)', 'shakiness', 'difficulty breathing or fast breathing', 'severe muscle stiffness', 'unusual tiredness or weakness', 'sore throat, fever, and other signs of infection']"
618048,Doravirine,"['headache', 'tiredness', 'nausea', 'diarrhea', 'stomach pain', 'abnormal dreams', 'dizziness', 'fever; rash; itching; peeling, blistering, blisters or peeling of\r\nthe skin; mouth sores; or red, swollen eyes']"
692011,Benazepril,"['cough', 'headache', 'dizziness', 'drowsiness', 'swelling of the face, throat, tongue, lips, eyes, hands, feet, ankles, or lower legs', 'hoarseness', 'difficulty breathing or swallowing', 'lightheadedness', 'fainting', 'rash', 'yellowing of the skin or eyes', 'fever, sore throat, chills, and other signs of infection']"
682711,Colchicine,"['nausea', 'vomiting', 'diarrhea', 'stomach cramps or pain', 'muscle pain or weakness', 'numbness or tingling in the fingers or toes', 'unusual bruising or bleeding', 'sore throat, fever, chills, and other signs of infection', 'weakness or tiredness', 'paleness or grayness of the lips, tongue, or palms']"
610016,Vigabatrin,"['sleepiness', 'dizziness', 'uncontrollable shaking of a part of the body', 'weakness', 'joint or muscle pain', 'problems walking or feeling uncoordinated', 'memory problems and not thinking clearly', 'weight gain', 'swelling of the hands, feet, ankles, or lower legs', 'pain, burning, or tingling in the hands or feet', 'fever', 'ear pain or other signs of an ear infection', 'runny nose, nasal congestion, sore throat, or cough', 'diarrhea', 'nausea', 'vomiting', 'constipation', 'stomach pain', 'decreased appetite', 'painful cramps during menstrual period', 'confusion', 'pale skin', 'fast heartbeat', 'rash; hives;, itching; difficulty breathing or swallowing; or swelling of the face, throat, tongue, lips, and eyes', 'seizures that happen more often, last longer, or are different than the seizures you had in the past']"
694010,Fluvastatin,"['headache', 'heartburn', 'difficulty falling asleep or staying asleep', 'sinus pain', 'cough', 'memory loss or forgetfulness', 'confusion', 'muscle pain, tenderness, or weakness; lack of energy; fever; extreme tiredness', 'yellowing of the skin or eyes; pain in the upper right part of the stomach; dark-colored urine; nausea; unusual bleeding or bruising; loss of appetite; flu-like symptoms', 'rash; hives; itching; difficulty breathing or swallowing; swelling of the face, throat, tongue, lips, eyes, hands, feet, ankles, or lower legs; hoarseness']"
685002,Ampicillin,"['diarrhea', 'nausea', 'vomiting', 'rash', 'itching', 'hives', 'difficulty breathing or swallowing', 'wheezing', 'severe diarrhea (watery or bloody stools) that may occur with or without fever and stomach cramps (may occur up to 2 months or more after your treatment)', 'a return of fever, cough, sore throat, chills, and other signs of infection']"
620061,Nifurtimox,"['vomiting', 'stomach pain', 'loss of appetite', 'weight loss', 'nausea', 'diarrhea', 'headache', 'dizziness', 'fever', 'pale skin or shortness of breath', 'rash, hives, itching, swelling of the throat and face, or shortness of breath']"
696001,Saquinavir,"['diarrhea', 'stomach pain', 'nausea', 'vomiting', 'constipation', 'tiredness', 'back pain', 'dry lips or skin', 'fever', 'rash, itching, swelling of eyes, face, mouth, throat, or lips, difficulty breathing or swallowing', 'blistering or peeling skin', 'yellowing of the skin or eyes, loss of appetite, flu like symptoms, extreme tiredness, dark colored urine, light colored stools, pain in the upper right part of the stomach', 'dizziness, lightheadedness, slow, irregular, or pounding heartbeat, fainting']"
619027,Siponimod,"['dizziness', 'pain in the arms, legs, hands, or feet', 'diarrhea', 'headache', 'slow heartbeat', 'sore throat, body aches, fever, chills, cough, vomiting, and other signs of infection and during treatment and for up to 1 month after your treatment', 'headache, neck stiffness, fever, sensitivity to light, nausea, or confusion during treatment and for up to 1 month after your treatment', 'sudden severe headache, confusion, changes in vision, or seizures', 'blurriness, shadows, or a blind spot in the center of your vision; sensitivity to light; unusual color to your vision or other vision problems', 'weakness on one side of the body or clumsiness of the arms or legs that worsens over time; changes in your thinking, memory, or balance; confusion or personality changes; or loss of strength', 'new or worsening shortness of breath', 'nausea, vomiting, loss of appetite, abdominal pain, yellowing of skin or eyes, or dark urine', 'swelling of the hands, ankles, or feet']"
622067,Deucravacitinib,"['runny nose, congestion, or sore throat', 'sore on mouth, lips, gums, tongue or roof of mouth', 'acne', 'red, swollen, painful or itchy bumps around hair follicles', 'swelling of face, eyelids, lips, mouth, tongue or throat; trouble breathing; throat or chest tightness; feeling faint', 'skin rash or hives', 'dark-colored urine; unexplained muscle pain, weakness or tiredness; fever or extreme fatigue', 'yellowing of skin or eyes; abdominal pain']"
699004,Efavirenz,"['nausea, vomiting', 'headache', 'confusion, forgetfulness', 'difficulty falling asleep or staying asleep, abnormal dreams', 'fever; rash; itching; peeling, blistering, or shedding skin; swelling of your face; mouth sores; pink eye', 'fainting, irregular heartbeat,', 'extreme tiredness, lack of energy, loss of appetite, pain in the upper right part of the stomach, unusual bleeding or bruising, yellowing of the skin or eyes, flu-like symptoms', 'seizures']"
605039,Darifenacin,"['dry mouth or eyes', 'constipation', 'upset stomach', 'stomach pain', 'diarrhea', 'weakness', 'difficulty urinating or being unable to urinate or burning pain during urination', 'sudden swelling of the face, throat, tongue, lips, eyes, hands, feet, ankles, or lower legs', 'shortness of breath or difficulty breathing', 'headache, confusion, feeling tired or sluggish, hallucinations']"
625043,Mirdametinib,"['rash (redness of skin, presence of flat or raised bumps), dry or itchy skin', 'loss of hair', 'loose stools', 'nausea and/or vomiting', 'stomach pain', 'swelling, redness, pain or sores of the lips, gums, tongue or cheeks', 'muscle or joint aches or pains', 'tiredness', 'fever', 'runny nose, sneezing, sinus or chest congestion, and/or cough', 'redness and/or swelling of the nail beds on toes or fingers', 'headache', 'numbness, tingling, pain or burning in hands feet or legs', 'blurred vision, floaters (dark spots) in line of vision, vision loss, pain or pressure in the eye, redness of the eye, flashes of light, disturbances in vision, loss of peripheral vision', 'shortness of breath, feeling tired or weak, cough, chest pain, swelling in the legs or feet, weight gain, abdominal bloating, upper right-sided stomach pain', 'rash with peeling skin']"
684029,Timolol,"['dizziness or lightheadedness', 'excessive tiredness', 'weakness', 'nausea, heartburn', 'headache', 'cold hands and feet', 'difficulty breathing or shortness of breath', 'wheezing', 'swelling of the hands, feet, ankles, or lower legs', 'unusual weight gain', 'chest pain', 'slow, irregular heartbeat']"
621015,Vibegron,"['headache', 'diarrhea', 'nausea', 'fever, runny or stuffy nose, sore throat, or other signs of infection', 'difficulty emptying the bladder or weak urine stream', 'fever or painful, urgent, or frequent urination', 'swelling of the eyes, face, tongue, lips, or throat, with or without difficulty breathing', 'rash, itching, or hives']"
682019,Methotrexate,"['dizziness', 'drowsiness', 'headache', 'swollen, tender gums', 'reddened eyes', 'hair loss', 'blurred vision or sudden loss of vision', 'seizures', 'confusion', 'weakness or difficulty moving one or both sides of the body', 'loss of consciousness']"
693045,Doxazosin,"['headache', 'tiredness', 'muscle or joint pain or weakness', 'runny nose, sneezing, congestion', 'dizziness', 'rapid, pounding, or irregular heartbeat', 'chest pain', 'rash, hives, difficulty breathing or shortness of breath', 'painful erection of the penis that lasts for hours']"
692049,Itraconazole,"['nausea, vomiting, diarrhea', 'constipation', 'stomach pain', 'unpleasant taste', 'headache', 'joint or muscle pain or weakness', 'decreased sexual desire', 'inability to get or keep an erection', 'hair loss', 'excessive tiredness, loss of appetite, nausea, vomiting, yellowing of the skin or eyes, dark urine, pale stools', 'feelings of numbness, tingling, pricking, burning, or creeping on the skin', 'changes in hearing or hearing loss', 'blistering or peeling skin', 'rash; hives; itching; swelling of the face, throat, tongue, lips, eyes, hands, ankles, or lower legs; hoarseness; difficulty breathing or swallowing', 'headaches, blurred vision, chest pain, dizziness, anxiety; muscle weakness, spasms, or cramping, palpitations or feeling like heart is skipping beats, constipation, tingling or numbness']"
618056,Duvelisib,"['nausea', 'vomiting', 'constipation', 'tiredness', 'headache', 'muscle or join pain', 'yellow eyes or skin; abdominal pain; unexplained bruising or bleeding; loss of appetite; yellow or brown-colored urine; pale stools; or pain in the upper right part of the stomach']"
607051,Sorafenib,"['tiredness', 'weakness', 'skin redness', 'hair loss', 'itching', 'dry or peeling skin', 'loss of appetite', 'constipation', 'diarrhea', 'dry mouth', 'weight loss', 'joint pain', 'numbness, pain or tingling in hands or feet', 'headache', 'unusual bruising or bleeding', 'black and/or tarry stools', 'red blood in stools', 'bloody vomit', 'vomiting material that looks like coffee grounds', 'fever', 'severe stomach pain', 'nausea', 'vomiting', 'chest pain', 'shortness of breath', 'dizziness or fainting', 'excessive sweating', 'fast, pounding, or irregular heartbeat', 'sudden severe headache', 'confusion', 'changes in vision', 'seizures', 'rash', 'redness, pain, swelling or blisters on the palms of the hands or soles of the feet', 'skin blistering and peeling', 'hives', 'itching', 'skin redness', 'mouth sores', 'dark urine', 'yellowing of the skin or eyes', 'pain in the upper right part of the stomach']"
618066,Omadacycline,"['nausea', 'vomiting', 'diarrhea', 'constipation', 'difficulty falling asleep or staying asleep', 'headache', 'hives', 'rash', 'itching', 'difficulty breathing or swallowing', 'watery or bloody stools, stomach cramps, or fever during treatment or for up to two or more months after stopping treatment', 'severe headache, blurred vision, seeing double, or loss of vision']"
603001,Dutasteride,"['inability to have or maintain an erection', 'decrease in sex drive', 'problems with ejaculation', 'changes in the breasts such as increased size, lumps, pain, or nipple discharge', 'swelling of the face, tongue, or throat', 'difficulty breathing or swallowing', 'peeling skin']"
622021,Voclosporin,"['diarrhea', 'headache', 'cough', 'stomach pain', 'upset stomach', 'hair loss', 'sores in or around the mouth', 'shakiness', 'loss of appetite', 'confusion, changes in alertness, muscle tremors, numbness and tingling, headache, vision changes, or seizures', 'pale skin, shortness of breath, or dizziness', 'decreased urination; swelling in your legs, ankles or feet; or unusual tiredness or weakness', 'fast, irregular, or pounding heartbeat; lightheadedness; or fainting']"
601127,Trimethadione,"['tiredness', 'changes in weight', 'hiccups', 'headache', 'numbness, burning, or tingling in the hands, arms, feet, or legs', 'difficulty falling asleep or staying asleep', 'hair loss', 'difficulty coordinating movements', 'sensitivity to the sun', 'joint or muscle pain', 'chest pain or shortness of breath', 'swelling of your feet, ankles, or legs', 'weakness of your arms or legs', 'difficulty swallowing', 'speech problems', 'rash on the cheeks or other parts of the body', 'hives', 'sores in the mouth', 'easy bruising', 'red- or purple-colored skin spots', 'bloody nose', 'bleeding gums', 'unusual bleeding', 'extreme weakness or tiredness', 'yellowing of the skin or eyes', 'dark urine', 'nausea or vomiting', 'loss of appetite', 'pain in the upper right part of the stomach', 'fever', 'swollen glands', 'sore throat', 'decreased urination', 'droopy eyelids', 'blurred vision', 'problems seeing in bright light', 'seizures']"
682492,Dextromethorphan,"['dizziness', 'lightheadedness', 'drowsiness', 'nervousness', 'restlessness', 'nausea', 'vomiting', 'stomach pain', 'rash']"
684007,Dicyclomine,"['dry mouth', 'upset stomach', 'vomiting', 'constipation', 'stomach pain', 'gas or bloating', 'loss of appetite', 'dizziness', 'tingling', 'headache', 'drowsiness', 'weakness', 'blurred vision', 'double vision', 'difficulty urinating', 'hot, flushed, dry skin', 'confusion', 'forgetfulness', 'seeing things or hearing voices that do not exist (hallucinating)', 'unsteadiness', 'coma', 'anxiety', 'excessive tiredness', 'difficulty falling asleep or staying asleep', 'excitement', 'inappropriate mood', 'muscle weakness', 'rapid or pounding heartbeat', 'fainting', 'hives', 'skin rash', 'itching', 'difficulty breathing or swallowing']"
618032,Avatrombopag,"['extreme tiredness', 'headache', 'nosebleeds or gum bleeding', 'joint pain', 'swollen, painful, red, or tender leg', 'shortness of breath, fever, cough, chest pain, or fast heartbeat', 'stomach pain or tenderness', 'swelling of hands or feet']"
682221,Doxorubicin,"['nausea', 'vomiting', 'sores in the mouth and throat', 'loss of appetite (and weight loss)', 'weight gain', 'stomach pain', 'diarrhea', 'increased thirst', 'unusual tiredness or weakness', 'dizziness', 'hair loss', 'separation of fingernail or toenail from the nail bed', 'itchy, red, watery, or irritated eyes', 'eye pain', 'pain, burning, or tingling in the hands or feet', 'red discoloration of urine (for 1 to 2 days after dose)', 'hives', 'skin rash', 'itching', 'difficulty breathing or swallowing', 'seizures']"
603005,Escitalopram,"['nausea', 'sexual problems in males; decreased sex drive, inability to get or keep an erection, or delayed or absent ejaculation', 'sexual problems in females; decreased sex drive, or delayed orgasm or unable to have an orgasm', 'drowsiness', 'difficulty falling asleep or staying asleep', 'increased sweating', 'unusual excitement', 'seeing things or hearing voices that do not exist (hallucinating)', 'rash; itching; hives or blisters; fever; joint pain; difficulty breathing or swallowing; swelling of the face, throat, tongue, lips, or eyes', 'fever, sweating, confusion, fast or irregular heartbeat, severe muscle stiffness or twitching, agitation, hallucinations, loss of coordination, nausea, vomiting, or diarrhea', 'abnormal bleeding or bruising', 'headache; unsteadiness; problems with thinking, concentration, or memory', 'seizures']"
682387,Desipramine,"['nausea', 'drowsiness', 'weakness or tiredness', 'nightmares', 'dry mouth', 'skin more sensitive to sunlight than usual', 'changes in appetite or weight', 'constipation', 'difficulty urinating', 'frequent urination', 'changes in sex drive or ability', 'excessive sweating', 'jaw, neck, and back muscle spasms', 'slow or difficult speech', 'shuffling walk', 'uncontrollable shaking or movement of a part of the body', 'fever', 'difficulty breathing or swallowing', 'severe rash', 'yellowing of the skin or eyes', 'irregular heartbeat', 'seizures', 'sore throat, fever, and other signs of infection']"
604017,Progesterone,"['headache', 'breast tenderness or pain', 'upset stomach', 'vomiting', 'diarrhea', 'constipation', 'tiredness', 'muscle, joint, or bone pain', 'mood swings, irritability or excessive worrying', 'runny nose, sneezing, or cough', 'vaginal discharge', 'problems urinating', 'breast lumps', 'migraine headache', 'bulging eyes or double vision', 'unexpected vaginal bleeding', 'shaking hands that you cannot control', 'seizures', 'stomach pain or swelling', 'depression', 'hives, skin rash itching, difficulty breathing or swallowing, or swelling of the face, throat, tongue, lips, eyes, hands, feet, ankles, or lower legs']"
622036,Lonafarnib,"['vomiting', 'diarrhea', 'nausea', 'stomach pain', 'constipation', 'gas', 'decreased appetite', 'decreased weight', 'tiredness', 'muscle, joint, and bone pain', 'headache', 'fever', 'runny nose', 'cough', 'rash', 'itching', 'headaches, shortness of breath, nosebleeds, flushing, dizziness, or chest pain', 'vision changes', 'watery, red, itchy eyes', 'decreased urine output']"
695033,Bupropion,"['drowsiness', 'anxiety, agitation', 'difficulty falling asleep or staying asleep', 'dry mouth, nausea, abdominal pain, constipation', 'dizziness', 'headache', 'uncontrollable shaking of a part of the body', 'loss of appetite', 'excessive sweating', 'ringing in the ears', 'sore throat', 'seizures', 'confusion, hallucinating (seeing things or hearing voices that do not exist).irrational fears', 'rapid, pounding, or irregular heartbeat', 'greatly increased energy, severe trouble sleeping, racing thoughts, reckless behavior, unusually grand ideas, excessive happiness or irritability, talking more or faster than usual', 'fever; rash or blisters; itching; hives; swelling of the face, throat, tongue, lips, eyes, hands, feet, ankles, or lower legs; hoarseness; difficulty breathing or swallowing;']"
684010,Hyoscyamine,"['drowsiness', 'dizziness or lightheadedness', 'headache', 'blurred vision', 'flushing (feeling of warmth)', 'dry mouth', 'constipation', 'difficulty urinating', 'increased sensitivity to light', 'diarrhea', 'skin rash', 'eye pain', 'fast or irregular heartbeat']"
611005,Dalfampridine,"['difficulty falling asleep or staying asleep', 'dizziness', 'headache', 'nausea', 'heartburn', 'constipation', 'weakness', 'back pain', 'difficulty with balance', 'worsening of multiple sclerosis symptoms', 'burning, tingling, or itching of the skin', 'pain or irritation in the nose or throat', 'seizures', 'painful, difficult, or frequent urination', 'fever or chills', 'pain in the back, side, or stomach']"
682512,Dinoprostone,"['upset stomach', 'vomiting', 'diarrhea', 'dizziness', 'flushing of the skin', 'headache', 'fever', 'unpleasant vaginal discharge', 'continued fever', 'chills and shivering', 'increase in vaginal bleeding several days after treatment', 'chest pain or tightness', 'skin rash', 'hives', 'difficulty breathing', 'unusual swelling of the face']"
601235,Dofetilide,"['headache', 'chest pain', 'shortness of breath', 'nausea', 'flu-like symptoms', 'stomach pain', 'back pain', 'difficulty falling asleep or staying asleep', 'fast, pounding, or irregular heartbeat', 'rash', 'severe diarrhea', 'dizziness or fainting', 'unusual sweating', 'vomiting', 'loss of appetite', 'increased thirst (drinking more than normal)']"
681026,Fenoprofen,"['headache', 'nervousness', 'drowsiness', 'sweating', 'constipation', 'ringing in the ears', 'blurred vision', 'shaking of a part of the body that you cannot control', 'unexplained weight gain', 'shortness of breath or difficulty breathing', 'swelling in the abdomen, ankles, feet, or legs', 'fever', 'blisters', 'rash', 'itching', 'hives', 'swelling of the eyes, face, lips, tongue, throat, hands, arms, feet, ankles, or lower legs', 'hoarseness', 'difficulty breathing or swallowing', 'yellowing of the skin or eyes', 'excessive tiredness', 'unusual bleeding or bruising', 'lack of energy', 'upset stomach', 'loss of appetite', 'pain in the upper right part of the stomach', 'flu-like symptoms', 'pale skin', 'fast or pounding heartbeat', 'cloudy, discolored, or bloody urine', 'back pain', 'difficult or painful urination']"
617046,Delafloxacin,"['nausea', 'vomiting', 'diarrhea', 'headache', 'severe diarrhea (watery or bloody stools) that may occur with or without fever and stomach cramps (may occur up to 2 months or more after your treatment)', 'rash, itching, hives, shortness of breath, tingling or swelling of the face or throat, or fainting', 'extreme thirst or hunger; pale skin; feeling shaky or trembling; fast or fluttering heartbeat; sweating; frequent urination; trembling; blurred vision; or unusual anxiety', 'sudden pain in the chest, stomach, or back']"
618042,Ivosidenib,"['headache', 'fatigue', 'joint or muscle pain', 'diarrhea', 'constipation', 'vomiting', 'nausea', 'decreased appetite', 'mouth pain and ulcers', 'stomach pain', 'difficulty falling asleep or staying asleep', 'dizziness, lightheadedness, or fainting', 'weakness or tingling sensation in legs, arms, or upper body; numbness and pain on one side or both sides of the body; changes in your ability to see, touch, hear, or taste; burning or prickling sensation; or difficulty breathing', 'chest pain']"
622008,Abrocitinib,"['cold symptoms including stuffy or runny nose, sneezing, sore throat', 'nausea', 'headache', 'dizziness', 'acne', 'vomiting', 'mouth and throat pain', 'rash', 'stomach pain', 'sudden changes in vision', 'tiredness, shortness of breath, or pale skin', 'unusual bruising or bleeding']"
601020,Anagrelide,"['headache', 'gas', 'nausea', 'vomiting', 'diarrhea', 'constipation', 'stomach pain', 'heartburn', 'belching', 'loss of appetite', 'runny nose', 'nosebleed', 'sore throat', 'mouth sores', 'dizziness', 'depression', 'nervousness', 'forgetfulness', 'confusion', 'difficulty falling asleep or staying asleep', 'lack of energy or sleepiness', 'weakness', 'muscle, joint or back pain', 'leg cramps', 'hair loss', 'fever', 'flu-like symptoms', 'painful urination', 'ringing in the ears', 'itching', 'rash', 'hives', 'unusual bleeding or bruising', 'blood in urine or stool', 'black or tarry stools', 'chest pain', 'fluttering sensation in the chest', 'fast, forceful, or irregular heartbeats', 'swelling of the arms, hands, feet, ankles or lower legs', 'difficulty breathing', 'cough', 'slow or difficult speech', 'fainting', 'weakness or numbness of an arm or leg', 'pain, burning, or tingling in the hands or feet', 'seizure', 'changes in vision']"
684051,Bumetanide,"['frequent urination', 'dizziness', 'upset stomach', 'diarrhea', 'ringing in ears', 'loss of hearing', 'unusual bleeding or bruising', 'severe rash with peeling skin', 'difficulty breathing or swallowing', 'hives']"
601249,Telmisartan,"['back pain', 'sinus pain and congestion', 'diarrhea', 'swelling of the face, throat, tongue, lips, eyes, hands, feet, ankles, or lower legs', 'hoarseness', 'difficulty breathing or swallowing', 'pain and cramping in the lower leg that comes and goes during walking or exercise', 'blistering of the skin or rash']"
609011,Eltrombopag,"['back pain', 'muscle aches or spasms', 'headache', 'flu symptoms such as fever, headache, sore throat, cough, tiredness, chills, and body aches', 'weakness', 'extreme tiredness', 'decreased appetite', 'pain or swelling in the mouth or throat', 'hair loss', 'rash', 'skin color changes', 'skin tingling, itching, or burning', 'swelling of the ankles, feet, or lower legs', 'toothache (in children)', 'swelling, pain, tenderness, warmth or redness in one leg', 'shortness of breath, coughing up blood, fast heartbeat, fast breathing, pain when breathing deeply', 'pain in the chest, arms, back, neck, jaw, or stomach, breaking out in cold sweat, lightheadedness', 'slow or difficult speech, sudden weakness or numbness of the face, arm or leg, sudden headache, sudden vision problems, sudden difficulty walking', 'stomach pain, nausea, vomiting, diarrhea', 'cloudy, blurry vision, or other vision changes']"
682414,Tamoxifen,"['increased bone or tumor pain', 'pain or reddening around the tumor site', 'hot flashes', 'nausea', 'excessive tiredness', 'dizziness', 'depression', 'headache', 'thinning of hair', 'weight loss', 'stomach cramps', 'constipation', 'loss of sexual desire or ability (in men)', 'vision problems', 'loss of appetite', 'yellowing of the skin or eyes', 'unusual bruising or bleeding', 'fever', 'blisters', 'rash', 'swelling of the eyes, face, lips, tongue, throat, hands, arms, feet, ankles, or lower legs', 'thirst', 'muscle weakness', 'restlessness']"
625105,Moxidectin,"['itchy skin or rash', 'muscle or joint pain', 'headache', 'belly pain', 'fever, chills, body aches, cough', 'dizziness', 'diarrhea, nausea, vomiting', 'swelling']"
684055,Etoposide,"['nausea', 'vomiting', 'sores in the mouth and throat', 'stomach pain', 'diarrhea', 'constipation', 'loss of appetite or weight', 'unusual tiredness or weakness', 'pale skin', 'fainting', 'dizziness', 'hair loss', 'pain, burning, or tingling in the hands or feet', 'eye pain', 'vision problems', 'rash', 'hives', 'itching', 'difficulty breathing or swallowing', 'fast, irregular, or pounding heartbeat', 'seizures', 'yellowing of the skin or eyes']"
618011,Ertugliflozin,"['urinating a lot, including at night', 'increased thirst', 'dry mouth', 'headache', 'frequent, urgent, burning, or painful urination; decrease in amount of urine; urine that is cloudy, red, pink, or brown; strong smelling urine; pelvic or rectal pain; or fever, back pain, nausea, or vomiting', 'vaginal odor, white or yellowish vaginal discharge (may be lumpy or look like cottage cheese), or vaginal itching', 'redness, itching, or swelling of the penis; rash on the penis; foul smelling discharge from the penis; or pain in the skin around the penis', 'feeling tired, weak, or uncomfortable; along with a fever and pain, tenderness, redness, and swelling of the genitals or the area between the genitals and the rectum', 'rash; hives; itching; difficulty breathing or swallowing; swelling of the face, throat, tongue, lips, mouth, or eyes; or hoarseness', 'nausea, vomiting, stomach-area pain, tiredness, or difficulty breathing']"
682386,Secobarbital,"['drowsiness', 'difficulty falling asleep or staying asleep', 'nightmares', 'headache', 'dizziness', 'nervousness', 'agitation', 'excitement', 'restlessness', 'confusion', 'nausea', 'vomiting', 'diarrhea', 'constipation', 'hallucinating (seeing things or hearing voices that do not exist)', 'slow, shallow breathing', 'slow heartbeat', 'hives', 'rash', 'itching', 'swelling of the face, throat, tongue, lips, eyes, hands, feet, ankles, or lower legs', 'difficulty breathing or swallowing', 'hoarseness']"
699061,Terbinafine,"['diarrhea', 'indigestion', 'itching', 'headache', 'feeling sad, worthless, restless, or other changes in mood', 'loss of energy or interest in daily activities', 'changes in how you sleep', 'nausea', 'loss of appetite', 'extreme tiredness', 'vomiting', 'pain in the right upper part of the stomach', 'dark urine', 'pale stools', 'yellowing of the skin or eyes', 'severe skin rash that keeps getting worse', 'fever, sore throat, and other signs of infection', 'swelling of the face, throat, tongue, lips, and eyes', 'difficulty swallowing or breathing', 'hoarseness', 'swollen lymph glands', 'peeling, blistering, or shedding skin', 'hives', 'itching', 'red or scaly rash that may be sensitive to sunlight', 'loss of skin color', 'mouth sores', 'sore throat, fever, chills, and other signs of infection', 'chest pain', 'unexplained bleeding or bruising', 'blood in urine', 'fast or irregular heartbeat']"
682023,Primidone,"['excessive tiredness', 'dizziness', 'difficulty coordinating movements', 'nausea', 'vomiting', 'loss of appetite', 'double vision', 'uncontrollable eye movements', 'decrease in sexual ability', 'rash']"
623053,Momelotinib,"['diarrhea', 'headache', 'numbness and tingling of the arms, hands, legs, or feet', 'new or increasing fatigue', 'dizziness', 'back, arm, or leg pain', 'swelling of the arms, legs or other parts of the body', 'rash', 'itching', 'blurry vision', 'unusual or heavy bleeding or bruising', 'black or tarry stools', 'yellowing of the skin or eyes, loss of appetite, pain in upper right side of stomach, dark (tea-colored) urine, or extreme tiredness', 'crushing chest pain or chest heaviness', 'swelling, pain, tenderness, warmth or redness in one or both legs', 'shortness of breath', 'difficulty breathing', 'pain in the chest, arms, back, neck, jaw, or stomach', 'nausea or vomiting', 'feeling light-headed', 'slow or difficult speech', 'numbness or weakness in face, arm, or leg on one side of your body']"
607004,Albuterol,"['nervousness', 'shakiness', 'dizziness', 'headache', 'uncontrollable shaking of a part of the body', 'muscle cramps', 'excessive motion or activity', 'sudden changes in mood', 'nosebleed', 'nausea', 'increased or decreased appetite', 'difficulty falling asleep or staying asleep', 'pale skin', 'fast, pounding, or irregular heartbeat', 'chest pain', 'fever', 'blisters or rash', 'hives', 'itching', 'swelling of the face, throat, tongue, lips, eyes, hands, feet, ankles, or lower legs', 'increased difficulty breathing', 'difficulty swallowing', 'hoarseness']"
607039,Aliskiren,"['diarrhea', 'stomach pain', 'heartburn', 'cough', 'rash', 'dizziness', 'headache', 'back pain', 'lightheadedness and fainting', 'swelling of the face, throat, tongue, lips, eyes, hands, feet, ankles, or lower legs', 'blisters or peeling skin', 'hoarseness', 'difficulty swallowing or breathing', 'seizure', 'slow, weak, or irregular heart beat']"
682229,Pyridostigmine,"['nausea, diarrhea, vomiting', 'drooling', 'cold sweats', 'blurred vision', 'increased urge to urinate', 'muscle cramps or weakness', 'severe itching, skin rash, or hives', 'slurred speech', 'confusion', 'seizures', 'difficulty breathing']"
605018,Ribavirin,"['cough', 'upset stomach', 'vomiting', 'diarrhea', 'constipation', 'heartburn', 'loss of appetite', 'weight loss', 'changes in ability to taste food', 'dry mouth', 'difficulty concentrating', 'difficulty falling asleep or staying asleep', 'memory loss', 'rash', 'dry, irritated, or itchy skin', 'sweating', 'painful or irregular menstruation (period)', 'muscle or bone pain', 'hair loss', 'hives', 'swelling of the face, throat, tongue, lips, eyes, hands, feet, ankles, or lower legs', 'hoarseness', 'difficulty swallowing or breathing', 'pain in the stomach or lower back', 'bloody diarrhea', 'bright red blood in stools', 'black, tarry stools', 'stomach bloating', 'confusion', 'dark-colored urine', 'yellowing of the skin or eyes', 'unusual bleeding or bruising', 'vision changes', 'fever, chills, and other signs of infection', 'depression', 'thinking about hurting or killing yourself', 'mood changes', 'excessive worry', 'irritability', 'starting to use street drugs or alcohol again if you used these substances in the past', 'intolerance to cold']"
682388,Amitriptyline,"['nausea', 'vomiting', 'drowsiness', 'weakness or tiredness', 'nightmares', 'headaches', 'dry mouth', 'constipation', 'difficulty urinating', 'blurred vision', 'pain, burning, or tingling in the hands or feet', 'changes in sex drive or ability', 'excessive sweating', 'changes in appetite or weight', 'confusion', 'unsteadiness', 'slow or difficult speech', 'dizziness or faintness', 'weakness or numbness of an arm or a leg', 'crushing chest pain', 'rapid, pounding, or irregular heartbeat', 'severe skin rash or hives', 'swelling of the face and tongue', 'yellowing of the skin or eyes', 'jaw, neck, and back muscle spasms', 'uncontrollable shaking of a part of the body', 'fainting', 'unusual bleeding or bruising', 'seizures', 'hallucinating (seeing things or hearing voices that do not exist)']"
611040,Fidaxomicin,"['nausea', 'vomiting', 'stomach pain', 'constipation', 'rash', 'itching', 'swelling of the face, throat, tongue, lips, and eyes', 'shortness of breath', 'difficulty breathing or swallowing', 'weakness', 'fatigue', 'dizziness', 'headache', 'chest pain', 'fast, pounding heartbeat', 'pale skin', 'cold hands and feet', 'stomach cramps', 'bright red blood in vomit', 'vomit that looks like coffee-grounds', 'black, tarry stools', 'bright red blood in stools', 'fever, sore throat, chills, or other signs of infection']"
625092,Nitisinone,"['nose bleeds', 'itching or dry skin', 'thin or loss of hair', 'sensitivity to light; eye pain; red, swollen or burning or itchy eyes; blurry vision; excessive tears or eye discharge or crusty eyes', 'painful thickened, raised patches of skin on soles or palms of sports', 'fever and/or chills; cough; shortness of breath; painful or difficulty urinating; sore throat; weakness or fatigue', 'easy bruising; bleeding gums or nose bleeds; heavy periods; taking longer to stop bleeding after cuts or scrapes; blood in urine or stool']"
682381,Erythromycin,"['upset stomach', 'diarrhea', 'vomiting', 'stomach pain', 'loss of appetite', 'rash', 'itching', 'hives', 'difficulty breathing or swallowing', 'wheezing', 'yellowing of the skin or eyes', 'dark urine', 'pale stools', 'unusual tiredness', 'pain in the upper right part of the stomach', 'seizures', 'fast, pounding, or irregular heartbeat', 'severe diarrhea (watery or bloody stools) that may occur with or without fever and stomach cramps (may occur up to 2 months or more after your treatment)']"
682758,Nystatin,"['diarrhea', 'nausea', 'stomach bloating or pain', 'irritation or burning of the mouth', 'hives', 'rash or itching', 'difficulty breathing or swallowing']"
692030,Simvastatin,"['constipation', 'stomach pain', 'nausea', 'headache', 'memory loss or forgetfulness', 'confusion', 'itchy or red skin', 'muscle pain, tenderness, or weakness with or without fever or lack of energy; tiredness, or weakness; fever or chills', 'dark-colored urine that may look red; yellowing of the skin or eyes; pain in the upper right part of the stomach; loss of appetite', 'decreased urination', 'flushing', 'blisters', 'rash, hives, itching; swelling of the face, throat, tongue, lips, eyes, hands, feet, ankles, or lower legs; difficulty breathing or swallowing; hoarseness', 'joint pain', 'sensitivity to light']"
618055,Dacomitinib,"['weight loss', 'loss of appetite', 'mouth sores', 'infection of the skin around the fingernails or toenails', 'hair loss', 'cough', 'lack of energy', 'difficulty falling asleep or staying asleep', 'red or swollen eyes (""pink eye"")', 'taste changes', 'vomiting', 'diarrhea', 'shortness of breath, cough, and fever', 'dry skin, redness, rash, acne, itchy skin, and peeling or blistering of your skin', 'chest pain']"
690002,Fluconazole,"['headache', 'dizziness', 'diarrhea', 'stomach pain', 'heartburn', 'change in ability to taste food', 'nausea', 'vomiting', 'extreme tiredness', 'unusual bruising or bleeding', 'lack of energy', 'loss of appetite', 'pain in the upper right part of the stomach', 'yellowing of the skin or eyes', 'flu-like symptoms', 'dark urine', 'pale stools', 'seizures', 'rash', 'blistering or peeling skin', 'hives', 'itching', 'swelling of the face, throat, tongue, lips, eyes, hands, feet, ankles, or lower legs', 'difficulty breathing or swallowing']"
682322,Quinine,"['nausea', 'restlessness', 'difficulty hearing or ringing in the ears', 'confusion', 'nervousness', 'rash', 'hives', 'itching', 'flushing', 'hoarseness', 'difficulty breathing or swallowing', 'swelling of the face, throat, lips, eyes, hands, feet, ankles or lower legs', 'fever', 'blisters', 'stomach pain', 'vomiting', 'diarrhea', 'blurriness or changes in color vision', 'inability to hear or see', 'faintness', 'easy bruising', 'purple, brown, or red spots on the skin', 'unusual bleeding', 'blood in the urine', 'dark or tarry stools', 'nosebleeds', 'bleeding gums', 'sore throat', 'fast or irregular heartbeat', 'chest pain', 'weakness', 'sweating', 'dizziness']"
603033,Rosuvastatin,"['constipation', 'stomach pain', 'dizziness', 'difficulty falling asleep or staying asleep', 'depression', 'joint pain', 'headache', 'memory loss or forgetfulness', 'confusion', 'muscle pain, tenderness, or weakness (or if these symptoms continue after stopping rosuvastatin); lack of energy; fever', 'dark, reddish urine or decreased amount of urine; yellowing of the skin or eyes; pain in the upper right part of the abdomen; nausea; unusual bleeding or bruising; loss of appetite; flu-like symptoms', 'rash, hives, itching, difficulty breathing or swallowing; swelling of the face, throat, tongue, lips, eyes, hands, feet, ankles, or lower legs; hoarseness']"
619053,Istradefylline,"['dizziness', 'constipation', 'loss of appetite', 'difficulty falling asleep or staying asleep', 'worsening or more frequent body movements that you cannot control', 'hallucinations (seeing things or hearing voices that do not exist)', 'being overly suspicious or feeling people want to harm you', 'believing things that are not real', 'aggressive behavior, agitation, or confusion']"
618018,Apalutamide,"['weakness', 'tiredness', 'joint pain', 'muscle weakness or stiffness', 'diarrhea', 'nausea', 'loss of appetite', 'weight loss', 'hot flashes', 'swelling of the arms, legs, hands, or feet', 'seizures', 'loss of consciousness', 'falling', 'broken bones or fractures', 'chest pain, shortness of breath, or swelling of the feet or ankles', 'numbness or weakness of face, arm, or leg, especially on one side of the body; difficulty talking or understanding; difficulty seeing in one or both eyes; dizziness; loss of balance or coordination; or difficulty walking', 'rash; blisters or sores on the skin or in the mouth, throat, nose, eyes, or genital area; skin peeling; fever or flu-like symptoms; or swollen glands', 'cough, shortness of breath, fever, or extreme tiredness']"
682167,Azathioprine,"['nausea', 'vomiting', 'diarrhea', 'rash', 'fever', 'weakness', 'muscle pain']"
611039,Boceprevir,"['nausea', 'vomiting', 'diarrhea', 'change in ability to taste', 'loss of appetite', 'excessive tiredness', 'difficulty falling asleep or staying asleep', 'irritability', 'hair loss', 'dry skin', 'rash', 'shortness of breath', 'dizziness', 'fainting', 'weakness', 'sore throat, fever, chills, and other signs of infection']"
617050,Betrixaban,"['constipation', 'diarrhea', 'nausea', 'frequent or painful urination', 'bleeding gums', 'frequent nosebleeds', 'menstrual bleeding that is heavier than normal', 'red, pink, or brown urine', 'red or black, tarry stools', 'coughing up blood or blood clots', 'vomiting blood or material that looks like coffee grounds', 'unexpected pain, swelling, or joint pain', 'headache', 'dizziness or weakness']"
698019,Quetiapine,"['dizziness, feeling unsteady, or having trouble keeping your balance', 'pain in the joints, back, or neck', 'dry mouth', 'nausea, indigestion, vomiting', 'constipation', 'increased appetite, weight gain', 'stuffy nose', 'difficulty speaking or using language', 'loss of coordination', 'problems with coordination, falling down', 'seizures', 'uncontrollable movements of your arms, legs, tongue, face, or lips', 'painful erection of the penis that lasts for hours', 'fluid leaking from breasts', 'fever; stiff muscles; sweating; confusion; sweating; or fast, pounding, or irregular\r\nheartbeat', 'sore throat, fever, chills, difficult or painful urination, or other signs of infection', 'rash, hives, blisters', 'tightening of the neck muscles or the throat, difficulty breathing or swallowing']"
601246,Pantoprazole,"['headache', 'nausea', 'vomiting', 'gas', 'joint pain', 'diarrhea', 'dizziness', 'in men, difficulty achieving or maintaining an erection', 'blistering, peeling, or bleeding skin; sores on the lips, nose, mouth, or genitals; swollen glands; shortness of breath; fever; or flu-like symptoms', 'rash hives; itching; swelling of the eyes, face, lips, mouth, throat, or tongue; difficulty breathing or swallowing; or hoarseness', 'irregular, fast, or pounding heartbeat muscle spasms; uncontrollable shaking of a part of the body; excessive tiredness; lightheadedness; dizziness; or seizures', 'severe diarrhea with watery stools, stomach pain, or fever that does not go away', 'new or worsening joint pain; rash on cheeks or arms that is sensitive to sunlight', 'increased or decreased urination, blood in urine, fatigue, nausea, loss of appetite, fever, rash, or joint pain']"
682116,Prochlorperazine,"['dizziness, feeling unsteady, or having trouble keeping your balance', 'blurred vision', 'dry mouth', 'stuffed nose', 'headache', 'nausea', 'constipation', 'difficulty urinating', 'widening or narrowing of the pupils (black circles in the center of the eyes)', 'increased appetite', 'weight gain', 'agitation', 'jitteriness', 'difficulty falling asleep or staying asleep', 'blank facial expression', 'drooling', 'uncontrollable shaking of a part of the body', 'shuffling walk', 'breast enlargement', 'breast milk production', 'missed menstrual periods', 'decreased sexual ability in men', 'fever', 'muscle stiffness', 'falling', 'confusion', 'fast or irregular heartbeat', 'sweating', 'yellowing of the skin or eyes', 'flu-like symptoms', 'sore throat, chills, and other signs of infection', 'neck cramps', 'tongue that sticks out of the mouth', 'tightness in the throat', 'difficulty breathing or swallowing', 'fine, worm-like tongue movements', 'uncontrollable, rhythmic face, mouth, or jaw movements', 'seizures', 'rash', 'hives', 'itching', 'swelling of the eyes, face, mouth, lips, tongue, throat, arms, hands, feet, ankles, or lower legs', 'vision loss, especially at night', 'seeing everything with a brown tint', 'coma (loss of consciousness for a period of time)', 'erection that lasts for hours']"
604037,Trospium,"['dry mouth, eyes, or nose', 'constipation', 'headache', 'confusion', 'gas', 'difficulty urinating', 'swelling of the face, throat, tongue, lips, eyes, hands, feet, ankles, or lower legs', 'rash', 'hives', 'itching', 'difficulty breathing or swallowing', 'hallucinations (seeing things or hearing voices that do not exist)']"
610024,Dabigatran,"['stomach pain', 'upset stomach', 'heartburn', 'nausea', 'unusual bruising or bleeding', 'pink or brown urine', 'red or black, tarry stools', 'coughing up blood', 'vomiting material that is bloody or looks like coffee grounds', 'bleeding from the gums, frequent nosebleeds', 'heavy menstrual bleeding', 'bleeding from a cut that lasts longer than normal', 'joint pain or swelling', 'headache', 'dizziness or feeling faint', 'weakness', 'hives, rash, itching', 'difficulty breathing or swallowing', 'chest pain or tightness', 'swelling of the face, throat, tongue, lips, eyes, arms, hands, feet, ankles, or lower legs']"
626014,Benzphetamine,"['nausea', 'diarrhea', 'dry mouth', 'unpleasant taste', 'changes in sex drive or ability', 'restlessness', 'abnormally excited mood', 'falling asleep or staying asleep', 'dizziness', 'sweating', 'headache', 'uncontrollable shaking of part of the body', 'shortness of breath; chest pain; fainting; or swelling of the legs, ankles, or feet', 'fast, pounding, or irregular heartbeat', 'rash, hives, or itching', 'believing things that are not true, feeling unusually suspicious of others, or hallucinating (seeing things or hearing voices that do not exist)']"
682202,Amoxapine,"['nausea', 'drowsiness', 'weakness or tiredness', 'nightmares', 'dry mouth', 'skin more sensitive to sunlight than usual', 'changes in appetite or weight', 'constipation', 'difficulty urinating', 'frequent urination', 'blurred vision', 'excessive sweating', 'muscle stiffness', 'confusion', 'fast or irregular heartbeat', 'slow or difficult speech', 'shuffling walk', 'uncontrollable shaking or moving of a part of the body', 'fever', 'rash']"
624021,Resmetirom,"['diarrhea', 'nausea', 'itching', 'abdominal pain', 'vomiting', 'dizziness', 'constipation', 'tiredness, nausea, vomiting, fever, rash, yellowing of the skin or white part of your eyes, pain in the upper right side of the stomach', 'nausea, vomiting, fever, or stomach pain']"
623011,Elacestrant,"['Muscle and joint pain', 'tiredness or weakness', 'vomiting', 'decreased appetite', 'diarrhea', 'constipation', 'abdominal pain', 'hot flush', 'indigestion or heartburn', 'lower abdominal pain, yellowing of skin or eyes, or dark urine', 'nausea, headache, confusion or fatigue']"
699059,Levetiracetam,"['weakness', 'unsteady walking', 'dizziness', 'confusion', 'irritability', 'aggression', 'headache', 'loss of appetite', 'vomiting', 'diarrhea', 'constipation', 'excessive sleepiness', 'joint pain', 'neck pain', 'double vision', 'nasal congestion', 'rash, fever, swollen lymph nodes, facial swelling, shortness of breath, yellowing of skin or whites of the eyes, dark urine', 'seizures that are worse or different than the seizures you had before', 'fever, sore throat, or other signs of infection', 'blisters on skin', 'hives', 'itching', 'swelling of the face, throat, tongue, lips. and eyes', 'difficulty swallowing or breathing', 'loss of balance or coordination']"
613034,Methazolamide,"['pain, burning, or tingling in the hands or feet', 'hearing problems or ringing in the ears', 'tiredness or lack of energy', 'vomiting or diarrhea', 'change in how things taste', 'increased urination', 'vision changes', 'blisters or peeling skin', 'hives', 'rash', 'itching', 'difficulty breathing or swallowing', 'fever, sore throat, chills, and other signs of infection', 'unusual bruising or bleeding', 'muscle weakness', 'seizures', 'nausea', 'extreme tiredness', 'loss of appetite', 'pain in the upper right part of the stomach', 'yellowing of the skin or eyes', 'flu-like symptoms']"
616047,Methylnaltrexone,"['vomiting', 'sweating', 'chills', 'anxiety', 'yawning', 'headache', 'abdominal pain and swelling', 'muscle spasms', 'runny nose', 'severe diarrhea', 'severe abdominal pain']"
603013,Atomoxetine,"['heartburn', 'nausea', 'vomiting', 'loss of appetite', 'weight loss', 'constipation', 'stomach pain', 'gas', 'dry mouth', 'excessive tiredness', 'dizziness', 'headache', 'mood swings', 'decreased sex drive or ability', 'difficulty urinating', 'painful or irregular menstrual periods', 'muscle pain', 'sweating', 'hot flashes', 'unusual dreams', 'burning or tingling in the hands, arms, feet, or legs', 'fast or pounding heartbeat', 'chest pain', 'shortness of breath', 'slow or difficult speech', 'dizziness or faintness', 'weakness or numbness of an arm or leg', 'itchy skin', 'dark urine', 'yellowing of your skin or eyes', 'flu-like symptoms', 'pain in the upper right part of your stomach', 'swelling of the face, throat, tongue, lips, eyes, hands, feet, ankles, or lower legs', 'hoarseness', 'difficulty swallowing or breathing', 'hives', 'rash', 'abnormal thoughts', 'hallucinating (seeing things or hearing voices that do not exist)', 'erection that lasts for several hours or longer', 'seizures']"
691004,Idarubicin,"['nausea', 'vomiting', 'diarrhea', 'sores in the mouth and throat', 'stomach pain', 'headache', 'joint pain', 'hair loss', 'rash', 'redness and blisters on the palms and soles', 'seizures', 'hives', 'dizziness', 'fainting', 'pale skin', 'difficulty urinating', 'yellowing of the skin or eyes']"
626011,Berotralstat,"['nausea', 'vomiting', 'diarrhea', 'stomach pain', 'heartburn', 'back pain', 'rash', 'headache', 'gas or bloating', 'unusual tiredness or weakness', 'fast or pounding heartbeat', 'feeling faint, lightheaded, or dizzy']"
624023,Aprocitentan,"['nausea, vomiting, fever, pain in the upper right part of your stomach, loss of appetite, itchy skin, dark urine, yellowing of the skin or eyes, or extreme tiredness', 'unusual weight gain', 'trouble breathing', 'swelling of the hands, legs, ankles or feet', 'rash; redness; swelling of the face, throat, tongue, lips, and eyes']"
613016,Crofelemer,"['runny nose, sneezing, or cough', 'tiredness, fever, chills, cough with mucus (sputum), or chest tightness', 'gas', 'nausea', 'swelling of the abdomen', 'hemorrhoids', 'back or joint pain', 'difficult, painful, or frequent urination', 'urine that is cloudy or discolored', 'back pain or pressure in the lower abdomen', 'anxiety']"
610019,Albendazole,"['stomach pain', 'nausea', 'vomiting', 'headache', 'dizziness', 'reversible hair loss', 'sore throat, fever, chills, and other signs of infection', 'unusual bleeding or bruising', 'weakness', 'fatigue', 'pale skin', 'shortness of breath', 'rash', 'hives']"
622019,Ropeginterferon alfa-2b,"['bruising, pain, redness, swelling, itching, or irritation in a place where you injected ropeginterferon alfa-2b.', 'hair loss', 'rash', 'acne', 'sweating', 'skin redness or thickening', 'joint pain', 'headache', 'diarrhea', 'nausea', 'difficulty falling asleep or staying asleep', 'dizziness', 'muscle spasms', 'irregular or absent menstrual periods', 'hives; rash; itching; difficulty breathing or swallowing; swelling of the eyes, face, mouth, lips, tongue or throat; hoarseness; lightheadedness; fainting; or chest pain', 'decreased urination; swelling of the feet, ankles, or lower legs; blood in urine', 'lower back pain', 'fast heartbeat', 'shortness of breath', 'ongoing pain that begins in the stomach area but may spread to the back nausea, vomiting, or loss of appetite', 'yellowing of the skin or eyes, light-colored bowel movements, dark-colored urine, or pain in the upper right part of stomach', 'pale skin, weakness, or excessive tiredness', 'unusual bleeding or bruising', 'bloody diarrhea or bowel movements; stomach pain, tenderness or swelling']"
623016,Leniolisib,"['headache', 'nasal congestion, runny nose', 'dry and itchy skin', 'red or scaly rash', 'diarrhea', 'tiredness', 'neck or back pain', 'hair loss', 'fever', 'fast heartbeat']"
607050,Vorinostat,"['diarrhea', 'nausea', 'loss of appetite', 'weight loss', 'vomiting', 'constipation', 'extreme tiredness', 'chills', 'change in the way things taste', 'dry mouth', 'hair loss', 'dizziness', 'swelling of the legs, feet, or ankles', 'itching', 'cough', 'fever', 'headache', 'muscle aches', 'unusual bleeding or bruising', 'pale skin', 'sudden swelling, redness, warmth, pain, and/or tenderness in a leg', 'skin redness or change in skin color', 'sudden sharp chest pain', 'shortness of breath', 'coughing up blood', 'sweating', 'fast heartbeat', 'fainting', 'feeling anxious']"
682020,Levorphanol,"['nausea, vomiting', 'headache', 'dry mouth', 'sweating', 'decreased sexual desire, inability to get or keep an erection', 'nausea, vomiting, loss of appetite, weakness, or dizziness', 'agitation, hallucinations (seeing things or hearing voices that do not exist), fever, sweating, confusion, fast heartbeat, shivering, severe muscle stiffness or twitching, loss of coordination, nausea, vomiting, or diarrhea', 'rash; hives; itching; hoarseness; difficulty breathing or swallowing; or swelling of the face, mouth, tongue or throat', 'chest pain, changes in heartbeat', 'new pain or pain from touch or doing ordinary tasks such as combing your hair', 'difficulty swallowing, regurgitation (bringing up swallowed food into throat and mouth), pain in the chest area', 'unusual snoring or long pauses during breaths during sleep', 'extreme drowsiness', 'seizures']"
606002,Deferasirox,"['stomach pain', 'nausea', 'vomiting', 'diarrhea', 'hearing loss', 'vision problems', 'rash, hives, peeling or blistering skin, fever, swollen lymph nodes', 'difficulty breathing or swallowing; swelling of the face, throat, tongue, lips, or eyes; hoarseness', 'unusual bruising or bleeding']"
688006,Lovastatin,"['constipation', 'memory loss or forgetfulness', 'confusion', 'headache', 'muscle pain, tenderness, or weakness; lack of energy; weakness; fever', 'dark colored urine; yellowing of the skin or eye; pain in the upper right side of the stomach; extreme tiredness; nausea; loss of appetite; unusual bleeding or bruising', 'rash, hives, itching, difficulty breathing or swallowing; swelling of the face, throat, tongue, lips, eyes, hands, feet, ankles, or lower legs']"
601213,Olanzapine,"['restlessness', 'unusual behavior', 'depression', 'difficulty falling asleep or staying asleep', 'weakness', 'constipation', 'increased appetite, weight gain', 'dry mouth', 'pain in arms, legs, back, or joints', 'breast enlargement or discharge', 'late or missed menstrual periods', 'decreased sexual ability', 'seizures', 'changes in vision', 'swelling of the arms, hands, feet, ankles, or lower legs', 'unusual movements of your face or body that you cannot control', 'problems with coordination or increased falls', 'sore throat, fever, chills, and other signs of infection', 'fever; stiff muscles; sweating; confusion; sweating; or fast, pounding, or irregular\r\nheartbeat', 'rash that may occur with fever, swollen glands, or swelling of the face', 'hives, skin redness or peeling, difficulty breathing or swallowing']"
601010,Acitretin,"['peeling, dry, itchy, scaling, cracked, blistered, sticky or infected skin', 'brittle or weak fingernails and toenails', 'dandruff', 'sunburn', 'abnormal skin odor', 'excessive sweating', 'hair loss', 'changes in hair texture', 'dry eyes', 'loss of eyebrows or eyelashes', 'hot flashes or flushing', 'chapped or swollen lips', 'swollen or bleeding gums', 'excessive saliva', 'tongue pain, swelling, or blistering', 'mouth swelling or blisters', 'stomach pain', 'diarrhea', 'increased appetite', 'difficulty falling or staying asleep', 'sinus infection', 'runny nose', 'dry nose', 'nosebleed', 'joint pain', 'tight muscles', 'changes in taste', 'rash', 'headache', 'extreme thirst, frequent urination, extreme hunger, blurred vision, or weakness', 'dry mouth, nausea and vomiting, shortness of breath, breath that smells fruity, and decreased consciousness', 'pain, swelling, or redness of eyes or eyelids', 'eye pain', 'eyes sensitive to light', 'swelling of hands, feet, ankles, or lower legs', 'redness or swelling in one leg only', 'depression', 'thoughts of hurting or killing yourself', 'bone, muscle, or back pain', 'difficulty moving any part of your body', 'loss of feeling in hands or feet', 'chest pain', 'slow or difficult speech', 'tingling in arms and legs', 'loss of muscle tone', 'weakness or heaviness in legs', 'cold, gray, or pale skin', 'slow or irregular heartbeat', 'dizziness', 'fast heartbeat', 'weakness', 'shortness of breath', 'ear pain or ringing']"
602004,Linezolid,"['diarrhea', 'headache', 'nausea', 'vomiting', 'stomach pain', 'change in the way things taste', 'rash', 'itching', 'dizziness', 'white patches in the mouth', 'irritation, burning, or itching of the vagina', 'change in color of the tongue or teeth', 'hives;rash; itching; difficulty breathing or swallowing; swelling of the face, throat, tongue, lips, eyes, hands, or feet; or hoarseness', 'blistering or peeling skin', 'repeated nausea and vomiting; fast breathing; confusion;  or feeling tired', 'pain, numbness, or weakness in hands, feet, or other parts of the body', 'severe diarrhea (watery or bloody stools) that may occur with or without fever and stomach cramps (may occur up to 2 months or more after your treatment)', 'unusual bleeding or bruising', 'changes in color vision, blurred vision, or other changes in vision', 'seizures', 'confusion, drowsiness, weakness, difficulty breathing', 'muscle pain or tenderness', 'muscle weakness', 'dark or cola-colored urine']"
682831,Isoxsuprine,"['weakness', 'dizziness', 'flushing (feeling of warmth)', 'upset stomach', 'vomiting', 'stomach pain', 'rash', 'fast heartbeat', 'chest pain']"
682518,Niacin,"['diarrhea', 'increased cough', 'dizziness', 'faintness', 'fast heartbeat', 'nausea', 'vomiting', 'extreme tiredness', 'dark colored urine', 'light colored stools', 'unusual bleeding or bruising', 'lack of energy', 'loss of appetite', 'pain in the upper right part of the stomach', 'yellowing of the skin or eyes', 'flu-like symptoms', 'hives', 'rash', 'itching', 'difficulty breathing or swallowing', 'swelling of the face, throat, tongue, lips, eyes, hands, feet, ankles, or lower legs', 'hoarseness', 'unexplained muscle pain, tenderness, or weakness']"
692016,Felodipine,"['headache', 'flushing', 'dizziness or lightheadedness', 'weakness', 'fast heartbeat', 'heartburn', 'constipation', 'enlargement of gum tissue around teeth', 'swelling of the face, eyes, lips, tongue, arms, or legs', 'difficulty breathing or swallowing', 'fainting', 'rash']"
600045,Atorvastatin,"['diarrhea', 'heartburn', 'gas', 'joint pain', 'forgetfulness or memory loss', 'confusion', 'muscle pain, tenderness, or weakness; lack of energy, extreme tiredness or weakness; fever; flu-like symptoms', 'nausea; unusual bleeding or bruising; loss of appetite; pain in the upper right part of the stomach; dark-colored urine; yellowing of the skin or eyes', 'rash, itching, hives, difficulty breathing or swallowing; swelling of the face, throat, tongue, lips, eyes, hands, feet, ankles, or lower legs; hoarseness', 'chest pain']"
625087,Sebetralstat,['headache']
682134,Methadone,"['headache', 'nausea, vomiting', 'sweating', 'decreased sexual desire, inability to get or keep an erection', 'seizures', 'rash; hives; itching; hoarseness; difficulty breathing or swallowing; or swelling of the face, mouth, tongue or throat', 'extreme drowsiness', 'agitation, hallucinations (seeing things or hearing voices that do not exist), fever, sweating, confusion, fast heartbeat, shivering, severe muscle stiffness or twitching, loss of coordination, or diarrhea', 'nausea, vomiting, loss of appetite, weakness, or dizziness', 'new pain or pain from touch or doing ordinary tasks such as combing your hair', 'difficulty swallowing, regurgitation (bringing up swallowed food into throat and mouth), pain in the chest area', 'chest pain, changes in heartbeat', 'unusual snoring or long pauses during breaths during sleep']"
684058,Glyburide,"['nausea', 'upper abdominal fullness', 'heartburn', 'rash', 'yellowing of the skin or eyes', 'light-colored stools', 'dark urine', 'pain in the upper right part of the stomach', 'unusual bruising or bleeding', 'diarrhea', 'fever', 'sore throat', 'swelling of the eyes, face, lips, tongue, or throat']"
617031,Naldemedine,"['vomiting', 'diarrhea', 'nausea', 'stomach pain', 'sweating', 'chills', 'feeling cold', 'flushing', 'fever', 'watery eyes', 'runny nose', 'sneezing', 'anxiety', 'irritability', 'uncontrollable shaking of a part of the body', 'fast heartbeat', 'yawning', 'severe, persistent, or worsening stomach pain', 'difficulty breathing', 'rash']"
609032,Everolimus,"['diarrhea', 'constipation', 'change in ability to taste food', 'weight loss', 'dry mouth', 'weakness', 'headache', 'difficulty falling asleep or staying asleep', 'nosebleed', 'dry skin', 'acne', 'problems with nails', 'hair loss', 'pain in the arms, legs, back or joints', 'muscle cramps', 'missed or irregular menstrual periods', 'heavy menstrual bleeding', 'difficulty getting or keeping an erection', 'anxiety', 'aggression or other changes in behavior', 'hives', 'itching', 'swelling of the hands, feet, arms, legs, eyes, face, mouth, lips, tongue, or throat', 'hoarseness', 'difficulty breathing or swallowing', 'wheezing', 'flushing', 'chest pain', 'extreme thirst or hunger', 'unusual bleeding or bruising', 'pale skin', 'fast or irregular heartbeat', 'dizziness', 'seizures']"
682315,Mebendazole,"['diarrhea', 'stomach pain, discomfort, or swelling', 'nausea', 'vomiting', 'loss of appetite', 'seizures', 'rash', 'hives', 'shortness of breath', 'difficulty breathing or swallowing', 'fever, sore throat, chills, or other signs of infection']"
613040,Trametinib,"['headache', 'dry skin', 'dry mouth', 'vomiting', 'diarrhea', 'constipation', 'loss of appetite', 'change in ability to taste food', 'tiredness', 'joint, muscle, or back pain', 'infection of the skin around the fingernails or toenails', 'unusual bleeding or bruising', 'bloody or black, tarry stools', 'coughing up or vomiting blood or material that looks like coffee grounds', 'nosebleed', 'stomach pain', 'nausea', 'fever', 'chills', 'rapid, irregular, or pounding heartbeat', 'difficulty breathing', 'chest pain', 'swelling of the face, arms, legs, ankles, or feet', 'dizziness, lightheadedness, or weakness', 'shortness of breath', 'leg pain, swelling, tenderness, redness, or warmth', 'new or worsening cough', 'blurred vision', 'change in vision, including seeing halos (blurred outline around objects) or colored dots', 'loss of vision', 'eye pain', 'dry, red, or swollen eyes', 'rash, red skin, or pimples', 'wart', 'a reddish bump that bleeds or does not heal', 'change in size or color of a mole', 'itching', 'blisters, ulcers, or sores on the skin, lips, or around the mouth or eyes', 'tingling, burning, redness, swelling, peeling or flaking, blisters, or sores on the palms of the hands or soles of the feet', 'swollen glands', 'frequent urination', 'increased thirst']"
682004,Hydroxyurea,"['nausea', 'vomiting', 'diarrhea', 'loss of appetite', 'weight gain', 'sores in the mouth and throat', 'constipation', 'rash', 'pale skin', 'dizziness', 'headache', 'hair loss', 'changes in skin and nails', 'fast heartbeat', 'ongoing pain that begins in the stomach area but may spread to the back', 'leg wounds or ulcers', 'pain, itching, redness, swelling, or blisters on the skin', 'pain in the upper right part of the stomach', 'blood in the urine', 'yellowing of the skin or eyes', 'numbness, burning, or tingling in the hands or feet', 'fever, cough, shortness of breath, and other breathing problems']"
682542,Clemastine,"['drowsiness', 'dry mouth, nose, and throat', 'dizziness', 'decreased coordination', 'nausea', 'chest congestion', 'headache', 'excitement (especially in children)', 'nervousness', 'difficulty urinating', 'changes in vision', 'fast, pounding, or irregular heartbeat', 'itching, rash, hives, difficulty breathing or swallowing']"
682157,Colestipol,"['constipation', 'belching', 'nausea, vomiting', 'gas', 'unusual bleeding (such as bleeding from the gums or rectum)']"
618025,Fostamatinib,"['diarrhea', 'nausea', 'dizziness', 'rash', 'abdominal pain', 'fatigue', 'severe diarrhea', 'headache, confusion, dizziness, chest pain, or shortness of breath', 'pain in the upper right part of the stomach', 'yellowing of the skin or eyes', 'dark colored urine', 'nausea', 'vomiting']"
608021,Liotrix,"['tiredness', 'shaking hands that you cannot control', 'headache', 'insomnia', 'anxiety', 'depression', 'muscle or joint pain', 'weight gain', 'nausea', 'dry or itchy skin', 'temporary hair loss, particularly in children during the first month of treatment', 'chest pain (angina)', 'rapid or irregular heartbeat or pulse', 'excessive sweating', 'sensitivity to heat', 'nervousness']"
684027,Diltiazem,"['dizziness or lightheadedness', 'flushing', 'headache', 'weakness', 'slow heartbeat', 'vomiting', 'diarrhea', 'constipation', 'nasal congestion', 'cough', 'swelling of the face, eyes, lips, tongue, hands, arms, feet, ankles, or lower legs', 'difficulty breathing or swallowing', 'fainting', 'rash', 'yellowing of the skin or eyes', 'nausea', 'extreme tiredness', 'unusual bleeding or bruising', 'lack of energy', 'loss of appetite', 'pain in the upper right part of the stomach', 'flu-like symptoms', 'increase in frequency or severity of chest pain (angina)']"
682132,Oxycodone,"['nausea, vomiting', 'difficulty falling asleep or staying asleep', 'headache', 'weakness, tiredness', 'decreased sexual desire, inability to get or keep an erection', 'chest pain, changes in heartbeat', 'agitation, hallucinations (seeing things or hearing voices that do not exist), fever, sweating, confusion, fast heartbeat, shivering, severe muscle stiffness or twitching, loss of coordination, or diarrhea', 'nausea, vomiting, loss of appetite, weakness, or dizziness', 'new pain or pain from touch or doing ordinary tasks such as combing your hair', 'rash; itching; hives; hoarseness; difficulty breathing or swallowing; or swelling of the face, mouth, tongue, lips, or throat', 'difficulty swallowing, regurgitation (bringing up swallowed food into throat and mouth), pain in the chest area', 'seizures', 'extreme drowsiness', 'unusual snoring or long pauses during breaths during sleep']"
682494,Guaifenesin,"['headache', 'nausea', 'vomiting']"
699032,Thalidomide,"['drowsiness', 'confusion', 'anxiety', 'depression or mood changes', 'difficulty falling asleep or staying asleep', 'bone, muscle, joint, or back pain', 'weakness', 'headache', 'change in appetite', 'weight changes', 'nausea', 'constipation', 'dry mouth', 'dry skin', 'pale skin', 'uncontrollable shaking of a part of the body', 'swelling of the hands, feet, ankles, or lower legs', 'difficulty achieving or maintaining an erection', 'rash', 'itching', 'hives', 'blistering and peeling skin', 'swelling of the face, throat, tongue, lips, or eyes', 'hoarseness', 'difficulty swallowing or breathing', 'fever, sore throat, chills, cough, or other signs of infection', 'slow or fast heartbeat', 'seizures']"
604014,Gemifloxacin,"['diarrhea', 'nausea', 'stomach pain', 'vomiting', 'unusual tiredness', 'severe diarrhea (watery or bloody stools) that may occur with or without fever and stomach cramps (may occur up to 2 months or more after your treatment)', 'rash', 'hives', 'itching', 'peeling or blistering of the skin', 'fever', 'swelling of the eyes, face, mouth, lips, tongue, throat, hands, feet, ankles, or lower legs', 'hoarseness or throat tightness', 'difficulty breathing or swallowing', 'ongoing or worsening cough', 'yellowing of the skin or eyes; pale skin; dark urine; or light colored stool', 'extreme thirst or hunger; pale skin; feeling shaky or trembling; fast or fluttering heartbeat; sweating; frequent urination; trembling; blurred vision; or unusual anxiety', 'fainting or loss of consciousness', 'sudden pain in the chest, stomach, or back']"
682291,Nitrofurantoin,"['nausea', 'vomiting', 'loss of appetite', 'heartburn or gas', 'hair loss', 'headache', 'rash', 'hives', 'difficulty breathing or swallowing', 'swelling of the eyes, face, mouth, lips, tongue, or throat', 'fever or chills', 'chest pain', 'persistent cough', 'numbness, tingling, or pinprick sensation in the fingers and toes', 'muscle weakness', 'yellowing of the skin or eyes, dark urine, loss of appetite, fatigue, or pain or discomfort in right upper stomach area', 'confusion', 'dizziness', 'paleness', 'severe diarrhea (watery or bloody stools) that may occur with or without fever and stomach cramps (may occur up to 2 months or more after your treatment)', 'eye pain or vision changes']"
618051,Cannabidiol,"['diarrhea', 'tiredness', 'difficulty falling asleep or staying asleep', 'loss of appetite', 'weight loss', 'stomach pain or discomfort', 'drooling or excessive saliva', 'problems with walking', 'rash', 'hives', 'redness', 'loss of appetite; nausea; vomiting; yellow skin or eyes; itching; unusual darkening of the urine; or right upper stomach area pain or discomfort', 'fever, cough, or other signs of infection']"
624022,Sotagliflozin,"['diarrhea', 'increased thirst', 'dry mouth', 'burning feeling when urinating, having to urinate a lot or urinate right away, pain in the lower part of the stomach, or blood in the urine.', 'headache, shaky or jittery feeling, irritability, fast heartbeat, weakness, drowsiness, sweating, confusion, dizziness, hunger', 'pain or tenderness around anus or genitals, swelling in this area, or redness of the skin in this area', 'vaginal odor, white or yellowish vaginal discharge, vaginal itching', 'redness, itching or swelling of the penis, smelly discharge from the penis, pain in the skin around the penis']"
682141,Oxybutynin,"['dry mouth, eyes, nose or skin', 'blurred vision', 'stomach pain, constipation, diarrhea, nausea, heartburn, gas', 'change in ability to taste food', 'headache', 'dizziness, weakness, confusion', 'sleepiness or difficulty falling asleep or staying asleep', 'nervousness', 'flushing', 'swelling of the hands, arms, feet, ankles, or lower legs', 'back or joint pain', 'rash, hives and/or swelling of the eyes, face, lips, tongue, or throat', 'hoarseness, difficulty breathing or swallowing', 'frequent, urgent, or painful urination', 'fast, irregular, or pounding heartbeat']"
610021,Levonorgestrel,"['heavier or lighter than usual menstrual bleeding', 'spotting or bleeding between menstrual periods', 'nausea', 'vomiting', 'diarrhea', 'tiredness', 'headache', 'dizziness', 'breast pain or tenderness', 'severe lower abdominal pain (3 to 5 weeks after taking levonorgestrel)']"
682569,Methyclothiazide,"['frequent urination', 'stomach pain', 'upset stomach', 'constipation', 'diarrhea', 'loss of appetite', 'headache', 'blurred vision', 'dry mouth; thirst; nausea; vomiting; weakness, tiredness; drowsiness; restlessness; confusion; muscle weakness, pain, or cramps; fast heartbeat and other signs of dehydration and electrolyte imbalance', 'yellowing of the eyes and skin', 'fever', 'blisters or peeling skin', 'difficulty breathing or swallowing', 'rash', 'itching', 'hives']"
682550,Ethambutol,"['loss of appetite', 'upset stomach', 'vomiting', 'numbness and tingling in the hands or feet', 'blurred vision', 'inability to see the colors red and green', 'sudden changes in vision', 'skin rash', 'itching']"
618021,Penicillamine,"['loss of appetite', 'change in the way things taste', 'nausea', 'vomiting', 'diarrhea', 'abdominal pain', 'wrinkling of skin', 'nail changes', 'rash, itching, hives, shedding skin, fever, joint pain, or swollen lymph nodes', 'painful or itchy blisters and sores on the skin, mouth, and genitals', 'fever, sore throat, chills, unusual bleeding or bruising', 'shortness of breath, unexplained cough or wheezing', 'foamy or pink, red, brown, or bloody urine', 'muscle weakness, drooping eyelids, or double vision']"
621049,Odevixibat,"['stomach pain', 'vomiting', 'decreased weight', 'yellow eyes or skin; loss of appetite; dark urine; or pain or discomfort in right upper stomach area', 'extreme thirst, dry mouth and/or skin, sunken eyes, or fast heartbeat', 'diarrhea', 'unusual bleeding or bruising; bleeding gums; bloody, black, or tarry stools; or vomiting blood or vomit that looks like coffee grounds']"
697037,Azithromycin,"['nausea', 'diarrhea', 'vomiting', 'stomach pain', 'headache', 'fast, pounding, or irregular heartbeat', 'dizziness', 'fainting', 'rash with or without a fever', 'blisters or peeling', 'fever and pus-filled, blister-like sores, redness, and swelling of the skin', 'hives', 'itching', 'wheezing or difficulty breathing or swallowing', 'swelling of the face, throat, tongue, lips, eyes, hands, feet, ankles, or lower legs', 'hoarseness', 'vomiting or irritability while feeding (in infants less than 6 weeks old)', 'severe diarrhea (watery or bloody stools) that may occur with or without fever and stomach cramps (may occur up to 2 months or more after your treatment)', 'yellowing of the skin or eyes', 'extreme tiredness', 'unusual bleeding or bruising', 'lack of energy', 'loss of appetite', 'pain in the upper right part of the stomach', 'flu-like symptoms', 'dark-colored urine', 'unusual muscle weakness or difficulty with muscle control', 'pink and swollen eyes']"
682053,Lorazepam,"['drowsiness', 'dizziness', 'weakness', 'unsteadiness', 'rash; hives; itching; swelling of the face, eyes, or mouth; wheezing; or shortness of breath', 'yellowing of skin or eyes']"
698013,Ropinirole,"['nausea, vomiting', 'heartburn or gas', 'decrease in appetite', 'weakness', 'headache', 'sweating or flushing', 'confusion', 'swelling of thefeet, ankles, or lower legs', 'hallucinations (seeing things or hearing voices that do not exist); feeling unusually suspicious of others; confusion; aggressive or unfriendly behavior; agitation; having strange thoughts or beliefs that have no basis in reality', 'fainting, dizzy, lightheaded', 'slow, fast, or irregular heartbeat', 'rash; itching; hives; swelling of the face, lips, mouth, tongue, or throat; swelling of the face, lips, mouth, tongue, or throat; shortness of breath; difficulty swallowing or breathing']"
613039,Ospemifene,"['hot flashes or flushes', 'vaginal discharge', 'muscle spasms', 'increased sweating', 'hives, rash; itching; hoarseness; difficulty swallowing or breathing; or swelling of the face, throat, tongue, lips or eyes']"
692009,Aldesleukin,"['nausea', 'vomiting', 'diarrhea', 'loss of appetite', 'sores in the mouth and throat', 'tiredness', 'weakness', 'dizziness', 'general feeling of being unwell', 'pain or redness at the place where the injection was given', 'seizures', 'chest pain', 'extreme worry', 'abnormal excitement or agitation', 'new or worsening depression', 'seeing things or hearing voices that do not exist (hallucinating)', 'changes in your vision or speech', 'loss of coordination', 'decreased alertness', 'unusual bruising or bleeding', 'extreme sleepiness or tiredness', 'difficulty breathing', 'wheezing', 'stomach pain', 'yellowing of the skin or eyes', 'decreased urination', 'rash', 'hives', 'itching', 'difficulty breathing or swallowing']"
682756,Acetazolamide,"['upset stomach', 'vomiting', 'loss of appetite', 'numbness and tingling', 'increased thirst and urination', 'drowsiness', 'headache', 'confusion', 'fever', 'rash', 'blood in urine', 'painful urination', 'yellowing of the skin or eyes', 'seizures', 'sore throat', 'unusual bleeding or bruising']"
616005,Osimertinib,"['diarrhea', 'constipation', 'stomach pain', 'rash', 'itching', 'dry or cracking skin', 'eczema', 'nausea', 'vomiting', 'loss of appetite', 'swelling or sores in the mouth', 'bone, muscle, joint, or back pain', 'headache', 'nail changes including swelling, redness, pain, splitting, breaking, and separation or loss from nailbed', 'tiredness', 'darkening of the skin', 'hair loss', 'fast or pounding heartbeat; shortness of breath; swelling of ankles or feet; or feeling lightheaded, dizzy, or faint', 'fever; new or worsening shortness of breath, difficulty breathing, or cough', 'rash, skin blisters, or skin peeling', 'purple spots, redness, or hives on arms, lower legs, buttocks, or trunk (torso)', 'chest pain', 'swollen, red, teary or painful eyes; sensitivity to light; or vision changes', 'new or persistent fever, bruising or bleeding, pale skin, unusual tiredness or weakness, or any signs of an infection']"
686002,Gemfibrozil,"['stomach pain', 'heartburn', 'muscle pain, tenderness, or weakness', 'blurred vision']"
684004,Triazolam,"['drowsiness', 'dizziness', 'lightheadedness', 'headache', 'problems with coordination', 'nervousness', 'tingling of the skin', 'nausea', 'vomiting', 'rash', 'hives', 'itching', 'swelling of the eyes, face, lips, tongue, or throat', 'feeling that the throat is closing', 'difficulty breathing or swallowing', 'hoarseness']"
601237,Eprosartan,"['excessive tiredness', 'stomach pain', 'joint pain', 'swelling of the face, throat, tongue, lips, eyes, hands, feet, ankles, or lower legs', 'hoarseness', 'difficulty breathing or swallowing']"
617029,Telotristat,"['nausea', 'headache', 'depression', 'swelling of your hands, feet, or legs', 'gas', 'decreased appetite', 'fever', 'constipation', 'abdominal pain', 'rash or itching', 'swelling around the lips or eyes, difficulty breathing']"
619003,Gilteritinib,"['joint or muscle pain', 'extreme tiredness', 'nausea', 'vomiting', 'diarrhea', 'mouth sores', 'change in the ability to taste food', 'headache', 'loss of appetite', 'difficulty falling asleep or staying asleep', 'seizures; headache; decreased alertness; confusion; or vision changes', 'fast, pounding, or irregular heartbeat; fainting; loss of consciousness; or seizures', 'ongoing pain that begins in the stomach area but may spread to the back that may occur with or without nausea and vomiting']"
682579,Methocarbamol,"['drowsiness', 'dizziness', 'upset stomach', 'blurred vision', 'fever', 'black, blue, or green discoloration of urine', 'rash', 'itching']"
624047,Deuruxolitinib,"['acne', 'weight gain', 'headache', 'runny nose, sneezing, sore throat, or congestion', 'stomach pain, especially if it comes along with fever, chills, nausea or vomiting', 'shortness of breath, tiredness, weakness, or pale skin']"
693024,Bisoprolol,"['headache', 'dizziness', 'excessive tiredness', 'weakness', 'nausea, vomiting, diarrhea', 'muscle or joint pain', 'dry mouth', 'difficulty falling asleep or staying asleep', 'shortness of breath', 'swelling of the hands, feet, ankles, or lower legs', 'unusual weight gain', 'fainting', 'chest pain']"
686003,Guanabenz,"['dry mouth', 'drowsiness', 'dizziness', 'weakness', 'headache', 'decreased sexual ability', 'upset stomach', 'fainting', 'increased or decreased heartbeat', 'irregular heartbeat', 'swollen ankles or feet']"
621025,Ponesimod,"['dizziness', 'pain in hands or feet', 'slow heartbeat', 'sore throat, shortness of breath, body aches, fever, burning with urination, chills, cough, and other signs of infection during treatment and for up to 1 to 2 weeks after your final dose', 'headache, neck stiffness, fever, sensitivity to light, nausea, or confusion during treatment and for up to 1 to 2 weeks after your final dose', 'weakness on one side of the body or clumsiness of the arms or legs that worsens over time; changes in your thinking, memory, or balance; confusion or personality changes; or loss of strength', 'blurriness, shadows, or a blind spot in the center of your vision; sensitivity to light; unusual color to your vision or other vision problems', 'nausea, vomiting, loss of appetite, abdominal pain, yellowing of skin or eyes, or dark urine', 'new or worsening shortness of breath']"
693009,Rifabutin,"['nausea', 'heartburn', 'burping', 'gas', 'diarrhea', 'abdominal pain', 'altered sense of taste', 'rash', 'muscle pain', 'watery or bloody stools, stomach cramps, or fever during treatment or for up to two or more months after stopping treatment', 'rash, hives, difficulty breathing or swallowing,swelling of the face, throat, tongue, lips, or eyes,hoarseness, pink eye, or flu like symptoms', 'eye redness, pain, blurred vision or other vision changes', 'cough that lasts a long time, coughing up blood, chest pain, unexplained weight loss, extreme tiredness, fever, night sweats, chills, and loss of appetite.', 'unusual bruising or bleeding']"
682172,Fluphenazine,"['nausea, loss of appetite', 'weakness or tiredness', 'excitement or anxiety, nightmares', 'dry mouth', 'breast enlargement or discharge', 'late or missed menstrual period', 'decreased sexual ability', 'dizziness, feeling unsteady, or having trouble keeping your balance', 'problems urinating', 'uncontrollable movements of the face, mouth, jaw, or other body parts', 'tongue that sticks out of the mouth, fine, worm-like tongue movements', 'problems with coordination, falling down', 'fever, chills, sore throat, or flu-like symptoms', 'rash, itching, redness, hives, difficulty breathing or swallowing', 'yellowing of the skin or eyes', 'changes in vision', 'fever; stiff muscles; sweating; confusion; sweating; or fast, pounding, or irregular\r\nheartbeat']"
621052,Atogepant,"['nausea', 'constipation', 'decreased appetite', 'fatigue', 'sleepiness']"
611016,Lurasidone,"['dizziness, feeling unsteady, or having trouble keeping your balance', 'anxiety, restlessness', 'weakness', 'tiredness', 'slow movements or shuffling walk', 'nausea, vomiting,', 'breast enlargement or discharge', 'late or missed menstrual period', 'decreased sexual ability', 'seizures', 'difficulty swallowing or breathing; hoarseness; difficulty swallowing or breathing; swelling of the face, throat, tongue, lips, eyes, hands, feet, ankles, or lower legs', 'shortness of breath', 'sore throat, fever, cough, chills, and other signs of infection', 'fever, sweating, confusion, fast or irregular heartbeat, and severe muscle stiffness', 'unusual movements of your face or body that you cannot control', 'falling down']"
682587,Pyridoxine,"['upset stomach', 'headache', 'sleepiness', 'tingling, prickling, burning, or sensation of tightness of the hands and feet']"
682003,Megestrol,"['impotence', 'decreased sexual desire', 'unexpected vaginal bleeding', 'difficulty falling asleep or staying asleep', 'gas', 'rash', 'nausea', 'vomiting', 'dizziness', 'weakness', 'blurred vision', 'extreme thirst', 'frequent urination', 'extreme hunger', 'leg pain', 'difficulty breathing', 'sharp, crushing chest pain or heaviness in chest', 'slow or difficult speech', 'weakness or numbness of an arm or leg']"
608010,Desmopressin,"['diarrhea', 'abnormal thinking', 'nausea', 'vomiting', 'loss of appetite', 'weight gain', 'headache', 'irritability', 'restlessness', 'extreme tiredness', 'confusion', 'slowed reflexes', 'muscle weakness, spasms, or cramps', 'hallucinations (seeing things or hearing voices that do not exist)', 'seizures', 'loss of consciousness for a period of time']"
682231,Phenazopyridine,"['headache', 'dizziness', 'upset stomach', 'yellowing of the skin or eyes', 'fever', 'confusion', 'skin discoloration (blue to bluish-purple)', 'shortness of breath', 'skin rash', 'sudden decrease in the amount of urine', 'swelling of the face, fingers, feet, or legs']"
624055,Vorasidenib,"['tiredness', 'headache', 'muscle or joint pain', 'diarrhea', 'nausea', 'seizures', 'lack of energy, tiredness or weakness, loss of appetite, dark urine, yellowing of your skin or eyes, flu-like symptoms, pain in the upper right part of your stomach']"
617002,Rucaparib,"['nausea, vomiting, diarrhea,', 'constipation', 'stomach pain', 'loss of appetite', 'bad taste in the mouth', 'mouth sores', 'weakness, tiredness, fever, weight loss, easy bruising or bleeding, or blood in urine or stool', 'pale skin, shortness of breath', 'rash']"
604002,Alfuzosin,"['tiredness', 'headache', 'runny or stuffy nose', 'pain', 'stomach pain', 'heartburn', 'constipation', 'nausea', 'decrease in sexual ability', 'sore throat, fever, chills, cough and other signs of infection', 'rash', 'swelling of the face, throat, tongue, lips, eyes, hands, feet, ankles, or lower legs', 'hoarseness', 'difficulty swallowing or breathing', 'chest pain', 'fainting']"
682398,Procainamide,"['dizziness or lightheadedness', 'loss of appetite', 'upset stomach', 'vomiting', 'bitter taste', 'irregular heartbeat']"
617033,Midostaurin,"['nausea', 'vomiting', 'diarrhea', 'headache', 'nosebleeds', 'tiredness', 'weakness', 'dizziness', 'constipation', 'hemorrhoids', 'increased sweating', 'stomach pain', 'white patches or sores on the lips or in the mouth and throat', 'swelling of the hands, feet, ankles, or lower legs', 'back, bone, joint, limb, or muscle pain', 'difficulty falling asleep or staying asleep', 'fever, cough, sore throat, chills, and other signs of infection', 'rapid, irregular, or pounding heartbeat', 'shortness of breath', 'chest pain', 'flushing', 'swelling of the lips, tongue, or throat', 'difficulty breathing or swallowing', 'hives', 'rash', 'itching', 'new or worsening cough', 'wheezing', 'vomiting blood or vomiting material that looks like coffee grounds', 'unusual bleeding or bruising', 'burning or pain when urinating']"
682848,Vinblastine,"['constipation', 'nausea', 'vomiting', 'loss of appetite or weight', 'stomach pain', 'diarrhea', 'headache', 'dizziness', 'jaw pain, bone pain, and other aches', 'hair loss', 'fever, sore throat, chills, or other signs of infection', 'unusual bleeding or bruising', 'sores in the mouth', 'unusual tiredness or weakness', 'pain, numbness, burning, or tingling in the hands or feet', 'difficulty walking or unsteady walking', 'difficulty breathing', 'hearing loss', 'seizures', 'chest pain']"
692044,Amlodipine,"['swelling of the hands, feet, ankles, or lower legs', 'nausea', 'stomach pain', 'dizziness or lightheadedness', 'drowsiness', 'excessive tiredness', 'flushing', 'muscle stiffness or tremors', 'more frequent or more severe chest pain', 'rapid, pounding, or irregular heartbeat', 'fainting']"
697042,Carvedilol,"['diarrhea', 'fainting', 'shortness of breath', 'weight gain', 'swelling of the arms, hands, feet, ankles, or lower legs', 'chest pain', 'slow or irregular heartbeat', 'rash, hives, itching, difficulty breathing or swallowing, or swelling of the face, lips, tongue, or throat']"
696013,Riluzole,"['weakness', 'dizziness', 'dry mouth', 'mouth numbness', 'difficulty falling asleep or staying asleep', 'drowsiness', 'swelling of the hands, feet, ankles, or lower legs', 'fast heart rate', 'hives', 'rash', 'itching', 'difficulty breathing or swallowing', 'dry cough', 'nausea', 'stomach pain', 'vomiting', 'extreme tiredness', 'unusual bleeding or bruising', 'loss of appetite', 'pain in the upper right part of the stomach', 'yellowing of the skin or eyes', 'dark urine', 'fever, chills, cough, or other signs of infection', 'muscle or joint pain', 'headache']"
682608,Minoxidil,"['increase in size or darkness of fine body hair', 'breast tenderness', 'headache', 'nausea', 'vomiting', 'rash', 'fast heartbeat', 'swollen ankles or feet', 'unexplained weight gain', 'difficulty breathing', 'dizziness', 'fainting']"
610006,Tapentadol,"['headache', 'heartburn', 'stomach pain', 'dry mouth', 'excessive tiredness', 'anxiety', 'drowsiness', 'difficulty falling asleep or staying asleep', 'abnormal dreams', 'irritability', 'sudden feeling of warmth', 'seizures', 'agitation, hallucinations (seeing things or hearing voices that do not exist), fever, sweating, confusion, fast heartbeat, shivering, severe muscle stiffness or twitching, loss of coordination, or diarrhea', 'nausea, vomiting, loss of appetite, weakness, or dizziness', 'inability to get or keep an erection', 'irregular menstruation', 'decreased sexual desire', 'rash', 'itching', 'hives', 'swelling of the eyes, face, lips, tongue, or throat', 'hoarseness', 'difficulty breathing or swallowing', 'chest pain', 'feeling lightheaded when you change positions', 'feeling faint', 'loss of consciousness', 'feeling overheated', 'heavy sweating', 'worsening pain, increased sensitivity to pain, or new pain, especially after taking tapentadol']"
682162,Orphenadrine,"['dry mouth', 'drowsiness', 'dizziness or lightheadedness', 'upset stomach', 'vomiting', 'constipation', 'difficulty urinating', 'blurred vision', 'headache', 'fast or irregular heartbeat', 'fainting', 'confusion', 'hallucinations', 'skin rash']"
682078,Chlordiazepoxide,"['drowsiness', 'dizziness', 'tiredness', 'weakness', 'dry mouth', 'diarrhea', 'upset stomach', 'changes in appetite', 'restlessness or excitement', 'constipation', 'difficulty urinating', 'frequent urination', 'blurred vision', 'changes in sex drive or ability', 'shuffling walk', 'persistent, fine tremor or inability to sit still', 'fever', 'difficulty breathing or swallowing', 'severe skin rash', 'yellowing of the skin or eyes', 'irregular heartbeat']"
609016,Milnacipran,"['nausea, stomach pain, vomiting', 'constipation', 'weight loss', 'dry mouth', 'feeling of extreme facial warmth and/or redness', 'headache', 'sexual problems in males; decreased sex drive, inability to get or keep an erection, or delayed or absent ejaculation', 'sexual problems in females; decreased sex drive, or delayed orgasm or unable to have an orgasm', 'fever, sweating, confusion, fast or irregular heartbeat, severe muscle stiffness or twitching, agitation, hallucinations, loss of coordination, nausea, vomiting, or diarrhea', 'headache; unsteadiness; problems with thinking, concentration, or memory problems', 'seizures', 'coma (loss of consciousness for a period of time)', 'fast or irregular heartbeat', 'greatly increased energy, severe trouble sleeping, racing thoughts, reckless behavior, unusually grand ideas, excessive happiness or irritability, talking more or faster than usual', 'pain in the upper right part of the stomach, yellowing of the skin or eyes, dark colored urine', 'unusual bleeding or bruising', 'decreased urination, unable to pass urine']"
617043,Benznidazole,"['headache', 'dizziness', 'stomach pain', 'nausea', 'vomiting', 'diarrhea', 'loss of appetite', 'weight loss', 'uncontrollable shaking of a part of the body', 'rash', 'swollen, red, peeling, or blistering skin', 'hives', 'itching', 'red- or purple-colored skin spots', 'fever', 'swollen lymph nodes', 'numbness, pain, burning, or tingling in your hands or feet']"
617008,Ribociclib,"['diarrhea', 'constipation', 'nausea', 'vomiting', 'stomach pain', 'headache', 'hair loss', 'back pain', 'itching', 'mouth sores', 'swelling of the hands, feet, ankles, or lower legs', 'difficulty falling asleep or staying asleep', 'fever, sore throat, chills, or other signs of infection', 'rash', 'blistering or peeling of the skin', 'burning or blistering of the lips, eyes, or mouth', 'rapid, irregular, or pounding heartbeat', 'difficulty breathing or shortness of breath; cough with or without mucus; or chest pain', 'dizziness', 'fainting', 'yellowing of the skin or eyes', 'dark or brown (tea-colored) urine', 'tiredness', 'loss of appetite', 'pain in upper right side of stomach', 'bleeding or bruising more easily than normal']"
601083,Naratriptan,"['weakness, tiredness, dizziness', 'upset stomach, nausea', 'feeling warm or cold', 'tightness, pain, pressure, or heaviness in the chest, throat, neck, or jaw', 'rapid, pounding, or irregular heartbeat', 'shortness of breath', 'breaking out in a cold sweat', 'lightheadedness', 'weakness or numbness or an arm or leg', 'slow or difficult speech', 'difficulty breathing or swallowing', 'swelling of the face, throat, tongue, lips, eyes, hands, feet, ankles, or lower legs', 'hoarseness', 'hives, rash, itching', 'sudden or severe stomach pain', 'bloody diarrhea', 'constipation', 'vomiting', 'paleness or blue color of fingers or toes', 'pain, burning, or tingling in the hands or feet']"
612007,Vandetanib,"['nausea', 'vomiting', 'heartburn', 'loss of appetite', 'stomach pain', 'runny nose, congestion, or sore throat', 'unusual tiredness or weakness', 'depression', 'nail problems or changes', 'hair loss', 'change in  sense of taste', 'diarrhea', 'rash; acne; dry, peeling, itchy skin; blisters or sores on the skin or in the mouth; redness of the face, hands, or soles of the feet; fever; or muscle or joint aches', 'chest pain (which may get worse with deep breaths or cough), cough, shortness of breath, or fever', 'swelling of the hands, feet, ankles, or lower legs; shortness of breath; or sudden weight gain', 'numbness or weakness of the face, arm, or leg, especially on one side of the body; sudden confusion, trouble speaking, or understanding; sudden trouble seeing in one or both eyes; sudden trouble walking, dizziness, or loss of balance or coordination; or sudden severe headache', 'seizures; headaches; confusion; problems thinking; or vision changes', 'unusual bruising or bleeding', 'painful or swollen gums, jaw pain, or loose teeth']"
604025,Protriptyline,"['nausea', 'vomiting', 'diarrhea', 'loss of appetite', 'weight changes', 'unusual taste in the mouth', 'stomach pain or cramps', 'heartburn', 'dry mouth', 'constipation', 'drowsiness', 'dizziness', 'nightmares', 'headaches', 'frequent urination, especially at night', 'difficulty urinating', 'wide pupils', 'changes in sex drive or ability', 'breast enlargement in men and women', 'unsteadiness', 'ringing in ears', 'hair loss', 'flushing', 'sweating', 'black tongue', 'slow or difficult speech', 'weakness or numbness of an arm or a leg', 'crushing chest pain', 'rapid, pounding, or irregular heartbeat', 'rash or hives', 'itching', 'swelling of the face or tongue', 'yellowing of the skin or eyes', 'jaw, neck, and back muscle spasms', 'uncontrollable shaking of a part of the body', 'fainting', 'difficulty walking', 'unusual bleeding or bruising', 'seizures', 'confusion', 'hallucination (seeing things or hearing voices that do not exist)', 'believing things that are not true', 'fever', 'pain, burning, or tingling in the hands or feet']"
601079,Miglitol,"['shakiness', 'dizziness or lightheadedness', 'sweating', 'nervousness or irritability', 'sudden changes in behavior or mood', 'headache', 'numbness or tingling around the mouth', 'weakness', 'pale skin', 'hunger', 'clumsy or jerky movements', 'confusion', 'seizures', 'loss of consciousness', 'extreme thirst', 'frequent urination', 'extreme hunger', 'weakness', 'blurred vision', 'dry mouth', 'upset stomach and vomiting', 'shortness of breath', 'breath that smells fruity', 'decreased consciousness', 'gas', 'diarrhea', 'stomach pain', 'skin rash']"
684031,Atenolol,"['dizziness', 'lightheadedness', 'tiredness', 'depression', 'nausea, diarrhea', 'rash', 'dry eyes', 'shortness of breath', 'wheezing', 'swelling of the hands, feet, ankles, or lower legs', 'unusual weight gain', 'fainting', 'rapid, pounding, or irregular heartbeat']"
601122,Triamcinolone,"['upset stomach', 'stomach irritation', 'vomiting', 'headache', 'dizziness', 'insomnia', 'restlessness', 'depression', 'anxiety', 'acne', 'increased hair growth', 'easy bruising', 'irregular or absent menstrual periods', 'skin rash', 'swollen face, lower legs, or ankles', 'vision problems', 'cold or infection that lasts a long time', 'muscle weakness', 'black or tarry stool']"
611049,Rivaroxaban,"['muscle spasm or pain in arms or legs', 'vomiting, stomach pain', 'cough', 'bloody, black, or tarry stools; pink or brown urine; coughing or vomiting blood or material that looks like coffee grounds; frequent nosebleeds; bleeding gums; heavy menstrual bleeding', 'weakness, tiredness; headache; dizziness or fainting; blurred vision; pain in arm or leg', 'rash, itching, hives; difficulty breathing or swallowing', 'pain or swelling at wound sites', 'urinating less than normal', 'swelling in your legs, feet, or ankles']"
694007,Gabapentin,"['drowsiness', 'tiredness or weakness', 'dizziness', 'headache', 'uncontrollable shaking of a part of your body', 'double or blurred vision', 'unsteadiness', 'anxiety', 'memory problems', 'strange or unusual thoughts', 'unwanted eye movements', 'nausea', 'vomiting', 'heartburn', 'diarrhea', 'dry mouth', 'constipation', 'increased appetite', 'weight gain', 'swelling of the hands, feet, ankles, or lower legs', 'back or joint pain', 'fever', 'runny nose, sneezing, cough, sore throat, or flu-like symptoms', 'ear pain', 'red, itchy eyes (sometimes with swelling or discharge)', 'rash', 'itching', 'swelling of the face, throat, tongue, lips, or eyes', 'hoarseness', 'difficulty swallowing or breathing', 'seizures', 'difficulty breathing; bluish-tinged skin, lips, or fingernails; confusion; or extreme sleepiness']"
623043,Cetirizine,"['drowsiness', 'excessive tiredness', 'dry mouth', 'rash, difficulty breathing or swallowing']"
604004,Emtricitabine,"['headache', 'weakness, tiredness', 'dizziness', 'change in skin color, especially on the palms of the hands or the soles of the feet', 'abdominal pain', 'diarrhea', 'nausea', 'unusual dreams', 'depression', 'difficulty falling asleep or staying asleep', 'numbness, burning, or tingling in the hands, arms, feet, or legs', 'runny nose', 'fever, chills, sore throat, cough, or other signs of infection', 'rash', 'nausea; vomiting; loss of appetite; pain in upper right part of stomach; dark yellow or brown urine; light-colored bowel movements; yellowing of skin or eyes', 'weakness; extreme tiredness; fast breathing; shortness of breath; feeling cold, especially in the arms or legs; muscle pain; dizziness or lightheadedness; fast or abnormal heartbeat']"
612008,Clobazam,"['tiredness', 'problems with coordination', 'difficulty speaking or swallowing', 'drooling', 'change in appetite', 'vomiting', 'constipation', 'cough', 'joint pain', 'difficult, painful, or frequent urination', 'cough, difficulty breathing, fever', 'sores in your mouth, rash, hives, peeling or blistering skin', 'fever']"
695020,Lansoprazole,"['constipation', 'nausea', 'headache', 'dizziness', 'diarrhea', 'in men, difficulty achieving or maintaining an erection', 'rash; hives; itching; swelling of the eyes, face, lips, mouth, throat, or tongue; difficulty breathing or swallowing; hoarseness', 'blistering, peeling, or bleeding skin; sores on the lips, nose, mouth, or genitals; swollen glands; shortness of breath; fever; flu-like symptoms', 'increased or decreased urination, blood in urine, fatigue, nausea, loss of appetite, fever, rash, or joint pain', 'irregular, fast, or pounding heartbeat; muscle spasms; uncontrollable shaking of a part of the body; excessive tiredness; lightheadedness; dizziness; or seizures', 'severe diarrhea with watery stools, stomach pain, or fever that does not go away', 'new or worsening joint pain; rash on cheeks or arms that is sensitive to sunlight']"
697038,Loratadine,"['headache', 'drowsiness', 'tiredness', 'rash, hives, itching,Â\xa0difficulty breathing or swallowing, or swelling of the eyes, face, lips, tongue, throat']"
696015,Acarbose,"['shakiness', 'dizziness or lightheadedness', 'sweating', 'nervousness or irritability', 'sudden changes in behavior or mood', 'headache', 'numbness or tingling around the mouth', 'weakness', 'pale skin', 'hunger', 'clumsy or jerky movements', 'confusion', 'seizures', 'loss of consciousness', 'extreme thirst', 'frequent urination', 'extreme hunger', 'weakness', 'blurred vision', 'dry mouth', 'upset stomach and vomiting', 'shortness of breath', 'breath that smells fruity', 'decreased consciousness']"
613030,Pomalidomide,"['constipation', 'diarrhea', 'nausea', 'vomiting', 'loss of appetite', 'weight changes', 'uncontrollable shaking of a part of the body', 'unusual sweating or night sweats', 'anxiety', 'dry skin', 'swelling of the arms, hands, feet, ankles, or lower legs', 'joint, muscle, or back pain', 'trouble falling asleep or staying asleep', 'rash', 'itching', 'hives', 'blistering and peeling skin', 'swelling of the eyes, face, tongue, throat, hands, arms, feet, ankles, or lower legs', 'difficulty breathing or swallowing', 'hoarseness', 'fever, sore throat, chills, cough, or other signs of infection', 'yellow eyes or skin', 'dark urine', 'pain or discomfort in the right upper stomach area', 'difficult, frequent, or painful urination', 'pale skin', 'unusual tiredness or weakness', 'unusual bleeding or bruising', 'nosebleed', 'numbness, burning, or tingling in the hands or feet', 'seizures']"
600035,Nevirapine,"['headache', 'diarrhea', 'stomach pain']"
605036,Isocarboxazid,"['dry mouth', 'constipation', 'diarrhea', 'weakness', 'extreme tiredness', 'forgetfulness', 'decreased sexual ability', 'frequent, painful, or difficult urination', 'headaches', 'fast or pounding heartbeat', 'chest pain', 'sweating', 'fever', 'chills', 'cold, clammy skin', 'dizziness', 'tightness in the chest or throat', 'stiff or sore neck', 'nausea', 'vomiting', 'fainting', 'blurred vision', 'sensitivity to light', 'wide pupils (black circle in the middle of the eye)', 'yellowing of the skin or eyes', 'uncontrollable shaking of a part of the body', 'sudden jerking of a part of the body', 'seizures', 'numbness, burning, or tingling in the arms or legs']"
619056,Pretomanid,"['acne', 'headache', 'heartburn', 'loss of appetite', 'weight loss', 'rash', 'itching', 'stomach pain', 'nausea', 'vomiting', 'diarrhea', 'constipation', 'dry skin', 'difficulty falling asleep or staying asleep', 'loss of appetite, nausea, yellow eyes or skin, pain in the upper right area of the stomach, or dark urine', 'pain, numbness, or weakness in hands, feet, or other parts of the body; or problems with balance', 'vision changes', 'fast or irregular heartbeat; feeling dizzy; or fainting', 'pale skin or extreme tiredness', 'repeated nausea and vomiting; fast breathing; confusion; or feeling tired', 'sudden, stabbing pain in the chest, particularly when breathing in and out']"
682077,Meprobamate,"['drowsiness', 'dizziness', 'nausea', 'vomiting', 'diarrhea', 'headache', 'vision changes', 'excitement', 'weakness', 'rash', 'itching', 'hives or skin blistering', 'difficulty breathing or swallowing', 'fever, sore throat, or chills', 'swelling of the eyes, face, lips, tongue, or throat', 'unusual bruising or bleeding', 'bloody nose', 'tiny purple-colored skin spots', 'loss of muscle coordination', 'pounding or irregular heartbeat']"
699062,Ziprasidone,"['headache', 'restlessness', 'anxiety', 'lack of energy', 'constipation', 'diarrhea', 'loss of appetite', 'muscle pain', 'stomach pain', 'runny nose', 'cough', 'weight gain', 'breast enlargement or discharge', 'late or missed menstrual period', 'decreased sexual ability', 'dizziness, feeling unsteady, or having trouble keeping your balance', 'unusual movements of your face or body that you cannot control', 'fast, irregular, or pounding heartbeat; dizziness; or fainting', 'rash,  hives, or itching', 'blisters or peeling of skin, mouth sores, swollen glands, or fever', 'falling', 'painful erection of the penis that lasts for hours', 'agitation, fever, sweating, confusion, loss of consciousness, fast or irregular heartbeat, shivering or shaking, severe muscle stiffness or twitching, hallucinations, loss of coordination, nausea, vomiting, or diarrhea']"
699040,Oseltamivir,"['nausea', 'vomiting', 'stomach pain', 'diarrhea', 'headache', 'rash, hives, or blisters on the skin', 'mouth sores', 'itching', 'swelling of the face or tongue', 'difficulty breathing or swallowing', 'hoarseness', 'confusion', 'speech problems', 'shaky movements', 'hallucinations (seeing things or hearing voices that do not exist)']"
601099,Potassium,"['upset stomach', 'vomiting', 'diarrhea', 'mental confusion', 'listlessness', 'tingling, prickling, burning, tight, or pulling sensation of arms, hands, legs, or feet', 'heaviness or weakness of legs', 'cold, pale, gray skin', 'stomach pain', 'unusual stomach bulging', 'black stools']"
613044,Afatinib,"['cracking or swelling of the lips or sores in the corners of the mouth', 'dry skin or itching', 'loss of appetite', 'nail infection', 'acne', 'nose bleeds', 'diarrhea', 'dry mouth, dark urine, decreased sweating, dry skin, and other signs of dehydration', 'decreased urination', 'swelling of the arms, hands, feet, ankles, or lower legs', 'rash', 'pain, redness, peeling, or blistering of skin', 'difficulty breathing', 'shortness of breath', 'rapid, irregular, or pounding heartbeat', 'sudden weight gain', 'cough', 'fever', 'excessive tiredness', 'pain in the right upper part of the stomach', 'unusual bruising or bleeding', 'nausea', 'vomiting', 'yellowing of the skin or eyes', 'dark urine', 'red, swollen, painful, or teary eyes', 'sudden changes in vision, including blurred vision', 'sensitivity to light']"
601245,Oxcarbazepine,"['fast, repeating eye movements that you cannot control', 'diarrhea', 'constipation', 'heartburn', 'stomach pain', 'nausea', 'vomiting', 'loss of appetite', 'changes in the way food tastes', 'dry mouth', 'thirst', 'weight gain', 'headache', 'shaking of a part of the body that you cannot control; difficulty coordinating movements; falling down', 'slowed movements or thoughts; forgetfulness, difficulty concentrating, and speech problems', 'back, arm, or leg pain', 'muscle weakness or sudden tightness', 'increased sweating', 'swelling, redness, irritation, burning, or itching of the vagina, white vaginal discharge', 'rash; hives; swelling of the face, throat, tongue, lips, eyes, hands, feet, ankles, or lower legs: or difficulty swallowing or breathing', 'nausea, headache, lack of energy, confusion, or seizures that last longer or happen more often than in the past', 'peeling, blistering, or shedding skin', 'rash; hives; sores in mouth or around eyes; fever; extreme tiredness; chest pain; muscle weakness or pain; swelling of the face, neck, groin, or underarm area; yellowing of the skin or eyes; unusual bleeding or bruising; bloody, cloudy, increased, decreased, or painful urination', 'sore throat, cough, chills, and other signs of infection']"
681027,Indomethacin,"['headache', 'dizziness', 'vomiting', 'diarrhea', 'constipation', 'ringing in the ears', 'unexplained weight gain', 'shortness of breath or difficulty breathing', 'swelling in the abdomen, ankles, feet, or legs', 'fever, rash, lymph node swelling, or facial swelling', 'fever', 'blisters', 'rash', 'itching', 'hives', 'swelling of the eyes, face, tongue, lips, throat, or hands', 'difficulty breathing or swallowing', 'hoarseness', 'pale skin', 'fast heartbeat', 'excessive tiredness', 'unusual bleeding or bruising', 'lack of energy', 'nausea', 'loss of appetite', 'pain in the upper right part of the stomach', 'flu-like symptoms', 'yellowing of the skin or eyes', 'cloudy, discolored, or bloody urine', 'back pain', 'difficult or painful urination', 'blurred vision or other problems with sight']"
620035,Ripretinib,"['muscle or joint pain', 'hair loss', 'dry or itchy skin', 'weakness', 'nausea', 'vomiting', 'stomach pain', 'constipation', 'diarrhea', 'mouth sores or ulcers', 'headache', 'weight loss', 'loss of appetite', 'muscle spasms', 'fatigue', 'numbness or tingling in the hands, feet, arms, or legs', 'redness, pain, blisters, bleeding, or swelling on hands or feet; or rash', 'new wart', 'changes in skin appearance', 'skin sore or red bump that bleeds or does not heal', 'change in size or color of a mole', 'tiredness; swelling of stomach, legs, or ankles; shortness of breath; or neck veins sticking out']"
604003,Aprepitant,"['weakness', 'tiredness', 'dizziness', 'diarrhea', 'constipation', 'gas', 'stomach pain', 'heartburn', 'nausea', 'hiccups', 'loss of appetite', 'headache', 'fever', 'hair loss', 'hives', 'rash', 'itching', 'skin peeling or blisters', 'difficulty breathing or swallowing']"
607067,Armodafinil,"['headache', 'dizziness', 'difficulty falling asleep or staying asleep', 'difficulty concentrating or paying attention', 'uncontrollable shaking of a part of the body', 'numbness, burning, or tingling of the hands or feet', 'nausea', 'vomiting', 'heartburn', 'stomach pain', 'constipation', 'diarrhea', 'loss of appetite', 'thirst', 'dry mouth', 'sweating', 'frequent urination', 'rash', 'blisters', 'peeling skin', 'mouth sores', 'hives', 'itching', 'swelling of the eyes, face, lips, tongue, throat, hands, arms, feet, ankles, or lower legs', 'hoarseness', 'difficulty breathing or swallowing', 'weakness', 'chest pain', 'pounding or irregular heartbeat', 'frenzied, abnormally excited mood', 'hallucinating (seeing things or hearing voices that do not exist)', 'anxiety', 'depression', 'thinking about killing or harming yourself']"
695011,Tramadol,"['sleepiness', 'headache', 'nervousness', 'uncontrollable shaking of a part of the body', 'changes in mood', 'heartburn or indigestion', 'dry mouth', 'hives', 'rash', 'blisters', 'hoarseness', 'difficulty swallowing or breathing', 'chest pain', 'swelling of the eyes, face, throat, tongue, lips, hands, feet, ankles, or lower legs', 'agitation, hallucinations (seeing things or hearing voices that do not exist), fever, sweating, confusion, fast heartbeat, shivering, severe muscle stiffness or twitching, loss of coordination, or diarrhea', 'nausea, vomiting, loss of appetite, fatigue, weakness, or dizziness', 'changes in heartbeat', 'headache, confusion, loss of energy, drowsiness, restlessness, muscle weakness, spasms or cramps', 'hunger, shaking of a part of your body that you cannot control, irritability, or difficulty concentrating', 'loss of consciousness', 'seizures']"
612028,Ezogabine,"['problems with coordination, balance, or walking', 'memory problems', 'dizziness', 'drowsiness, confusion, or trouble concentrating', 'tiredness', 'weakness', 'difficulty or inability to speak or understand speech or written language', 'feelings of numbness, tingling, pricking, burning, or creeping on the skin', 'uncontrollable shaking of a part of the body', 'abnormal color of urine', 'nausea', 'constipation', 'weight gain', 'inability to begin urinating', 'changes in color (blue) of skin, lips, or fingernails', 'pain when urinating', 'weak urine stream', 'difficulty emptying your bladder', 'blood in urine', 'difficulty thinking clearly, understanding reality, or using good judgment', 'hallucinations (seeing things or hearing voices that do not exist)']"
682706,Flavoxate,"['vomiting', 'upset stomach', 'dry mouth or throat', 'blurred vision', 'eye pain', 'increased sensitivity of your eyes to light', 'confusion (especially in the elderly)', 'skin rash', 'fast or irregular heartbeat', 'severe dizziness or drowsiness', 'sore throat with fever']"
601200,Altretamine,"['nausea', 'vomiting', 'loss of appetite', 'unusual tiredness or weakness', 'dizziness', 'pale skin', 'fainting', 'skin rash', 'itching', 'hair loss', 'fever, chills, sore throat, ongoing cough and congestion, or other signs of an infection', 'unusual bleeding or bruising', 'bloody or black, tarry stools', 'bloody vomit', 'vomited material that looks like coffee grounds', 'bleeding gums', 'small, round, red or purple colored spots on the skin']"
682063,Doxycycline,"['nausea', 'vomiting', 'diarrhea', 'loss of appetite', 'itching of the rectum', 'swelling, redness, burning, itching, or irritation of the vagina', 'vaginal discharge', 'painful or difficult urination', 'sore throat or nose', 'swollen tongue', 'dry mouth', 'anxiety', 'back pain', 'changes in color of skin, scars, nails, eyes, or mouth', 'headache', 'blurred vision, seeing double, or loss of vision', 'rash that may occur with fever or swollen glands', 'hives', 'skin redness, peeling or blistering', 'difficulty breathing or swallowing', 'swelling of the eyes, face, throat, tongue, or lips', 'unusual bleeding or bruising', 'watery or bloody stools, stomach cramps, or fever during treatment or for up to two or more months after stopping treatment', 'a return of fever, sore throat, chills, or other signs of infection', 'joint pain', 'discoloration of permanent (adult) teeth']"
615046,Brexpiprazole,"['drowsiness, tiredness', 'dizziness, feeling unsteady, or having trouble keeping your balance', 'rash, hives, itching; swelling of the eyes, face, mouth, lips, tongue, throat, hands, feet, ankles, or lower legs; difficulty breathing or swallowing', 'seizures', 'sore throat, cough, fever, chills, difficult or painful urination, or other signs of infection', 'fever, sweating, confusion, fast or irregular heartbeat, and severe muscle stiffness', 'unusual movements of your face or body that you cannot control', 'feeling unsteady, or having trouble keeping your balance, falling down', 'tightening of the neck muscles or throat, difficulty swallowing']"
682599,Danazol,"['acne', 'decrease in breast size', 'weight gain', 'oily skin or hair', 'flushing', 'sweating', 'vaginal dryness, burning, itching, or bleeding', 'nervousness', 'irritability', 'absence of menstrual cycle, spotting, or change in menstrual cycle', 'deepening of voice, hoarseness, sore throat, increase in facial hair, baldness, or swelling of the arms or legs (in women)', 'red, peeling, or blistering skin']"
682119,Thioridazine,"['drowsiness', 'blurred vision', 'dry mouth', 'nausea, vomiting, diarrhea, constipation', 'weight gain', 'darkening of the skin or eyes', 'swelling of the arms, hands, feet, ankles, or lower legs', 'unusual, slowed, or uncontrollable movements of any part of the body', 'restlessness', 'breast milk production', 'breast enlargement', 'missed menstrual periods', 'decreased sexual ability in men', 'difficulty urinating', 'fever; stiff muscles; sweating; confusion; sweating; or fast, pounding, or irregular\r\nheartbeat', 'tightness in the neck muscles or throat', 'difficulty breathing or swallowing', 'tongue that sticks out of the mouth, fine, worm-like tongue movements', 'uncontrollable, rhythmic face, mouth,  jaw, body, or arms and leg movements', 'problems with coordination, falling down', 'changes in vision, especially at night', 'yellowing of the skin and eyes', 'rash, hives', 'erection that lasts for hours']"
622025,Levoketoconazole,"['redness of the skin', 'headache', 'upset stomach or stomach pain', 'decreased appetite', 'joint or back pain', 'abnormal vaginal bleeding', 'difficulty sleeping or falling asleep', 'diarrhea', 'burning or pain on urination or frequent urination', 'difficulty paying attention', 'irritability or depressed mood', 'dry mouth', 'dry skin', 'loss of hair', 'rash; hives; itching; swelling of the eyes, face, lips, or tongue; difficulty breathing or swallowing; or chest pain', 'swelling of the arms, hands, feet, ankles, or lower legs', 'muscle cramps, weakness, fatigue, and constipation', 'nausea, vomiting, tiredness or lack of energy, abdominal pain, loss of appetite, or dizziness', 'unusual bruising or bleeding, blood in urine, nose bleeding', 'sexual problems in females: decreased sex drive, mood change', 'sexual problems in males: decreased sex drive, inability to get or keep an erection', 'breast enlargement in males']"
618050,Tafenoquine,"['nausea', 'vomiting', 'diarrhea', 'difficulty falling asleep or staying asleep', 'anxiety', 'changes in mood', 'unusual dreams', 'headache', 'vision problems, including blurred vision or sensitivity to light', 'rash', 'hives', 'swelling of the eyes, face, lips, tongue, mouth, or throat', 'difficulty breathing or swallowing', 'shortness of breath', 'hoarseness or throat tightness', 'dark colored urine', 'grey-bluish color of lips and/or skin', 'dizziness', 'confusion', 'hallucinations (seeing things or hearing voices that do not exist)', 'delusions (having strange thoughts or beliefs that have no basis in reality) such as thoughts that people are trying to harm you even if they are not', 'lightheadedness', 'yellowing of the skin or eyes']"
699001,Citalopram,"['nausea', 'drowsiness', 'sexual problems in males; decreased sex drive, inability to get or keep an erection, or delayed or absent ejaculation', 'sexual problems in females; decreased sex drive, or delayed orgasm or inability to have an orgasm', 'chest pain, shortness of breath, dizziness, fainting', 'fever, sweating, confusion, fast or irregular heartbeat, severe muscle stiffness or twitching, agitation, hallucinations, loss of coordination, nausea, vomiting, or diarrhea', 'coma (loss of consciousness)', 'rash; itching; hives or blisters; hoarseness; difficulty breathing or swallowing; swelling of the face, throat, tongue, lips, eyes, hands, feet, ankles, or lower legs', 'unusual bleeding or bruising', 'headache; unsteadiness; problems with thinking, concentration, or memory', 'seizures']"
682620,Nortriptyline,"['nausea', 'drowsiness', 'weakness or tiredness', 'excitement or anxiety', 'nightmares', 'dry mouth', 'changes in appetite or weight', 'constipation', 'difficulty urinating', 'frequent urination', 'changes in sex drive or ability', 'excessive sweating', 'jaw, neck, and back muscle spasms', 'slow or difficult speech', 'shuffling walk', 'uncontrollable shaking of a part of the body', 'fever', 'difficulty breathing or swallowing', 'rash', 'yellowing of the skin or eyes', 'irregular heartbeat']"
613048,Levomilnacipran,"['nausea, vomiting', 'constipation', 'excessive sweating', 'sexual problems in males; decreased sex drive, inability to get or keep an erection, or delayed or absent ejaculation', 'sexual problems in females; decreased sex drive, or delayed orgasm or unable to have an orgasm', 'fast heartbeat', 'rash; itching; hives; difficulty breathing or swallowing; swelling of the face, throat, tongue, lips, eyes', 'headache; unsteadiness; problems with thinking, concentration, or memory', 'agitation, fever, sweating, confusion, fast or irregular heartbeat, severe muscle stiffness or twitching, agitation, hallucinations, loss of coordination, nausea, vomiting, or diarrhea', 'seizures', 'chest pain, shortness of breath, dizziness, fainting', 'coma (loss of consciousness for a period of time)', 'abnormal bleeding or bruising', 'difficulty urinating or unable to urinate', 'rapid, pounding, or irregular heartbeat']"
623015,Velmanase alfa,"['runny nose, congestion, sneezing', 'fever', 'headache', 'joint pain']"
607005,Paliperidone,"['feeling unsteady, or having trouble keeping your balance', 'extreme tiredness, weakness', 'headache', 'dry mouth', 'increased saliva', 'weight gain', 'constipation', 'breast discharge', 'breast discharge', 'breast enlargement in males', 'decreased sexual ability', 'fever; stiff muscles; sweating; confusion; sweating; or fast, pounding, or irregular\r\nheartbeat', 'falling down', 'unusual movements of your face or body that you cannot control', 'slow or stiff movements', 'restlessness', 'painful erection of the penis that lasts for hours']"
618069,Stiripentol,"['sleepiness', 'tiredness', 'problems with coordination', 'uncontrollable shaking of a part of the body', 'loss of muscle tone', 'difficulty speaking', 'drooling', 'nausea', 'vomiting', 'changes in weight', 'cough, sore throat, fever, chills, or other signs of infection', 'unusual bruising or bleeding', 'blood in urine or stools']"
682402,Pyrazinamide,"['upset stomach', 'fatigue', 'skin rash', 'fever', 'vomiting', 'loss of appetite', 'yellowing of the skin or eyes', 'darkened urine', 'pain and swelling in the joints', 'unusual bleeding or bruising', 'difficult urination']"
607006,Exemestane,"['hot flushes', 'sweating', 'muscle or joint pain', 'tiredness', 'headache', 'dizziness', 'feeling worried or anxious', 'depression', 'difficulty falling asleep or staying asleep', 'nausea', 'vomiting', 'increased appetite', 'diarrhea', 'hair loss', 'red, itchy skin', 'changes in vision', 'swelling of the arms, hands, feet, ankles, or lower legs', 'shortness of breath', 'chest pain']"
697008,Fosfomycin,"['nausea, diarrhea', 'headache', 'vaginal itching', 'rash; itching; hives; swelling of face, tongue or lips; trouble breathing', 'watery diarrhea, abdominal pain and cramping, fever, nausea, and loss of appetite']"
687009,Amiodarone,"['constipation', 'loss of appetite', 'headache', 'decreased sex drive', 'difficulty falling asleep or staying asleep', 'flushing', 'changes in ability to taste and smell', 'changes in amount of saliva', 'rash, hives, itching, swelling of face, throat or tongue', 'weight loss or gain, restlessness, weakness, nervousness or irritability, intolerance to hear or cold, thinning of hair, excessive sweating, changes in menstrual cycle, swelling in the front of the neck (goiter), difficulty concentrating', 'numbness or tingling in the hands, legs, and feet', 'weakness, fatigue, shortness of breath, confusion, fainting, chest pain']"
601116,Sumatriptan,"['flushing', 'tingling feeling', 'feeling warm or cold', 'drowsiness, tiredness, weakness, dizziness', 'upset stomach, diarrhea', 'nausea', 'muscle cramps', 'pain, tightness, pressure, or heaviness in the chest, throat, neck, and/or jaw', 'slow or difficult speech', 'faintness', 'breaking out in a cold sweat', 'shortness of breath', 'weakness or numbness of an arm or leg', 'fast, pounding, or irregular heartbeat', 'bloody diarrhea', 'vomiting', 'sudden or severe stomach pain', 'sudden weight loss', 'paleness or blue color of the fingers and toes', 'difficulty breathing or swallowing', 'redness, swelling, or itching of the eyes, face, lips, or throat', 'rash, hives', 'change in vision', 'seizures']"
613014,Lorcaserin,"['constipation', 'dry mouth', 'excessive tiredness', 'pain in the back or muscles', 'headache', 'dizziness', 'difficulty falling asleep or staying asleep', 'anxiety', 'difficult, painful, or frequent urination', 'cough', 'toothache', 'blurred vision or other vision changes', 'dry eyes', 'agitation', 'confusion', 'hallucinations (seeing things or hearing voices that are not there)', 'difficulty with coordination', 'muscle spasms, stiffness, or twitching', 'restlessness', 'fast, slow, or irregular heartbeat', 'sweating', 'fever', 'nausea', 'vomiting', 'diarrhea', 'difficulty breathing', 'swelling of the hands, arms, feet, or legs', 'difficulty paying attention or remembering information', 'depression', 'thinking about harming or killing yourself or planning or trying to do so', 'feeling high or unusually happy', 'feeling as though you are outside of your body', 'erection that lasts longer than 4 hours', 'discharge from the breast', 'breast enlargement in males']"
617040,Enasidenib,"['nausea', 'vomiting', 'diarrhea', 'decreased appetite', 'change in the way things taste', 'yellowing of your eyes or skin', 'muscle spasms or twitching; burning, prickling, or tingling feeling on the skin; irregular heartbeat; or seizures']"
684003,Temazepam,"['hangover effect (feeling groggy the day after you take temazepam)', 'drowsiness', 'dizziness', 'rash; hives; swelling of the face, throat, tongue, lips, or eyes; hoarseness; difficulty breathing or swallowing']"
606023,Sitagliptin,"['stuffed or runny nose', 'sore throat', 'headache', 'diarrhea', 'nausea', 'fever, nausea, vomiting, loss of appetite, ongoing pain that begins in the upper left or middle of the stomach but may spread to the back', 'shortness of breath, unusual tiredness, rapid weight gain, or swelling of feet or ankles', 'blistering or peeling skin', 'joint pain', 'itching; rash; hives; swelling of the face, lips, tongue, and throat; difficulty in breathing or swallowing']"
682158,Maprotiline,"['nausea', 'drowsiness', 'weakness or tiredness', 'nightmares', 'dry mouth', 'skin more sensitive to sunlight than usual', 'changes in appetite or weight', 'constipation', 'difficulty urinating', 'frequent urination', 'blurred vision', 'changes in sex drive or ability', 'excessive sweating', 'jaw, neck, and back muscle spasms', 'slow or difficult speech', 'shuffling walk', 'uncontrollable shaking of a part of the body', 'fever, chills, sore throat, or flu-like symptoms', 'difficulty breathing or swallowing', 'rash', 'yellowing of the skin or eyes', 'irregular heartbeat']"
624030,Oteseconazole,"['headache', 'nausea', 'indigestion', 'hot flushes']"
608001,Lenalidomide,"['diarrhea', 'constipation', 'stomach pain', 'loss of appetite', 'weight loss', 'weakness', 'dizziness', 'change in ability to taste', 'pain or burning of the tongue, mouth, or throat', 'decreased sense of touch', 'burning or tingling in the hands or feet', 'difficulty falling asleep or staying asleep', 'depression', 'joint, muscle, bone, or back pain', 'painful, frequent, or urgent urination', 'sweating', 'dry skin', 'abnormal hair growth in women', 'uncontrollable shaking of a part of the body', 'decrease in sexual desire or ability', 'swelling of the face, throat, tongue, lips, eyes, arms, hands, feet, ankles, or lower legs', 'difficulty breathing or swallowing', 'hoarseness', 'fast, slow, pounding, or irregular heartbeat', 'seizures', 'rash', 'skin pain', 'blistering, peeling, or shedding skin', 'swollen glands in the neck', 'muscle cramps', 'pain in the upper right part of the stomach', 'yellowing of the skin or eyes', 'dark colored urine', 'tiredness', 'bloody, cloudy, or painful urination', 'increased or decreased urination']"
625064,Risdiplam,"['fever', 'rash', 'diarrhea, constipation, vomiting', 'runny nose, sneezing, cough, sore throat']"
682133,Morphine,"['nausea, vomiting, gas', 'sweating', 'headache', 'decreased sexual desire, inability to get or keep an erection', 'weakness, tiredness', 'chest pain, changes in heartbeat', 'agitation, hallucinations (seeing things or hearing voices that do not exist), fever, sweating, confusion, fast heartbeat, shivering, severe muscle stiffness or twitching, loss of coordination, or diarrhea', 'nausea, vomiting, loss of appetite, weakness, or dizziness', 'new pain or pain from touch or doing ordinary tasks such as combing your hair', 'difficulty swallowing, regurgitation (bringing up swallowed food into throat and\r\nmouth), pain in the chest area', 'seizures', 'extreme drowsiness', 'hives; rash; itching; swelling of the eyes, face, mouth, lips or throat; hoarseness; difficulty breathing or swallowing', 'unusual snoring or long pauses during breaths during sleep']"
610018,Pitavastatin,"['back pain', 'constipation', 'diarrhea', 'memory loss or forgetfulness', 'confusion', 'muscle pain, tenderness, or weakness;\r\nlack of energy,Â\xa0extreme tiredness; fever', 'nausea; unusual bleeding or bruising; loss of appetite; pain in the upper right part of the stomach; yellowing of the skin or eyes; dark urine; flu-like symptoms', 'rash, itching, hives']"
682117,Meperidine,"['nausea, vomiting', 'sweating', 'decreased sexual desire, inability to get or keep an erection', 'agitation, hallucinations (seeing things or hearing voices that do not exist), fever, sweating, confusion, fast heartbeat, shivering, severe muscle stiffness or twitching, loss of coordination, nausea, vomiting, or diarrhea', 'nausea, vomiting, loss of appetite, weakness, or dizziness', 'seizures', 'chest pain, change in heartbeat', 'new pain or pain from touch or doing ordinary tasks such as combing your hair', 'unusual snoring or long pauses during breaths during sleep', 'difficulty swallowing, regurgitation (bringing up swallowed food into throat and mouth), pain in the chest area', 'extreme drowsiness', 'rash; hives; itching; or swelling of your face, tongue or throat']"
605009,Eszopiclone,"['headache', 'daytime drowsiness', 'dizziness', 'unpleasant taste', 'dry mouth', 'anxiety', 'hives', 'rash, itching, hives, hoarseness, difficulty breathing or swallowing, or swelling of the eyes, face, lips, tongue, throat, hands, feet, ankles, or lower legs']"
605003,Cefditoren,"['diarrhea', 'nausea', 'vomiting', 'stomach pain', 'heartburn', 'headache', 'swelling, redness, irritation, burning, or itching of the vagina', 'white vaginal discharge', 'watery or bloody stools, stomach cramps, or fever during treatment or for up to two or more months after stopping treatment', 'hives', 'rash', 'itching', 'difficulty breathing or swallowing', 'closing of the throat', 'a return of fever, sore throat, chills, or other signs of infection']"
695007,Lamotrigine,"['loss of balance or coordination', 'double vision', 'blurred vision', 'uncontrollable movements of the eyes', 'difficulty thinking or concentrating', 'difficulty speaking', 'headache', 'drowsiness', 'dizziness', 'diarrhea', 'constipation', 'loss of appetite', 'weight loss', 'heartburn', 'nausea', 'vomiting', 'dry mouth', 'stomach, back, or joint pain', 'missed or painful menstrual periods', 'swelling, itching, or irritation of the vagina', 'uncontrollable shaking of a part of the body', 'swelling of the face, throat, tongue, lips, and eyes, difficulty swallowing or breathing, hoarseness', 'seizures that happen more often, last longer, or are different than the seizures you had in the past', 'headache, fever, nausea, vomiting, stiff neck, sensitivity to light, chills, confusion, muscle pain, drowsiness', 'unusual bleeding or bruising', 'fever, rash, swollen lymph nodes, yellowing of the skin or eyes, abdominal pain, painful or bloody urination, chest pain, muscle weakness or pain, unusual bleeding or bruising, seizures, trouble walking, difficulty seeing or other vision problems', 'sore throat, fever, chills, coughing, difficulty breathing, ear pain, pink eye, frequent or painful urination, or other signs of infection', 'racing heartbeat, skipped or slow heartbeat, shortness of breath, dizziness, or fainting']"
682666,Nadolol,"['dizziness or lightheadedness', 'excessive tiredness', 'shortness of breath', 'swelling of the hands, feet, ankles, or lower legs', 'unusual weight gain', 'fainting', 'chest pain', 'slow or irregular heartbeat']"
602009,Rivastigmine,"['nausea', 'vomiting', 'loss of appetite', 'heartburn or indigestion', 'stomach pain', 'weight loss', 'diarrhea', 'constipation', 'gas', 'weakness', 'dizziness', 'headache', 'extreme tiredness', 'lack of energy', 'tremor or worsening of tremor', 'increased sweating', 'difficulty falling asleep or staying asleep', 'confusion', 'rash', 'hives', 'difficulty breathing or swallowing', 'black and tarry stools', 'red blood in stools', 'bloody vomit', 'vomiting material that looks like coffee grounds', 'difficulty urinating', 'painful urination', 'seizures', 'depression', 'anxiety', 'aggressive behavior', 'hearing voices or seeing things that do not exist', 'uncontrollable movements and muscle contractions']"
615041,Rolapitant,"['hiccups', 'stomach pain', 'decreased appetite', 'dizziness', 'heartburn', 'mouth sores', 'fever, chills, sore throat, or other signs of an infection']"
607045,Telbivudine,"['headache', 'diarrhea', 'back or joint pain', 'difficulty falling asleep or staying asleep', 'itching', 'rash', 'muscle aches, pain, weakness, or tenderness']"
601102,Prednisone,"['headache', 'dizziness', 'difficulty falling asleep or staying asleep', 'inappropriate happiness', 'extreme changes in mood', 'changes in personality', 'bulging eyes', 'acne', 'thin, fragile skin', 'red or purple blotches or lines under the skin', 'slowed healing of cuts and bruises', 'increased hair growth', 'changes in the way fat is spread around the body', 'extreme tiredness', 'weak muscles', 'irregular or absent menstrual periods', 'decreased sexual desire', 'heartburn', 'increased sweating', 'vision problems', 'eye pain, redness, or tearing', 'sore throat, fever, chills, cough, or other signs of infection', 'seizures', 'depression', 'loss of contact with reality', 'confusion', 'muscle twitching or tightening', 'shaking of the hands that you cannot control', 'numbness, burning, or tingling in the face, arms, legs, feet, or hands', 'upset stomach', 'vomiting', 'lightheadedness', 'irregular heartbeat', 'sudden weight gain', 'shortness of breath, especially during the night', 'dry, hacking cough', 'swelling or pain in the stomach', 'swelling of the eyes, face, lips, tongue, throat, arms, hands, feet, ankles, or lower legs', 'difficulty breathing or swallowing', 'rash', 'hives', 'itching']"
692026,Quinapril,"['dizziness', 'excessive tiredness', 'cough', 'upset stomach', 'vomiting', 'swelling of the face, throat, tongue, lips, eyes, hands, feet, ankles, or lower legs', 'hoarseness', 'difficulty breathing or swallowing', 'yellowing of the skin or eyes', 'fever, sore throat, chills, and other signs of infection', 'chest pain', 'lightheadedness', 'fainting']"
622018,Mitapivat,"['back pain', 'joint pain', 'nausea, vomiting, diarrhea or stomach pain', 'hot flushes (warmth and redness of face, neck, chest or back)', 'sore throat', 'breast pain or swelling', 'constipation', 'dry mouth', 'rapid or fast heart beat', 'tingling or prickly feeling in hands, arms, feet or legs', 'nausea, vomiting, lack of energy, loss of appetite,  dark colored urine, pain in the upper right part of the stomach, or yellowing of the skin or eyes']"
684035,Metoclopramide,"['drowsiness', 'excessive tiredness', 'weakness', 'headache', 'dizziness', 'diarrhea', 'nausea', 'vomiting', 'breast enlargement or discharge', 'missed menstrual period', 'decreased sexual ability', 'frequent urination', 'inability to control urination', 'tightening of the muscles, especially in the jaw or neck', 'speech problems', 'depression', 'thinking about harming or killing yourself', 'fever', 'muscle stiffness', 'confusion', 'fast, slow, or irregular heartbeat', 'sweating', 'restlessness', 'nervousness or jitteriness', 'agitation', 'difficulty falling asleep or staying asleep', 'pacing', 'foot tapping', 'slow or stiff movements', 'blank facial expression', 'uncontrollable shaking of a part of the body', 'difficulty keeping your balance', 'rash', 'hives', 'swelling of the eyes, face, lips, tongue, mouth, throat, arms, hands, feet, ankles, or lower legs', 'sudden weight gain', 'difficulty breathing or swallowing', 'high-pitched sounds while breathing', 'vision problems']"
682242,Methyldopa,"['headache', 'muscle weakness', 'swollen ankles or feet', 'upset stomach', 'vomiting', 'diarrhea', 'gas', 'dry mouth', 'rash', 'unexplained fever', 'extreme tiredness', 'yellowing of the skin or eyes']"
692022,Nabumetone,"['diarrhea', 'constipation', 'gas or bloating', 'dizziness', 'headache', 'dry mouth', 'sores in the mouth', 'nervousness', 'difficulty falling asleep or staying asleep', 'increased sweating', 'ringing in the ears', 'unexpected weight gain', 'shortness of breath or difficulty breathing', 'swelling of the abdomen, feet, ankles, or lower legs', 'yellowing of the skin or eyes', 'lack of energy', 'loss of appetite', 'nausea', 'pain in the upper right part of the stomach', 'flu-like symptoms', 'fever', 'blisters', 'rash', 'itching', 'hives', 'swelling of the eyes, face, lips, tongue, throat, arms, or hands', 'difficulty breathing or swallowing', 'hoarseness', 'pale skin', 'fast heartbeat', 'cloudy, discolored, or bloody urine', 'back pain', 'difficult or painful urination']"
682830,Dipyridamole,"['dizziness', 'stomach pain', 'headache', 'rash, itching', 'diarrhea, vomiting', 'flushing (feeling of warmth)', 'unusual bleeding or bruising', 'yellowing of the skin or eyes', 'chest pain']"
693010,Sotalol,"['dizziness', 'lightheadedness', 'weakness', 'excessive tiredness', 'headache', 'diarrhea', 'nausea', 'vomiting', 'shortness of breath or wheezing', 'swelling of the feet and lower legs', 'unusual weight gain', 'chest pain', 'dizziness', 'fainting', 'fast, slow, or irregular heartbeat', 'severe diarrhea, unusual sweating, vomiting, decreased appetite, or excessive thirst']"
622047,Mavacamten,"['dizziness', 'fainting']"
682545,Brompheniramine,"['drowsiness', 'dry mouth, nose, and throat', 'nausea', 'headache', 'chest congestion', 'vision problems', 'difficulty urinating']"
682602,Disulfiram,"['skin rash', 'acne', 'mild headache', 'drowsiness', 'tiredness', 'impotence', 'metallic taste or garlic-like taste in the mouth', 'excessive tiredness', 'weakness', 'lack of energy', 'loss of appetitie', 'upset stomach', 'vomiting', 'yellowness of the skin or eyes', 'dark urine']"
605043,Fentanyl,"['drowsiness', 'headache', 'stomach pain', 'gas', 'heartburn', 'weight loss', 'difficulty urinating', 'changes in vision', 'anxiety', 'depression', 'unusual thinking', 'unusual dreams', 'difficulty falling asleep or staying asleep', 'dry mouth', 'sudden reddening of the face, neck, or upper chest', 'uncontrollable shaking of a part of the body', 'back pain', 'pain, sores, or irritation in the mouth in the area where you placed the medication', 'swelling of the hands, arms, feet, ankles, or lower legs', 'changes in heartbeat', 'agitation, hallucinations (seeing things or hearing voices that do not exist), fever, sweating, confusion, fast heartbeat, shivering, severe muscle stiffness or twitching, loss of coordination,or diarrhea', 'nausea, vomiting, loss of appetite, weakness, or dizziness', 'inability to get or keep an erection', 'irregular menstruation', 'decreased sexual desire', 'seizures', 'rash; hives; itching; hoarseness; difficulty breathing or swallowing; or swelling of the face, mouth, tongue or throat', 'changes in heartbeat', 'chest pain', 'extreme drowsiness']"
604035,Pancrelipase,"['headache', 'cough', 'sore throat', 'dizziness', 'bruising', 'feeling full after eating a small amount', 'gas', 'irritation or itching around the anus', 'rash', 'hives', 'itching', 'difficulty breathing or swallowing', 'hoarseness', 'nausea', 'vomiting', 'diarrhea', 'stomach pain or bloating', 'difficulty having bowel movements', 'pain, stiffness, redness, or swelling in joints, especially the big toe']"
624065,Arimoclomol,"['diarrhea', 'weight loss', 'decreased appetite', 'nasal congestion, runny nose, sneezing, sore or scratchy throat, cough, or fever', 'headache', 'uncontrollable shaking of a part of the body', 'hives; rash; itching; swelling of the face, eyes, mouth, throat, tongue, or lips; difficulty breathing or swallowing; dizziness', 'seizure']"
682571,Hydrochlorothiazide,"['frequent urination', 'diarrhea', 'loss of appetite', 'headache', 'hair loss', 'dry mouth; thirst; nausea; vomiting; weakness, tiredness; drowsiness; restlessness; confusion; muscle weakness, pain, or cramps; fast heartbeat and other signs of dehydration and electrolyte imbalance', 'blisters or peeling skin', 'hives', 'rash', 'itching', 'difficulty breathing or swallowing', 'fever, sore throat, chills, and other signs of infection', 'unusual bleeding or bruising', 'ongoing pain that begins in the stomach area, but may spread to the back', 'joint pain or swelling', 'changes in vision, eye pain, or swelling or redness in or around the eye']"
682339,Sulfinpyrazone,"['nausea', 'vomiting', 'loss of appetite', 'joint pain, redness, or swelling', 'difficulty breathing', 'tightness in the chest', 'skin rash', 'unusual bruising or bleeding', 'fever', 'sore throat', 'mouth sores', 'swollen or painful glands', 'painful urination', 'change in the amount of urine', 'lower back or side pain', 'blood in urine or stool']"
609003,Midazolam,"['nausea, vomiting', 'rash', 'agitation, restlessness, uncontrollable shaking of a part of the body, stiffening and jerking of the arms and legs', 'slow or irregular heartbeat']"
623056,Capivasertib,"['nausea, vomiting', 'mouth sores', 'tiredness', 'decreased appetite', 'headache', 'rash; blistering, peeling, dry, or reddened skin; blistering of the lips, eyes, or mouth; fever; flu-like symptoms', 'diarrhea (loose, watery, or more frequent stools); stomach cramps', 'dry mouth, weakness, decreased urination, swelling of legs or ankles', 'frequent, painful, or urgent urination']"
607042,Darunavir,"['headache', 'diarrhea', 'nausea, vomiting', 'stomach pain', 'rash; peeling or blistering skin; mouth sores; red, swollen, itchy, or teary eyes; muscle or joint aches', 'fever, swelling, tenderness, redness, or other signs of infection', 'nausea, extreme tiredness, loss of appetite, pain in the upper right part of the stomach, yellowing of the skin or eyes, pale or dark stools']"
611020,Vilazodone,"['nausea, vomiting, diarrhea', 'difficulty falling asleep or staying asleep', 'sexual problems in males; decreased sex drive, inability to get or keep an erection, or delayed or absent ejaculation', 'sexual problems in females; decreased sex drive, or delayed orgasm or unable to have an orgasm', 'rash, hives', 'seizures', 'fever, sweating, confusion, fast or irregular heartbeat, and severe muscle stiffness or twitching, agitation, hallucinations, loss of coordination, nausea, vomiting, or diarrhea, coma (loss of consciousness)', 'unusual bleeding or bruising', 'headache; unsteadiness; problems with thinking, concentration, or memory']"
692020,Fosinopril,"['dizziness', 'cough', 'upset stomach', 'vomiting', 'diarrhea', 'headache', 'excessive tiredness', 'weakness', 'swelling of the face, throat, tongue, lips, eyes, hands, feet, ankles, or lower legs', 'hoarseness', 'difficulty breathing or swallowing', 'yellowing of the skin or eyes', 'fever, sore throat, chills, and other signs of infection', 'lightheadedness', 'fainting']"
682537,Doxylamine,"['dry mouth, nose, and throat', 'drowsiness', 'nausea', 'increased chest congestion', 'headache', 'excitement, nervousness', 'vision problems', 'difficulty urinating']"
604006,Memantine,"['dizziness', 'confusion', 'aggression', 'depression', 'headache', 'sleepiness', 'diarrhea', 'constipation', 'nausea', 'vomiting', 'weight gain', 'pain anywhere in your body, especially your back', 'cough', 'shortness of breath', 'hallucination (seeing things or hearing voices that do not exist)']"
689010,Nimodipine,"['headache', 'diarrhea', 'nausea', 'muscle pain', 'rash', 'dizziness', 'lightheadedness', 'slow or fast heartbeat', 'swelling of the arms, hands, feet, or legs']"
682311,Loxapine,"['feeling unsteady, or having trouble keeping your balance', 'faintness', 'weakness', 'difficulty falling asleep or staying asleep', 'blurred vision', 'dry mouth', 'increased saliva', 'nausea, vomiting, constipation', 'difficulty urinating', 'excessive thirst', 'weight gain or loss', 'agitation', 'slurred speech', 'headache', 'unusual, slowed, or uncontrollable movements of any part of the body', 'restlessness', 'numbness, burning, or tingling of the hands or feet', 'breast milk production', 'breast enlargement', 'missed menstrual periods', 'decreased sexual ability in men', 'fever, stiff muscles; sweating; confusion; sweating; or fast, pounding, or irregular\r\nheartbeat', 'rash, itching', 'falling down', 'neck cramps', 'tightness in the throat, difficulty breathing or swallowing', 'tongue that sticks out of the mouth, fine, worm-like tongue movements', 'uncontrollable, rhythmic face, mouth, or jaw movements', 'seizures', 'changes in vision, especially in low light']"
697046,Selegiline,"['dizziness', 'lightheadedness', 'fainting', 'dry mouth', 'nausea', 'vomiting', 'stomach pain', 'difficulty swallowing', 'heartburn', 'diarrhea', 'gas', 'constipation', 'difficulty falling asleep or staying asleep', 'unusual dreams', 'sleepiness', 'depression', 'pain, especially in the legs or back', 'muscle pain or weakness', 'purple blotches on the skin', 'rash', 'redness, irritation, or sores in the mouth (if you are taking the orally disintegrating tablets)', 'severe headache', 'chest pain', 'fast, irregular, or pounding heartbeat', 'sweating', 'sudden, severe nausea and vomiting', 'confusion', 'stiff or sore neck', 'uncontrollable shaking of a part of your body', 'unusual movements that are difficult to control', 'hallucinations (seeing thing or hearing voices that do not exist)', 'difficulty breathing']"
682318,Chloroquine,"['headache', 'nausea', 'loss of appetite', 'diarrhea', 'upset stomach', 'stomach pain', 'rash', 'itching', 'hair loss', 'seeing light flashes and streaks', 'blurred vision', 'reading or seeing difficulties (words disappear, seeing half an object, misty or foggy vision)', 'difficulty hearing', 'ringing in ears', 'muscle weakness', 'drowsiness', 'vomiting', 'irregular heartbeats', 'convulsions', 'difficulty breathing', 'mood or mental changes', 'decreased consciousness or loss of counsciousness', 'thinking about harming or killing yourself']"
613026,Alogliptin,"['headache', 'stuffy or runny nose', 'sore throat', 'joint pain', 'severe stomach pain that may move to your back', 'vomiting', 'excessive tiredness', 'loss of appetite', 'pain in the right upper area of the stomach', 'dark urine', 'yellowing of the skin or eyes', 'fever', 'blisters', 'skin peeling', 'rash', 'hives', 'itching', 'swelling of the eyes, face, lips, tongue, or throat', 'hoarseness', 'difficulty breathing or swallowing', 'shortness of breath, especially when lying down', 'swelling of the feet, ankles, or legs', 'sudden weight gain']"
614025,Droxidopa,"['headache', 'dizziness', 'nausea', 'confusion', 'high fever', 'muscle stiffness', 'unusual movements that you cannot control', 'changes in awareness, thinking, or behavior']"
682335,Calcitriol,"['feeling tired, difficulty thinking clearly, loss of appetite, nausea, vomiting, constipation, increased thirst, increased urination, or weight loss', 'weakness', 'headache', 'upset stomach', 'dry mouth', 'muscle pain', 'bone pain', 'metallic taste in mouth', 'difficult or painful urination', 'changes in vision', 'lack of interest in the things around you', 'hallucination (seeing things or hearing voices that do not exist)', 'fever or chills', 'stomach pain', 'pale, fatty stools', 'yellowing of the skin or eyes', 'runny nose', 'decreased sexual desire', 'irregular heartbeat', 'rash', 'hives', 'itching', 'difficulty breathing or swallowing']"
615004,Tasimelteon,"['headache', 'nightmares or unusual dreams', 'fever or painful, difficult, or frequent urination', 'fever, cough, shortness of breath, or other signs of infection']"
622012,Vosoritide,"['redness, rash, hives, itching, swelling, pain, or bruising near or at the spot that the medication was injected', 'nausea', 'dizziness', 'tiredness', 'vomiting', 'stomach pain', 'diarrhea', 'ear pain', 'runny nose', 'joint pain', 'dry skin']"
699012,Abacavir,"['headache', 'tiredness', 'nausea, vomiting', 'difficulty falling asleep or staying asleep', 'hives, itching, blisters or peeling skin, difficulty swallowing or breathing', 'excessive tiredness; weakness, dizziness or lightheadedness; fast or irregular heartbeat; muscle pain; stomach pain with nausea and vomiting; shortness of breath or difficulty breathing; flu-like symptoms such as fever, chills, or cough; or feeling cold, especially in the arms or legs', 'light-colored bowel movements; yellowing of the skin or eyes; loss of appetite; unusual bleeding or bruising; dark yellow or brown urine; or pain in the upper right part of stomach']"
682408,Disopyramide,"['dizziness or lightheadedness', 'difficult urination', 'frequent urination', 'dry mouth', 'constipation', 'blurred vision', 'nausea', 'fatigue', 'headache', 'weakness', 'stomach pain or bloating', 'fatigue', 'weakness', 'headache', 'rash', 'chest pain', 'swelling of the feet or hands', 'unusual weight gain', 'irregular heartbeat', 'shortness of breath', 'sudden changes in mental status']"
601040,Clopidogrel,"['excessive tiredness', 'headache', 'dizziness', 'nausea, vomiting, diarrhea', 'stomach pain', 'nosebleed', 'hives, rash, itching', 'difficulty breathing or swallowing', 'swelling of the face, throat, tongue, lips, eyes, hands, feet, ankles, or lower legs', 'hoarseness', 'black and tarry stools, red blood in stools', 'bloody vomit, vomit that looks like coffee grounds', 'unusual bleeding or bruising', 'pink or brown urine', 'slow or difficult speech, weakness or numbness of an arm or a leg, changes in vision, confusion', 'fever; shortness of breath; fast heartbeat; purple patches or bleeding under the skin; pale skin; yellowing of the skin or eyes', 'seizures']"
619055,Pitolisant,"['headache', 'difficulty falling asleep or staying asleep', 'nausea', 'stomach pain', 'loss of appetite', 'upper respiratory infection', 'muscle or joint pain', 'sleep talking, sleep terrors, or difficulty moving when sleeping or upon waking', 'muscle weakness that begins suddenly and lasts for a short time', 'rash', 'dry mouth', 'anxiety', 'irritability', 'fast, pounding, or irregular heartbeat', 'difficulty breathing or swallowing', 'fainting', 'hallucinating (seeing things or hearing voices that do not exist)']"
682673,Allopurinol,"['nausea', 'diarrhea', 'drowsiness', 'rash, itching, or hives', 'peeling, blistering, or shedding skin', 'red or purple spots on skin', 'painful urination', 'blood in the urine', 'irritation of the eyes', 'swelling of the lips or mouth', 'fever or flu-like symptoms', 'swollen glands', 'yellowing of the skin or eyes, pain in the upper right part of the stomach, nausea, vomiting, itching, or extreme tiredness']"
621006,Relugolix,"['hot flashes', 'skin flushing', 'sweating', 'weight gain', 'decreased sexual desire or ability', 'muscle, back, joint, or bone pain', 'unusual tiredness or weakness', 'diarrhea', 'constipation', 'difficulty falling asleep or staying asleep', 'depression', 'enlargement of the breasts', 'dizziness; fainting; heart racing; or chest pain', 'swelling of the face, lips, mouth or tongue; trouble breathing or swallowing; rash; hives; or red or swollen skin', 'chest pain or pressure; or pain in arms, back, neck, or jaw', 'sudden numbness or weakness of face, arm, or leg (especially on one side of the body); sudden confusion; trouble speaking or understanding; sudden trouble seeing in one or both eyes; or sudden trouble walking, dizziness, loss of balance or coordination']"
601248,Sevelamer,"['diarrhea', 'vomiting', 'nausea', 'stomach pain', 'gas', 'heartburn', 'new or worsening constipation', 'black and tarry stools', 'red blood in stools']"
624005,Vamorolone,"['headache', 'vomiting', 'diarrhea', 'increased appetite', 'runny nose', 'difficulty falling asleep or staying asleep', 'sore throat, fever, chills, cough, or other signs of infection', 'rash; hives; itching; swelling of face, eyes, lips, or throat; difficulty swallowing or breathing', 'confusion', 'extreme changes in mood changes in personality', 'inappropriate happiness', 'depression', 'changes in weight (gain or loss)', 'stomach pain', 'shortness of breath', 'sudden weight gain', 'swelling of feet, ankles, or lower legs', 'changes in vision']"
615027,Ivabradine,"['fast, irregular, or pounding heartbeat', 'slow or stopped heartbeat', 'chest pain or pressure', 'worsening shortness of breath', 'dizziness', 'excessive tiredness', 'lack of energy', 'swelling of the face, throat, tongue, lips, and eyes', 'difficulty swallowing or breathing', 'hoarseness']"
682037,Diethylpropion,"['dry mouth', 'unpleasant taste', 'restlessness', 'anxiety', 'dizziness', 'depression', 'tremors', 'upset stomach', 'vomiting', 'increased urination', 'fast or irregular heartbeat', 'heart palpitations', 'blurred vision', 'skin rash', 'itching', 'difficulty breathing', 'chest pain', 'fainting', 'swelling of the ankles or feet', 'fever', 'sore throat', 'chills', 'painful urination']"
604030,Duloxetine,"['nausea, vomiting, diarrhea, constipation', 'decreased appetite, weight changes', 'dry mouth', 'sweating or night sweats', 'tiredness', 'sexual problems in males; decreased sex drive, inability to get or keep an erection, or delayed or absent ejaculation', 'sexual problems in females; decreased sex drive, or delayed orgasm or unable to have an orgasm', 'loss of appetite, unusual bruising or bleeding, itching, pain in the upper right part of the stomach, yellowing of the skin or eyes, dark colored urine', 'extreme tiredness or weakness, confusion, unsteady walking that may cause falling', 'agitation, hallucinations (seeing things or hearing voices that do not exist), fever, sweating, confusion, fast or irregular heartbeat, and severe muscle stiffness or twitching, loss of coordination, nausea, vomiting, or diarrhea', 'seizures', 'fever; rash; hives; blisters or peeling skin; difficulty breathing or swallowing; hoarseness; swelling of the face, throat, tongue, lips, eyes, hands, feet, ankles, or lower legs', 'difficulty urinating']"
682327,Ethosuximide,"['nausea', 'vomiting', 'diarrhea', 'stomach pain or cramps', 'loss of appetite', 'weight loss', 'swelling of the tongue', 'overgrowth of the gums', 'hiccups', 'drowsiness', 'dizziness', 'headache', 'suddenly awakening from sleep in a frightened state', 'difficulty concentrating', 'hair growth in unusual places', 'near-sightedness', 'vaginal bleeding', 'sore throat, fever, chills, and other signs of infection', 'joint pain or swelling', 'muscle pain', 'red, itchy rash, especially on the face', 'fever with no known cause', 'hives', 'blisters']"
614038,Tedizolid,"['nausea', 'diarrhea', 'vomiting', 'headache', 'dizziness', 'severe diarrhea (watery or bloody stools) that may occur with or without fever and stomach cramps (may occur up to 2 months or more after your treatment)', 'numbness, tingling, burning, or pain sensation in your hands or feet', 'change or loss of vision', 'easy bruising or bleeding (e.g., gum bleeding, nose bleeds, prolonged bleeding from cuts or blood in urine or stools)']"
601244,Orlistat,"['oily spotting on underwear or on clothing', 'gas with oily spotting', 'urgent need to have a bowel movement', 'loose stools', 'oily or fatty stools', 'increased number of bowel movements', 'difficulty controlling bowel movements', 'pain or discomfort in the rectum (bottom)', 'stomach pain', 'irregular menstrual periods', 'headache', 'anxiety', 'hives', 'rash', 'itching', 'difficulty breathing or swallowing', 'severe or continuous stomach pain', 'excessive tiredness or weakness', 'nausea', 'vomiting', 'loss of appetite', 'pain in the upper right part of the stomach', 'yellowing of the skin or eyes', 'dark-colored urine', 'light-colored stools']"
601091,Penbutolol,"['upset stomach', 'diarrhea', 'cough', 'dizziness or lightheadedness', 'excessive tiredness', 'headache', 'difficulty sleeping', 'sweating', 'decreased sexual ability', 'memory loss', 'chest pain', 'difficulty breathing or swallowing', 'fainting', 'slow or irregular heartbeat', 'depression', 'easy bruising or bleeding']"
610013,Pazopanib,"['diarrhea', 'constipation', 'heartburn', 'change in ability to taste food', 'joint or muscle pain', 'swelling of the face', 'tender, red palms of the hands and soles of the feet', 'hair loss', 'thin, brittle fingernails or hair', 'change in hair color', 'lightening of an area of the skin', 'rash', 'weakness', 'depression', 'unusual discomfort in cold temperatures', 'weight loss', 'fast or irregular heartbeat', 'chest pain', 'pain in the arms, back, neck or jaw', 'shortness of breath', 'headache', 'slow or difficult speech', 'dizziness or faintness', 'weakness or numbness of an arm or leg', 'wounds that do not heal', 'stomach pain or swelling', 'black and tarry stools', 'red blood in stools', 'bloody vomit', 'vomit that looks like coffee grounds', 'blood in urine', 'nosebleeds', 'coughing up blood']"
617049,Abemaciclib,"['nausea', 'vomiting', 'stomach pain', 'constipation', 'sores on the lips, mouth, or throat', 'decreased appetite', 'weight loss', 'hair loss', 'itching', 'rash', 'headache', 'changes in taste', 'dizziness', 'joint pain', 'tiredness', 'pain in the upper right part of the stomach', 'yellowing of the skin or eyes', 'loss of appetite', 'bleeding or bruising easily', 'pain in arms or legs', 'swelling of the hands, feet, legs or ankles', 'difficulty breathing or shortness of breath', 'cough with or without mucus', 'chest pain', 'rapid breathing', 'fast, irregular, or pounding heartbeat', 'fever, chills, cough or other signs of infection', 'pale skin']"
695018,Moexipril,"['cough', 'dizziness or lightheadedness', 'sore throat', 'hoarseness', 'excessive tiredness', 'headache', 'diarrhea', 'vomiting', 'fever', 'muscle aches', 'fast heartbeat', 'swelling of the face, eyes, lips, tongue, arms, or legs', 'difficulty breathing or swallowing', 'fainting', 'rash']"
604028,Acamprosate,"['diarrhea', 'gas', 'upset stomach', 'loss of appetite', 'dry mouth', 'dizziness', 'itching', 'weakness', 'nausea', 'anxiety', 'difficulty falling asleep or staying asleep', 'sweating', 'burning, tingling, or numbness in the hands, feet, arms, or legs', 'rash']"
682690,Fluoxymesterone,"['changes in sex drive', 'enlargement of the breast', 'headache', 'anxiety', 'depression', 'tingling, prickling, or burning sensations', 'enlargement of the clitoris, deepening of voice, increase in facial hair, acne, and baldness (in women)', 'abnormal or absent menstrual periods', 'erections of the penis that happen too often or do not go away', 'rash, itching, or hives', 'difficulty breathing', 'yellowing of skin or eyes', 'pain in the upper right part of the stomach', 'nausea or vomiting', 'unusual or excessive bleeding', 'swelling or fluid retention']"
617034,Neratinib,"['diarrhea', 'stomach pain', 'heartburn', 'bloating', 'mouth ulcers', 'loss of appetite', 'weight loss', 'nose bleeding', 'nail problems or changes', 'muscle spasms', 'yellow eyes and skin', 'dark urine', 'pain or discomfort in the right upper stomach area', 'tiredness', 'nausea', 'vomiting', 'rash', 'fever, difficulty urinating, pain when urinating, and other signs of infection']"
689002,Diclofenac,"['diarrhea', 'constipation', 'gas or bloating', 'headache', 'dizziness', 'ringing in the ears', 'unexplained weight gain', 'shortness of breath or difficulty breathing', 'swelling of the abdomen, feet, ankles, or lower legs', 'excessive tiredness', 'lack of energy', 'nausea', 'loss of appetite', 'itching', 'pain in the upper right part of the stomach', 'yellowing of the skin or eyes', 'flu-like symptoms', 'fever', 'blisters', 'rash', 'hives', 'swelling of the eyes, face, tongue, lips, throat, arms, or hands', 'difficulty breathing or swallowing', 'hoarseness', 'pale skin', 'fast heartbeat', 'cloudy, discolored, or bloody urine', 'back pain', 'difficult or painful urination']"
605026,Desoximetasone Topical,"['burning, itching, irritation, redness, or dryness of the skin', 'tiny red bumps or rash around the mouth', 'unwanted hair growth', 'acne', 'small white or red bumps on the skin', 'bruising or shiny skin', 'red or purple blotches or lines under the skin', 'thin, fragile, or dry skin', 'changes in skin color', 'severe rash', 'redness, swelling, oozing pus, or other signs of skin infection in the place where you applied desoximetasone']"
699021,Zanamivir Oral Inhalation,"['dizziness', 'irritation of the nose', 'joint pain', 'difficulty breathing', 'wheezing', 'shortness of breath', 'hives', 'rash', 'itching', 'difficulty swallowing', 'swelling of the face, throat, tongue, lips, eyes, hands, feet, ankles, or lower legs', 'hoarseness']"
615001,Caspofungin Injection,"['swelling of the hands, feet, ankles, or lower legs', 'pain, redness, and swelling of a vein', 'diarrhea', 'nausea', 'vomiting', 'stomach pain', 'back pain', 'headache', 'swelling of the face, throat, tongue, or lips', 'hoarseness', 'difficulty swallowing or breathing', 'shortness of breath', 'wheezing', 'sensation of warmth', 'fever, chills, cough, or other signs of infection', 'blisters or peeling skin', 'hives', 'rash', 'itching', 'fast heartbeat', 'extreme tiredness', 'unusual bleeding or bruising', 'lack of energy', 'loss of appetite', 'pain in the upper right part of the stomach', 'yellowing of the skin or eyes', 'flu-like symptoms']"
624064,Lebrikizumab-lbkz Injection,"['pain, swelling, redness at the site of injection', 'new or worsening eye problems, including eye pain, blurred vision, pink or red eye(s), red or swollen eyelids, or changes in vision', 'hives; rash; itching; swelling of the face, eyes, mouth, throat, tongue, or lips; difficulty breathing or swallowing; dizziness; fainting; or stomach cramps', 'painful rash on one side of face or body, with blisters, itching, or tingling in rash area']"
625078,Nipocalimab-aahu Injection,"['diarrhea', 'nausea', 'stomach pain', 'back pain', 'muscle spasms', 'swelling of the arms hands, feet, ankles, or lower legs', 'difficulty falling asleep or staying asleep', 'fever; chills; sore throat; cough; warm, red, or painful skin; painful or frequent urination; or other signs of infection', 'rash; hives; itching; feeling faint or lightheaded; swelling of the face, eyes, lips, mouth, throat, or tongue; trouble breathing; or chest or throat tightness']"
601099,Potassium,"['upset stomach', 'vomiting', 'diarrhea', 'mental confusion', 'listlessness', 'tingling, prickling, burning, tight, or pulling sensation of arms, hands, legs, or feet', 'heaviness or weakness of legs', 'cold, pale, gray skin', 'stomach pain', 'unusual stomach bulging', 'black stools']"
625020,Olezarsen Injection,"['redness, itching, swelling, pain, or tenderness at the injection site', 'joint pain', 'rash; hives; itching; redness; difficulty breathing or swallowing; swelling of the face, throat, tongue, lips, and eyes; chills; or muscle pain']"
609018,Plerixafor Injection,"['nausea', 'vomiting', 'stomach pain', 'diarrhea', 'gas', 'dizziness', 'headache', 'excessive tiredness', 'difficulty falling asleep or staying asleep', 'joint pain', 'pain, redness, hardness, swelling, irritation, itching, bruising, bleeding, numbness, tingling, or rash in the place where plerixafor injection was injected', 'pain in the left upper part of the stomach or in the shoulder', 'easy bruising or bleeding', 'swelling around the eyes', 'difficulty breathing', 'hives', 'fainting']"
625058,Fitusiran Injection,"['signs of infection such as sore throat, runny or stuffy nose,  cough, fever, chills, and tiredness', 'nausea, vomiting, loss of appetite, pain in the upper right part of the stomach,  flu-like symptoms, dark urine, yellowing of the skin or eyes, or lack of energy']"
624003,Tenapanor (Xphozah),"['diarrhea', 'severe diarrhea']"
622060,Tenapanor (Ibsrela),"['dizziness', 'gas', 'stomach bloating or tenderness', 'mild diarrhea', 'severe diarrhea']"
606016,Abatacept Injection,"['headache', 'runny nose', 'nausea', 'diarrhea', 'stomach pain', 'dizziness', 'heartburn', 'back pain', 'arm or leg pain', 'injection site bruising, redness, and itching', 'nosebleed', 'hives; rash; itching; swelling of the eyes, face, lips, tongue, or throat; difficulty breathing or swallowing', 'shortness of breath', 'fatigue, pale skin, fast or irregular heartbeat', 'flu-like symptoms, fever, chills, cough, sore throat, and other signs of infection', ""dry cough that doesn't go away"", 'weight loss', 'night sweats', 'frequent urination or sudden need to urinate right away', 'burning during urination', 'red, hot, swollen area on the skin']"
605018,Ribavirin,"['cough', 'upset stomach', 'vomiting', 'diarrhea', 'constipation', 'heartburn', 'loss of appetite', 'weight loss', 'changes in ability to taste food', 'dry mouth', 'difficulty concentrating', 'difficulty falling asleep or staying asleep', 'memory loss', 'rash', 'dry, irritated, or itchy skin', 'sweating', 'painful or irregular menstruation (period)', 'muscle or bone pain', 'hair loss', 'hives', 'swelling of the face, throat, tongue, lips, eyes, hands, feet, ankles, or lower legs', 'hoarseness', 'difficulty swallowing or breathing', 'pain in the stomach or lower back', 'bloody diarrhea', 'bright red blood in stools', 'black, tarry stools', 'stomach bloating', 'confusion', 'dark-colored urine', 'yellowing of the skin or eyes', 'unusual bleeding or bruising', 'vision changes', 'fever, chills, and other signs of infection', 'depression', 'thinking about hurting or killing yourself', 'mood changes', 'excessive worry', 'irritability', 'starting to use street drugs or alcohol again if you used these substances in the past', 'intolerance to cold']"
611027,Belimumab Injection,"['nausea', 'diarrhea', 'headache or migraine', 'redness, itching, swelling, pain, discoloration, or irritation at the injection site', 'pain in the arms or legs', 'runny nose', 'fever, sore throat, chills, and other signs of infection; coughing up mucus; frequent, painful, or difficult urination; or warm; red, or painful skin or sores on your body', 'thinking of harming or killing yourself or others, or planning or trying to do so; new or worsening depression or anxiety; difficulty falling asleep or staying asleep; unusual changes in your behavior or mood; or acting on dangerous impulses', 'vision changes, memory loss, difficulty thinking clearly, difficulty talking or walking, or dizziness or loss of balance']"
617042,Aprepitant/Fosaprepitant Injection,"['tiredness or weakness', 'diarrhea', 'pain, redness, itching, hardness, or swelling at the injection site', 'weakness, numbness, tingling, or pain in arms or legs', 'headache', 'heartburn', 'peeling or blistering of the skin', 'frequent or painful urination, sudden need to urinate right away']"
625060,Landiolol Injection,"['dizziness, faintness', 'pain, swelling, redness at the site of injection', 'slow heart rate', 'wheezing, coughing, difficulty breathing or swallowing', 'chest pain']"
611010,Malathion Topical,"['irritation of the skin or scalp area', 'stinging of the skin']"
601078,Metipranolol Ophthalmic,"['stinging or burning of the eye', 'brow ache', 'eye tearing', 'sensitivity to light', 'blurred vision after using the drops', 'skin rash', 'eye pain', 'swelling in or around the eyes', 'vision problems', 'difficulty breathing', 'rapid or strong heartbeat', 'abnormal pulse', 'headache', 'dizziness', 'depression', 'fainting']"
601099,Potassium,"['upset stomach', 'vomiting', 'diarrhea', 'mental confusion', 'listlessness', 'tingling, prickling, burning, tight, or pulling sensation of arms, hands, legs, or feet', 'heaviness or weakness of legs', 'cold, pale, gray skin', 'stomach pain', 'unusual stomach bulging', 'black stools']"
601122,Triamcinolone,"['upset stomach', 'stomach irritation', 'vomiting', 'headache', 'dizziness', 'insomnia', 'restlessness', 'depression', 'anxiety', 'acne', 'increased hair growth', 'easy bruising', 'irregular or absent menstrual periods', 'skin rash', 'swollen face, lower legs, or ankles', 'vision problems', 'cold or infection that lasts a long time', 'muscle weakness', 'black or tarry stool']"
618037,Plazomicin Injection,"['diarrhea', 'nausea', 'vomiting', 'headache', 'rash', 'itching', 'hives', 'swelling of the eyes, face, throat, tongue, or lips', 'difficulty breathing or swallowing', 'severe diarrhea (watery or bloody stools) that may occur with or without fever and stomach cramps (may occur up to 2 months or more after your treatment)']"
625080,Telisotuzumab vedotin-tllv Injection,"['decreased appetite', 'nausea', 'vomiting', 'constipation', 'unusual tiredness or weakness', 'swelling of the hands, feet, ankles, or lower legs', 'numbness or tingling in the hands or feet, muscle weakness, pain, burning, or difficulty walking', 'new or worsening cough, shortness of breath, trouble breathing, wheezing, or fever']"
625081,Tenofovir disproxil fumarate,"['rash, itching', 'diarrhea', 'nausea, vomiting', 'headache', 'depression', 'weakness', 'abdominal pain', 'difficulty falling asleep or staying asleep', 'dizziness', 'fever', 'decreased urination', 'swelling of feet and ankles', 'ongoing or worsening bone pain', 'weakness, tiredness, unusual muscle pain, stomach pain with nausea and vomiting, dizziness or lightheadedness, fast or irregular heartbeat, shortness of breath or fast breathing, cold or blue-colored hands and feet', 'extreme tiredness, weakness, nausea, vomiting, loss of appetite, yellowing of the skin or eyes, dark-colored urine, light-colored bowel movements, pain in upper right part of your stomach']"
602018,Tenofovir alafenamide,"['headache', 'decreased urination', 'swelling of feet and ankles', 'pain in the arms, hands, feet, or legs', 'extreme tiredness or weakness; nausea; vomiting; loss of appetite; yellowing of the skin or eyes; dark-colored urine; light-colored bowel movements; pain in upper right part of your stomach', 'weakness, tiredness, unusual muscle pain, stomach pain with nausea and vomiting, dizziness or lightheadedness, fast or irregular heartbeat, shortness of breath or fast breathing, cold or blue-colored hands and feet']"
684062,Indapamide,"['headaches', 'drowsiness, dizziness, tiredness, weakness, confusion', 'muscle cramps or spasms or numbness in fingers or toes', 'nervousness, tension, irritability', 'frequent urination', 'rapid, excessive weight loss', 'severe skin rash with itching', 'difficulty breathing or swallowing', 'feeling of racing heart or irregular beat, lightheadedness']"
682727,Fluoride,"['staining of teeth', 'unusual increase in saliva', 'salty or soapy taste', 'stomach pain', 'upset stomach', 'vomiting', 'diarrhea', 'rash', 'weakness', 'tremor', 'seizures']"
613023,Mipomersen Injection,"['redness, pain, tenderness, swelling, discoloration, itching, or bruising of the skin where you injected mipomersen', 'flu-like symptoms such as fever, chills, muscle pain, joint pain, weakness, and tiredness that are most likely to occur during the first 2 days after you inject mipomersen', 'headache', 'difficulty falling asleep or staying asleep', 'pain in the arms or legs', 'chest pain', 'pounding heartbeat', 'swelling of the arms, hands, feet, ankles, or lower legs', 'rash', 'hives', 'swelling of the face, throat, tongue, lips, or eyes', 'hoarseness', 'difficulty swallowing or breathing']"
682277,Warfarin,"['gas, bloating', 'abdominal pain', 'change in the way things taste', 'loss of hair', 'feeling cold or having chills', 'hives, rash, itching', 'difficulty breathing or swallowing', 'swelling of the face, throat, tongue, lips, or eyes', 'hoarseness', 'chest pain or pressure', 'swelling of the hands, feet, ankles, or lower legs', 'fever, infection', 'nausea, vomiting, diarrhea', 'extreme tiredness, loss of energy', 'loss of appetite', 'pain in the upper right part of the stomach', 'yellowing of the skin or eyes', 'flu-like symptoms']"
682826,Heparin Injection,"['redness, pain, bruising, or sores at the spot where heparin was injected', 'hair loss', 'unusual bruising or bleeding', 'vomit that is bloody or looks like coffee grounds, coughing up blood', 'stool that contains bright red blood or is black and tarry', 'blood in urine', 'excessive tiredness', 'nausea, vomiting', 'chest pain, pressure, or squeezing discomfort', 'discomfort in the arms, shoulder, jaw, neck, or back', 'excessive sweating', 'sudden severe headache', 'lightheadedness or fainting', 'sudden trouble walking', 'sudden numbness or weakness of the face, arm or leg, especially on one side of the body, sudden confusion, or difficulty speaking or understanding speech, sudden loss of balance or coordination, difficulty seeing in one or both eyes', 'purple or black skin discoloration, pain in the arms or legs', 'itching and burning, especially on the bottoms of the feet', 'chills, fever', 'hives, rash', 'wheezing, hoarseness', 'shortness of breath', 'difficulty breathing or swallowing', 'painful erection that lasts for hours']"
682792,Dexamethasone,"['upset stomach', 'stomach irritation', 'vomiting', 'headache', 'dizziness', 'insomnia', 'restlessness', 'depression', 'anxiety', 'acne', 'increased hair growth', 'easy bruising', 'irregular or absent menstrual periods', 'skin rash', 'swollen face, lower legs, or ankles', 'vision problems', 'cold or infection that lasts a long time', 'muscle weakness', 'black or tarry stool']"
684045,Piroxicam,"['diarrhea', 'constipation', 'gas', 'headache', 'dizziness', 'ringing in the ears', 'vision problems', 'unexplained weight gain', 'shortness of breath or difficulty breathing', 'swelling in the abdomen, ankles, feet, or legs', 'fever', 'blisters', 'joint pain', 'rash', 'itching', 'hives', 'swelling of the eyes, face, lips, tongue, throat, arms, or hands', 'difficulty breathing or swallowing', 'hoarseness', 'pale skin', 'fast heartbeat', 'excessive tiredness', 'unusual bleeding or bruising', 'lack of energy', 'upset stomach', 'loss of appetite', 'pain in the upper right part of the stomach', 'flu-like symptoms', 'yellowing of the skin or eyes', 'cloudy, discolored, or bloody urine', 'back pain', 'difficult or painful urination']"
682206,Hydrocortisone,"['nausea', 'headache', 'insomnia', 'acne', 'irregular or absent menstrual periods', 'rash; hives; itching; swelling of the eyes, face, lips, mouth, throat, or tongue; or difficulty breathing or swallowing', 'vomiting', 'diarrhea', 'sudden weight gain; muscle weakness; unusual bruising; swollen face, lower legs, or ankles; depression; or sudden, unusual mood changes', 'hallucinations (seeing things or hearing voices that do not exist), confusion, mania (frenzied or abnormally excited mood), or depression', 'eye pain, redness, or tearing; blurred vision; or other vision problems', 'sore throat, fever, chills, cough, stomach pain, difficult or painful urination, or other signs of infection', 'seizures']"
682003,Megestrol,"['impotence', 'decreased sexual desire', 'unexpected vaginal bleeding', 'difficulty falling asleep or staying asleep', 'gas', 'rash', 'nausea', 'vomiting', 'dizziness', 'weakness', 'blurred vision', 'extreme thirst', 'frequent urination', 'extreme hunger', 'leg pain', 'difficulty breathing', 'sharp, crushing chest pain or heaviness in chest', 'slow or difficult speech', 'weakness or numbness of an arm or leg']"
615007,Lanreotide Injection,"['diarrhea', 'constipation', 'gas', 'vomiting', 'headache', 'redness, pain, itching, or a lump at the injection site', 'muscle or joint pain or discomfort', 'pain in the upper right part of the stomach, center of the stomach, back, or shoulder; yellowing of the skin or eyes; fever with chills; or nausea', 'loose, fatty, or light-colored stools; stomach bloating; or weight loss', 'sluggishness, sensitivity to cold, pale or dry skin, thin or brittle hair, puffy face, weight gain, constipation, decreased sweating, or depression', 'swelling of the face, throat, tongue, lips, or eyes', 'tightness in the throat', 'difficulty breathing and swallowing', 'wheezing', 'hoarseness', 'rash', 'itching', 'hives', 'shortness of breath', 'slowed or irregular heartbeat, dizziness, lightheadedness, fainting, chest pain, extreme tiredness, confusion']"
607066,Panitumumab Injection,"['unusual tiredness or weakness', 'abdominal pain', 'nausea', 'vomiting', 'constipation', 'sores in or around the mouth or lips', 'muscle, joint, back, or bone pain', 'growth of eyelashes', 'new or worsening cough, shortness of breath, or chest pain', 'unusual bruising or bleeding', 'muscle cramps', 'sudden tightening of the muscles of the hands or feet', 'muscle cramps and twitching that you cannot control', 'eye pain or sensitivity to light; red, swollen, or teary eyes; or other vision problems', 'diarrhea', 'dry mouth or skin, feeling thirsty, tiredness, dizziness, fainting, or decreased urination or dark yellow urine']"
607007,Bortezomib Injection,"['unusual tiredness or weakness', 'nausea', 'vomiting', 'diarrhea', 'constipation', 'loss of appetite', 'stomach pain', 'headache', 'pain, redness, bruising, bleeding, or hardness at injection site', 'difficulty falling asleep or staying asleep', 'weakness in the arms or legs; changes in the sense of touch; or pain, burning, numbness, or tingling in the hands, arms, legs, or feet;', 'shortness of breath, fast heartbeat, headache, dizziness, pale skin, confusion, or tiredness', '', 'hives; rash; itching; hoarseness; difficulty swallowing or breathing; or swelling of the face, throat, tongue, lips, eyes, or hands', 'fever, sore throat, chills, cough or other signs of infection', 'unusual bruising or bleeding, black and tarry stools, red blood in stools, bloody vomit, or vomiting material that looks like coffee grounds', 'fainting, blurred vision, dizziness, nausea, or muscle cramps', 'chest pressure or pain, fast heartbeat, swelling of the ankles or feet, or shortness of breath', 'cough, shortness of breath, wheezing, or difficulty breathing', 'headache, confusion, seizures, tiredness, or vision loss or changes', 'fever, nausea, vomiting, diarrhea, unusual tiredness, dizziness, shortness of breath, bruising, confusion,  seizures, decreased urination, blood in the urine, or muscle or joint pain', 'fever, headache, chills, nausea, pain, itching or tingling followed by a rash in the same area with skin blisters that are itchy or painful', 'nausea, extreme tiredness, unusual bleeding or bruising, lack of energy, loss of appetite, pain in the upper right part of the stomach, yellowing of the skin or eyes, or flu-like symptoms']"
617005,Lixisenatide Injection,"['nausea, vomiting, diarrhea', 'constipation', 'indigestion', 'bloating', 'headache', 'pain, itching, or redness at the injection site', 'ongoing pain that begins in the upper left or middle of the stomach but may spread to the back, with or without vomiting', 'hives, rash, itching', 'pounding heartbeat', 'fainting or feeling dizzy', 'swelling of the eyes, face, mouth, tongue, throat, feet, ankles, or lower legs', 'difficulty swallowing or breathing', 'hoarseness', 'decreased urination,', 'very dry mouth or skin or extreme thirst', 'severe stomach problems']"
695001,Salmeterol Oral Inhalation,"['shaking of a part of your body that you cannot control', 'headache', 'nervousness', 'dizziness', 'cough', 'stuffed nose', 'runny nose', 'ear pain', 'muscle pain, stiffness, or cramps', 'joint pain', 'sore, irritated throat', 'flu-like symptoms', 'nausea', 'heartburn', 'tooth pain', 'dry mouth', 'sores or white patches in the mouth', 'red or irritated eyes', 'difficulty falling asleep or staying asleep', 'burning or tingling of the hands or feet', 'fast or pounding heartbeat', 'chest pain', 'rash', 'hives', 'swelling of the face, throat, tongue, lips, or eyes', 'hoarseness', 'choking or difficulty swallowing', 'loud, high-pitched breathing']"
601073,Magnesium Hydroxide,"['loose, watery, or more frequent stools', 'blood in stool', 'unable to have a bowel movement 6 hours after use']"
601074,Magnesium Oxide,"['cramping', 'diarrhea', 'rash or hives', 'itching', 'dizziness or lightheadedness', 'mood or mental changes', 'unusual tiredness', 'weakness', 'nausea', 'vomiting']"
601072,Magnesium Gluconate,"['diarrhea', 'stomach upset', 'stomach cramps', 'upset stomach', 'vomiting', 'flushing of skin', 'dizziness']"
602021,Choline Magnesium Trisalicylate,"['upset stomach', 'vomiting', 'heartburn', 'diarrhea', 'constipation', 'stomach pain', 'headache', 'lightheadedness', 'dizziness', 'drowsiness', 'lack of energy', 'ringing in the ears', 'hearing loss', 'black and tarry stools', 'red blood in stools', 'bloody vomit', 'vomiting material that looks like coffee grounds']"
619019,Magnesium Citrate,"['loose, watery, or more frequent stools', 'blood in stool', 'unable to have a bowel movement after use']"
607012,Clofarabine Injection,"['nausea', 'vomiting', 'stomach pain', 'diarrhea', 'constipation', 'loss of appetite', 'weight loss', 'swelling of the inside of the mouth and nose', 'painful white patches in the mouth', 'headache', 'anxiety', 'depression', 'irritability', 'pain in the back, joints, arms, or legs', 'drowsiness', 'dry, itchy, or irritated skin', 'flushing', 'fast heartbeat', 'fast breathing', 'shortness of breath', 'dizziness', 'lightheadedness', 'fainting', 'decreased urination', 'sore throat, cough, fever, chills, and other signs of infection', 'pale skin', 'excessive tiredness', 'weakness', 'confusion', 'unusual bruising or bleeding', 'nosebleed', 'bleeding gums', 'blood in urine', 'small red or purple spots under the skin', 'yellowing of the skin or eyes', 'itching', 'red, warm, swollen, tender skin', 'uncontrollable shaking of a part of the body']"
601152,Interferon Gamma-1b Injection,"['extreme tiredness', 'diarrhea', 'nausea', 'vomiting', 'muscle or joint pain', 'dizziness', 'problems with walking', 'confusion', 'bruising, redness, swelling, bleeding, or irritation at the injection spot', 'rash', 'itching', 'difficulty breathing or swallowing', 'hives', 'swelling of the eyes, face, mouth, tongue, and throat']"
617006,Avelumab Injection,"['muscle, bone, or joint pain', 'headache', 'constipation', 'nausea', 'vomiting', 'weight loss', 'tiredness', 'new or worsening cough; shortness of breath; or chest pain', 'yellowing of the skin or eyes; nausea; vomiting; pain in upper right side of stomach; dark (tea-colored) urine; extreme tiredness; or unusual bruising or bleeding', ""headaches that won't go away or unusual headaches; rapid heartbeat; constipation; increased sweating; voice changes; weight changes; feeling more hungry or thirsty than usual; dizziness or fainting; hair loss; vomiting; changes in mood or behavior such as decreased sex drive, feeling irritable, confused, or forgetful; stomach pain; or feeling cold"", 'diarrhea; blood in stools; dark, tarry, sticky stools; or stomach area pain or tenderness', 'persistent muscle pain, weakness, or muscle cramps', 'feeling dizzy or faint', 'neck stiffness', 'swelling of hands, feet, ankles, or legs', 'irregular heartbeat; chest pain and tightness; pain in the arms, back, neck, or jaw; breaking out in cold sweat', 'fever or other flu-like symptoms', 'blurry or double vision, sensitivity to light, or other vision problems', 'rash, itching, blistering or peeling skin', 'sores in mouth, nose, throat, or genital area', 'swollen glands', 'decreased urination; blood in urine; swelling in ankles; or loss of appetite', 'unusual bleeding or bruising', 'frequent, painful, or urgent urination']"
614061,Blinatumomab Injection,"['diarrhea', 'mouth sores', 'weight gain', 'back, joint, or muscle pain', 'swelling of the arms, hands, feet, ankles, or lower legs', 'pain at the injection site', 'chest pain', 'numbness or tingling in the arms, legs, hands, or feet', 'shortness of breath', 'ongoing pain that begins in the stomach area but may spread to the back that may occur with or without nausea and vomiting', 'fever, sore throat, cough, and other signs of infection', 'unusual bleeding or bruising']"
681039,Lithium,"['restlessness', 'fine hand movements that are difficult to control', 'mild thirst', 'loss of appetite', 'stomach pain', 'gas', 'indigestion', 'weight gain or loss', 'dry mouth', 'excessive saliva in the mouth', 'change in the ability to taste food', 'swollen lips', 'acne', 'hair loss', 'unusual discomfort in cold temperatures', 'constipation', 'depression', 'joint or muscle pain', 'paleness', 'thin, brittle fingernails or hair', 'itching', 'rash', 'unusual tiredness or weakness', 'excessive thirst', 'frequent urination', 'slow, jerky movements', 'movements that are unusual or difficult to control', 'blackouts', 'seizures', 'fainting', 'dizziness or lightheadedness', 'fast, slow, irregular, or pounding heartbeat', 'shortness of breath', 'chest tightness', 'confusion', 'hallucinations (seeing things or hearing voices that do not exist)', 'crossed eyes', 'painful, cold, or discolored fingers and toes', 'headache', 'pounding noises inside the head', 'swelling of the feet, ankles, or lower legs', 'drowsiness', 'shaking of a part of your body that you cannot control', 'muscle weakness, stiffness, twitching, or tightness', 'loss of coordination', 'diarrhea', 'vomiting', 'slurred speech', 'giddiness', 'ringing in the ears', 'blurred vision']"
697003,Latanoprost Ophthalmic,"['stinging, burning, irritated, or itchy,  eyes', 'dry eyes', 'feeling like something is in the eye', 'headache', 'dizziness', 'eye sensitivity to light', 'changes in vision', 'eye or eyelid redness', 'swelling of the eyelid']"
618001,Latanoprostene Bunod Ophthalmic,"['eye redness', 'eye pain or irritation', 'pain after instilling the medication', 'sudden changes in vision']"
622033,Tebentafusp injection,"['rash', 'skin redness, itching, or swelling', 'lightening or darkening of the skin', 'hair color changes or hair loss', 'constipation', 'swelling of the arms or legs', 'decreased appetite', 'pain in arms, legs, back, or joints', 'mouth or throat pain', 'pain or discomfort in right upper stomach area or yellowing of the skin or eyes']"
618064,Mogamulizumab-kpkc Injection,"['constipation', 'muscle spasms or pain', 'tiredness or fatigue', 'headache', 'swelling of the hands, feet, ankles, or lower legs', 'decreased appetite', 'changes in weight', 'difficulty falling asleep or staying asleep', 'depression', 'dry skin', 'hair loss', 'rash, skin pain, itching, blistering, or peeling', 'painful sores or ulcers in the mouth, nose, throat, or genital area', 'fever, cough, sore throat, chills, flu-like symptoms, or other signs of infection', 'nausea, diarrhea, or stomach pain', 'painful or frequent urination', 'easy bruising or bleeding']"
607058,Pegfilgrastim Injection,"['bone pain', 'pain in arms or legs', 'pain in the left upper part of the stomach or the tip of your left shoulder', 'fever, shortness of breath, trouble breathing, fast breathing', 'swelling of the face, throat, or around the mouth or eyes; hives; rash; itching; trouble swallowing or breathing; rapid heartbeat; or sweating', 'swelling of your face or ankles, bloody or dark-colored urine, decreased urination', 'unusual bleeding or bruising, fever, or tiredness', 'fever, abdominal pain, back pain, feeling unwell', 'swelling of stomach area or other swelling, decreased urination, trouble breathing, dizziness, tiredness']"
682133,Morphine,"['nausea, vomiting, gas', 'sweating', 'headache', 'decreased sexual desire, inability to get or keep an erection', 'weakness, tiredness', 'chest pain, changes in heartbeat', 'agitation, hallucinations (seeing things or hearing voices that do not exist), fever, sweating, confusion, fast heartbeat, shivering, severe muscle stiffness or twitching, loss of coordination, or diarrhea', 'nausea, vomiting, loss of appetite, weakness, or dizziness', 'new pain or pain from touch or doing ordinary tasks such as combing your hair', 'difficulty swallowing, regurgitation (bringing up swallowed food into throat and\r\nmouth), pain in the chest area', 'seizures', 'extreme drowsiness', 'hives; rash; itching; swelling of the eyes, face, mouth, lips or throat; hoarseness; difficulty breathing or swallowing', 'unusual snoring or long pauses during breaths during sleep']"
696006,Dalteparin Injection,"['nosebleeds', 'redness, pain, bruising, or sores at the injection site', 'unusual bleeding or bruising', 'dark red spots under the skin or in the mouth', 'vomiting or spitting up blood or brown material that resembles coffee grounds', 'bloody or black, tarry stools', 'blood in urine', 'red or dark-brown urine', 'excessive menstrual bleeding', 'dizziness or lightheadedness', 'hives, rash', 'swelling of the face, throat, tongue, lips, or eyes', 'difficulty swallowing or breathing']"
685020,Oxacillin Injection,"['diarrhea', 'severe diarrhea (watery or bloody stools) that may occur with or without fever and stomach cramps (may occur up to 2 months or more after your treatment)', 'hives, rash, itching, fever, that may occur along with stomach, muscle, or joint pain', 'difficulty swallowing or breathing', 'swelling of the face, throat, tongue, lips, eyes, hands, feet, ankles, or lower legs', 'hoarseness', 'dizziness or fainting', 'tenderness, warmth, redness, swelling, or pain near the injection site']"
607073,Antipyrine-Benzocaine Otic,[]
601099,Potassium,"['upset stomach', 'vomiting', 'diarrhea', 'mental confusion', 'listlessness', 'tingling, prickling, burning, tight, or pulling sensation of arms, hands, legs, or feet', 'heaviness or weakness of legs', 'cold, pale, gray skin', 'stomach pain', 'unusual stomach bulging', 'black stools']"
682727,Fluoride,"['staining of teeth', 'unusual increase in saliva', 'salty or soapy taste', 'stomach pain', 'upset stomach', 'vomiting', 'diarrhea', 'rash', 'weakness', 'tremor', 'seizures']"
622011,Tralokinumab-ldrm injection,"['cough, runny nose, sneezing, sore throat', 'watery, red, itchy eyes', 'pain, swelling, redness at the site of injection', 'breathing problems; swelling of the mouth, face and tongue; rash; hives; itching; fainting; or dizziness', 'eye pain or changes in vision']"
619018,Levodopa Oral Inhalation,"['cough', 'runny nose', 'nausea', 'vomiting', 'mouth pain', 'headache', 'dizziness', 'change in color of urine, sweat, sputum, and tears', 'fever, sweating, stiff muscles, and loss of consciousness', 'chest pain or discomfort', 'difficulty breathing', 'new or worsening sudden uncontrollable movements', 'hallucinations (seeing things or hearing voices that do not exist)', 'feeling that others want to harm you', 'difficulty falling asleep or staying asleep', 'aggressive behavior', 'dreaming more than usual', 'confusion', 'abnormal behavior', 'agitation']"
682165,Perphenazine,"['dizziness, feeling unsteady, or having trouble keeping your balance', 'blurred vision', 'dry mouth', 'excess saliva', 'headache', 'nausea, vomiting, diarrhea, constipation', 'loss of appetite', 'unusual, slowed, or uncontrollable movements of any part of the body', 'restlessness', 'difficulty falling asleep or staying asleep', 'unusual dreams', 'problems with urination', 'change in skin color', 'breast enlargement', 'breast milk production', 'missed menstrual periods', 'decreased sexual ability in men', 'fever; stiff muscles; sweating; confusion; sweating; or fast, pounding, or irregular\r\nheartbeat', 'falling down', 'neck cramps', 'tongue that sticks out of the mouth', 'tightness in the throat, difficulty breathing or swallowing', 'fine, worm-like tongue movements', 'uncontrollable, rhythmic face, mouth, or jaw movements', 'seizures', 'eye pain or discoloration', 'vision changes, especially at night', 'yellowing of the skin or eyes', 'rash, itching, hives; swelling of the eyes, face, mouth, lips, tongue, throat, arms, hands, feet, ankles, or lower legs; difficulty breathing or swallowing', 'slowed heartbeat', 'sore throat, fever, chills, and other signs of infection']"
682258,Selenium Sulfide,"['oiliness or dryness of hair and scalp', 'hair loss', 'hair discoloration', 'scalp irritation', 'skin irritation']"
622078,Tremelimumab-actl Injection,"['joint, back, or bone pain', 'trouble falling asleep or staying asleep', 'hair loss', 'swelling of your arms or legs', 'new or worsening cough, chest pain, or shortness of breath', 'diarrhea; bloody or black, tarry, sticky stools; or severe stomach pain or tenderness', 'yellowing of your eyes or skin, bleeding or bruising easily, decreased appetite, dark (tea colored) urine, pain in the upper right part of the stomach, extreme tiredness, nausea or vomiting', 'decreased urination; blood in urine; swelling of feet, ankles, or lower legs; or loss of appetite', ""headaches that won't go away or unusual headaches; extreme tiredness; weight loss or gain; increased hunger or thirst; feeling dizzy or faint; feeling cold; deepening of voice; constipation; hair loss; changes in mood or behavior such as decreased sex drive, or feeling irritable, confused, or forgetful; increased urination; or increased sweating"", 'stiff neck', 'numbness or tingling in the arms or legs', 'persistent muscle pain, weakness, or muscle cramps', 'chest pain, fast or irregular heartbeats, shortness of breath, or swelling of feet or ankles', 'rash or itching, scaling or blistering skin', 'sores in mouth, nose, throat, or genital area', 'fever or flu-like symptoms', 'swollen glands', 'blurry or double vision, sensitivity to light, or other vision problems', 'ongoing pain that begins in the upper left or middle of the stomach but may spread to the back, loss of appetite', 'nausea', 'vomiting']"
698018,Sulconazole Topical,"['itching', 'rash', 'burning', 'irritation or stinging', 'redness']"
619022,Tagraxofusp-erzs Injection,"['nausea', 'vomiting', 'constipation', 'diarrhea', 'extreme tiredness', 'headache', 'decreased appetite', 'pain in back, arms, or legs', 'difficulty falling asleep or staying asleep', 'feeling nervous or confused', 'nose bleed', 'rash, itching, difficulty breathing, mouth sores or swelling', 'extreme tiredness, yellowing of skin or eyes, loss of appetite, pain in the upper right part of the stomach', 'fever, chills, cough, or any other sign of infection', 'fast heartbeat']"
626027,Copper Histidinate Injection,"['pain, redness, swelling at the place of injection', 'vomiting, diarrhea', 'seizure', 'shortness of breath', 'sore throat, cough, fever, chills, burning or pain when urinating, and other signs of infection', 'fast heartbeat']"
686022,Enalapril,"['cough', 'dizziness', 'rash', 'weakness', 'swelling of the face, throat, tongue, lips, eyes, hands, feet, ankles, or lower legs', 'hoarseness', 'difficulty breathing or swallowing', 'yellowing of the skin or eyes', 'fever, sore throat, chills, and other signs of infection', 'lightheadedness', 'fainting']"
624001,Efbemalenograstim alfa-vuxw Injection,"['nausea', 'pain in the left upper part of the stomach or the tip of your left shoulder', 'fever, shortness of breath, trouble breathing, or fast breathing', 'rash; hives; itching; swelling of the face, eyes, or mouth; wheezing; shortness of breath; dizziness; or rapid heartbeat', 'swelling of your face or ankles, bloody or dark colored urine, decreased urination', 'unusual bleeding or bruising, fever, or tiredness', 'fever, abdominal pain, back pain, feeling unwell', 'swelling of stomach area or other swelling, decreased urination, trouble breathing, dizziness, tiredness']"
614034,Vedolizumab Injection,"['headache', 'nausea', 'joint or back pain', 'pain in your arms and legs', 'fever, cough, runny nose, sore throat, chills, aches and other signs of infection', 'red or painful skin or sores on your body', 'pain during urination', 'confusion or memory problems', 'loss of balance', 'changes in walking or speech', 'decreased strength or weakness on one side of your body', 'blurred vision or loss of vision', 'extreme tiredness', 'loss of appetite', 'pain in the upper right part of the stomach', 'unusual bruising or bleeding', 'dark urine', 'yellowing of the skin or eyes']"
681039,Lithium,"['restlessness', 'fine hand movements that are difficult to control', 'mild thirst', 'loss of appetite', 'stomach pain', 'gas', 'indigestion', 'weight gain or loss', 'dry mouth', 'excessive saliva in the mouth', 'change in the ability to taste food', 'swollen lips', 'acne', 'hair loss', 'unusual discomfort in cold temperatures', 'constipation', 'depression', 'joint or muscle pain', 'paleness', 'thin, brittle fingernails or hair', 'itching', 'rash', 'unusual tiredness or weakness', 'excessive thirst', 'frequent urination', 'slow, jerky movements', 'movements that are unusual or difficult to control', 'blackouts', 'seizures', 'fainting', 'dizziness or lightheadedness', 'fast, slow, irregular, or pounding heartbeat', 'shortness of breath', 'chest tightness', 'confusion', 'hallucinations (seeing things or hearing voices that do not exist)', 'crossed eyes', 'painful, cold, or discolored fingers and toes', 'headache', 'pounding noises inside the head', 'swelling of the feet, ankles, or lower legs', 'drowsiness', 'shaking of a part of your body that you cannot control', 'muscle weakness, stiffness, twitching, or tightness', 'loss of coordination', 'diarrhea', 'vomiting', 'slurred speech', 'giddiness', 'ringing in the ears', 'blurred vision']"
617030,Durvalumab Injection,"['swelling of your arms or legs', 'constipation', 'hair loss', 'trouble falling asleep or staying asleep', 'muscle or bone pain', 'new or worsening cough, chest pain, or shortness of breath', 'yellowing of your eyes or skin, decreased appetite, dark (tea-colored) urine, pain in the upper right part of the stomach, extreme tiredness, or nausea or vomiting', 'unusual bleeding or bruising', 'diarrhea; stomach pain; or black, tarry, sticky, or bloody stools', 'decreased urination, blood in urine, swelling in your ankles, or loss of appetite', 'fever, cough, chills, flu-like symptoms, frequent or painful urination, or other signs of infection', ""headaches that won't go away or unusual headaches; extreme tiredness; weight loss or gain; increased hunger or thirst; feeling dizzy or faint; feeling cold; deepening of voice; constipation; hair loss; changes in mood or behavior such as decreased sex drive, feeling irritable, confused, or forgetful; increased urination; or increased sweating"", 'fast or irregular heartbeat, chest pain, shortness of breath, or swelling of ankles', 'numbness or tingling in the arms or legs', 'persistent muscle pain, muscle weakness, muscle cramps, joint pain, joint stiffness or swelling', 'rash or itching; scaling or blistering skin; sores in mouth, nose, throat, or genital area; fever or flu-like symptoms; or swollen glands', 'neck stiffness', 'problems with balance', 'blurry or double vision, sensitivity to light, or other vision problems, eye redness or pain', 'ongoing pain that begins in the stomach area but may spread to the back, nausea, vomiting, or loss of appetite']"
619028,Testosterone,"['heartburn', 'diarrhea', 'gas', 'headache', 'joint and muscle pain', 'weight gain', 'lower leg pain, swelling, warmth, or redness', 'difficulty breathing, especially at night', 'swelling of the hands, feet, and ankles', 'sudden unexplained weight gain', 'erections that happen too often or that last too long', 'difficulty urinating, weak urine flow, frequent urination, sudden need to urinate right away', 'nausea or vomiting, extreme tiredness, yellowing of the skin or eyes, dark urine, or pain in the upper right part of the stomach', 'mood changes including depression, anxiety, or becoming suicidal (thinking about harming or killing oneself or planning or trying to do so)', 'enlarged or painful breasts']"
619063,Fosphenytoin Injection,"['itching, burning, or tingling sensation', 'uncontrollable eye movements', 'abnormal body movements', 'loss of coordination', 'confusion', 'dizziness', 'weakness', 'agitation', 'slurred speech', 'dry mouth', 'headache', 'changes in your sense of taste', 'vision problems', 'ringing of the ears or difficulty hearing', 'constipation', 'swelling, discoloration, or pain at the injection site', 'blisters', 'rash', 'hives', 'swelling of the eyes, face, throat, or tongue', 'difficulty breathing or swallowing', 'hoarseness', 'swollen glands', 'nausea', 'vomiting', 'yellowing of the skin or eyes', 'pain in upper right part of the stomach', 'excessive tiredness', 'unusual bruising or bleeding', 'small red or purple spots on skin', 'loss of appetite', 'flu-like symptoms', 'fever, sore throat, rash, mouth ulcers, or easy bruising, or facial swelling', 'swelling of the arms, hands, ankles, or lower legs']"
625073,Diazoxide Choline,"['unusual hair growth', 'joint pain', 'runny nose or sore throat', 'fever', 'rash', 'dry mouth, dark urine, decreased sweating, dry skin, or other signs of dehydration', 'swelling of the face, hands, arms, feet, ankles, or lower legs', 'shortness of breath or difficulty breathing, cough, fast or irregular heartbeat, or chest pain']"
602021,Choline Magnesium Trisalicylate,"['upset stomach', 'vomiting', 'heartburn', 'diarrhea', 'constipation', 'stomach pain', 'headache', 'lightheadedness', 'dizziness', 'drowsiness', 'lack of energy', 'ringing in the ears', 'hearing loss', 'black and tarry stools', 'red blood in stools', 'bloody vomit', 'vomiting material that looks like coffee grounds']"
697040,Levofloxacin,"['nausea', 'vomiting', 'diarrhea', 'stomach pain', 'constipation', 'heartburn', 'vaginal itching and/or discharge', 'severe diarrhea (watery or bloody stools) that may occur with or without fever and stomach cramps (may occur up to 2 months or more after your treatment)', 'rash', 'hives', 'itching', 'peeling or blistering of the skin', 'fever', 'swelling of the eyes, face, mouth. lips, tongue, throat, hands, feet, ankles or lower legs', 'hoarseness or throat tightness', 'ongoing or worsening cough', 'difficulty breathing or swallowing', 'extreme thirst or hunger; pale skin; feeling shaky or trembling; fast or fluttering heartbeat; sweating; frequent urination; trembling; blurred vision; or unusual anxiety', 'fainting or loss of consciousness', 'yellowing of the skin or eyes; pale skin; dark urine; or light colored stool', 'seizures', 'unusual bruising or bleeding', 'sudden pain in the chest, stomach, or back']"
623058,Delandistrogene moxeparvovec-rokl Injection,"['nausea', 'vomiting', 'increased muscle pain, tenderness, or weakness', 'difficulty breathing, swallowing, or talking', 'coughing, wheezing, sneezing, runny nose, sore throat, fever, or signs of infection', 'extreme tiredness, pain in the upper right part of the stomach, yellowing of the skin or eyes, dark yellow urine, or pale stools.', 'shortness of breath', 'chest pain']"
608045,Daptomycin Injection,"['diarrhea', 'stomach pain', 'difficulty falling asleep or staying asleep', 'headache', 'dizziness', 'increased sweating', 'redness, pain, or swelling at the injection site', 'unusual weight gain', 'sore throat', 'hives', 'rash', 'itching', 'blisters or peeling of skin', 'difficulty breathing or swallowing', 'swelling of the face, throat, tongue, lips, and eyes', 'shortness of breath', 'chest pain', 'cough', 'new or worsening fever, sore throat, chills, increased urge to urinate, burning sensation when urinating, or other signs of infection', 'severe diarrhea with watery or bloody stools (up to 2 months after your treatment)', 'muscle pain or weakness, especially in the forearms and lower legs', 'dark or cola-colored urine', 'pain, burning, numbness, or tingling in the hands or feet']"
624059,Nemolizumab-ilto injection,"['headache', 'muscle or joint pain', 'rash; hives; swelling of the face, eyelids, tongue, or throat; difficulty breathing or wheezing; feeling dizzy or lightheaded; fainting; swollen glands, fever; or fast heartbeat', 'nausea, vomiting, or stomach cramps']"
624008,Eflornithine,"['runny nose, sneezing, and congestion', 'diarrhea', 'vomiting', 'burning, red, itchy, crusty, or irritated eyes', 'rash', 'arm or leg pain', 'hair loss', 'ear pain or other signs of ear infection', 'fever, chills, cough, sore throat, difficulty urinating, pain when urinating, or other signs of infection', 'warm, red, or painful skin; or sores on the skin', 'unusual bruising or bleeding', 'blood in urine or stool', 'pale skin', 'unusual tiredness or weakness', 'shortness of breath', 'yellowing of the skin or eyes, dark-colored (tea-colored) urine, light-colored stools, pain in upper right part of the stomach, nausea, vomiting, or loss of appetite']"
692026,Quinapril,"['dizziness', 'excessive tiredness', 'cough', 'upset stomach', 'vomiting', 'swelling of the face, throat, tongue, lips, eyes, hands, feet, ankles, or lower legs', 'hoarseness', 'difficulty breathing or swallowing', 'yellowing of the skin or eyes', 'fever, sore throat, chills, and other signs of infection', 'chest pain', 'lightheadedness', 'fainting']"
622002,Dihydroergotamine Nasal Spray,"['stuffy nose', 'tingling or pain in the nose or throat', 'dryness in the nose', 'nosebleed', 'taste changes', 'upset stomach', 'vomiting', 'dizziness', 'color changes, numbness or tingling in fingers and toes', 'muscle pain or cramps in arms and legs', 'sudden weakness in arms or legs, drooping of one side of the face, or difficulty speaking or understanding', 'pain, tightness, pressure, discomfort, or heaviness in chest, stomach, throat, neck, or\r\njaw; shortness of breath; rapid, pounding, or irregular heartbeat; breaking\r\nout in a cold sweat; nausea; vomiting; or lightheadedness', 'sudden or severe stomach pain, constipation, nausea, or vomiting; bloody diarrhea;\r\nweight loss; or fever', 'shortness of breath, cough, extreme tiredness, unusual weight loss, or muscle or joint\r\npain', 'swelling', 'itching']"
603022,Dihydroergotamine Injection,"['dizziness', 'anxiety', 'flushing', 'color changes, numbness or tingling in fingers and toes', 'muscle pain or cramps in arms and legs', 'sudden weakness in an arms or leg, drooping of one side of the face, or difficulty speaking or understanding', 'pain, tightness, pressure, discomfort, or heaviness in chest, stomach, throat, neck, or jaw; shortness of breath; rapid, pounding, or irregular heartbeat; breaking out in a cold sweat; nausea; vomiting; or lightheadedness', 'swelling or itching', 'sudden or severe stomach pain, constipation, nausea, or vomiting; bloody diarrhea; weight loss; or fever', 'shortness of breath, cough, extreme tiredness, unusual weight loss, or muscle or joint pain']"
625026,Bupivacaine Injection,"['pain or redness at the site of injection', 'itching, redness, hives, swelling of the tongue and/or throat, difficulty breathing, fast heartbeat, fainting, excessive sweating, or fever', 'restlessness,\r\nanxiety, incoherent speech, lightheadedness, numbness and tingling of the mouth and\r\nlips, metallic taste, ringing in the ears, dizziness, blurred vision, tremors, twitching, depression, \r\ndrowsiness,\r\nor seizures', 'fast or irregular heartbeat', 'pale, gray, or blue colored skin; headache; rapid heart\r\nrate; shortness of breath; lightheadedness; or fatigue']"
625027,Bupivacaine Liposomal Injection,"['nausea, vomiting, constipation', 'itching, redness, hives, swelling of the tongue and/or throat, difficulty breathing, fast heartbeat, fainting, excessive sweating, or fever', 'restlessness,\r\nanxiety, incoherent speech, lightheadedness, numbness and tingling of the mouth and\r\nlips, metallic taste, ringing in the ears, dizziness, blurred vision, tremors, twitching, depression, \r\ndrowsiness,\r\nor seizures', 'pale, gray, or blue colored skin; headache; rapid heart\r\nrate; shortness of breath; lightheadedness; or fatigue']"
615052,Penicillin G Procaine Injection,"['nausea', 'vomiting', 'pain, swelling, lump, bleeding, or bruising in the area where the medication was injected', 'rash', 'hives', 'itching', 'difficulty breathing or swallowing', 'swelling of the face, throat, tongue, lips, eyes, hands, feet, ankles, or lower legs', 'hoarseness', 'sore throat', 'chills', 'fever', 'headache', 'muscle or joint pain', 'weakness', 'fast heartbeat', 'severe diarrhea (watery or bloody stools) with or without fever and stomach cramps that may occur up to 2 months or more after your treatment', 'sudden onset of lower back pain, muscle weakness, numbness, and tingling', 'blue or black skin discoloration in the area where the medication was injected', 'skin blistering, peeling, or shedding in the area where the medication was injected', 'numbness of the arms or legs in the area where the medication was injected']"
699019,Trastuzumab Injection,"['diarrhea', 'constipation', 'stomach pain', 'heartburn', 'loss of appetite', 'back, bone, joint, or muscle pain', 'difficulty falling asleep or staying asleep', 'hot flashes', 'numbness, burning, or tingling in the arms, hands, feet, or legs', 'changes in the appearance of nails', 'acne', 'depression', 'sore throat, fever, chills, difficulty urinating, pain when urinating, and other signs of infection', 'nosebleeds and other unusual bruising or bleeding', 'excessive tiredness', 'pale skin', 'nausea; vomiting; loss of appetite; fatigue; rapid heart beat; dark urine; decreased amount of urine; stomach pain; seizures; hallucinations; or muscle cramps and spasms']"
625001,Alteplase Injection,"['bleeding', 'itching, rash, hives', 'swelling of face, eyelids, lips, mouth, tongue or throat', 'trouble breathing, throat or chest tightness, feeling faint', 'vomiting blood or blood in the urine or stool', 'severe headache, nausea, vomiting', 'change\r\nin consciousness or wakefulness', 'weakness or numbness in face, arm or leg (usually on one side)', 'loss of vision', 'seizures']"
614060,Olaparib,"['diarrhea', 'constipation', 'heartburn', 'headache', 'decreased appetite', 'muscle, joint, or back pain', 'fatigue', 'dizziness', 'stomach pain or discomfort', 'taste changes', 'mouth pain or sores', 'rash', 'shortness of breath, new or worsening cough, difficulty breathing, wheezing, or fever', 'weakness', 'extreme tiredness', 'weight loss', 'unusual bruising or bleeding', 'pale skin', 'blood in urine or stool', 'fever, chills, cough, sore throat, difficulty urinating, pain when urinating, or other signs of infection', 'pain, tenderness, redness, or swelling in one leg', 'chest pain or tightness, shortness of breath, coughing up blood, fast or pounding heartbeat, rapid breathing']"
682685,Oxytocin Injection,"['nausea', 'vomiting', 'rash', 'hives', 'itching', 'difficulty breathing or swallowing', 'swelling of the face, throat, tongue, lips, eyes, hands, feet, ankles, or lower legs', 'fast heartbeat', 'unusual bleeding']"
611021,Valrubicin Intravesical,"['frequent, urgent, or painful urination', 'difficulty urinating', 'abdominal pain', 'nausea', 'headache', 'weakness', 'tiredness', 'red colored urine occurring more than 24 hours after treatment', 'painful urination occurring more than 24 hours after treatment', 'blood in urine']"
611022,Alcaftadine Ophthalmic,"['eye irritation', 'itching, burning, or stinging of the eye', 'eye redness', 'runny nose', 'headache']"
626018,Lerodalcibep-liga Injection,"['redness, itching, swelling, pain, bruising, or tenderness at the injection site', 'runny or stuffy nose', 'sore throat', 'nausea', 'diarrhea', 'swelling in the arms, hands, legs, or feet']"
611004,Tocilizumab Injection,"['headache', 'runny nose or sneezing', 'redness, itching, pain, or swelling in the place where tocilizumab was injected', 'constipation', 'diarrhea', 'anxiety', 'difficulty falling asleep or staying asleep', 'rash; flushing; hives; itching; swelling of the eyes, face, lips, tongue, or throat; wheezing; difficulty breathing or swallowing; dizziness or fainting; sweating; fast or racing heartbeat; or chest pain', 'swelling of the hands, feet, ankles, or lower legs', 'fever, ongoing stomach-area pain, or change in bowel habits', 'yellow eyes or skin; right upper abdominal pain; unexplained bruising or bleeding; loss of appetite; confusion; yellow or brown-colored urine; or pale stools']"
625019,Norepinephrine Injection,"['headache', 'anxiety', 'rash, difficulty swallowing or breathing', 'redness, burning, pain, or changes to the skin near the site of injection', 'skin changes on arms or legs', 'changes in heartbeat', 'dizziness, weakness, fainting']"
601099,Potassium,"['upset stomach', 'vomiting', 'diarrhea', 'mental confusion', 'listlessness', 'tingling, prickling, burning, tight, or pulling sensation of arms, hands, legs, or feet', 'heaviness or weakness of legs', 'cold, pale, gray skin', 'stomach pain', 'unusual stomach bulging', 'black stools']"
699012,Abacavir,"['headache', 'tiredness', 'nausea, vomiting', 'difficulty falling asleep or staying asleep', 'hives, itching, blisters or peeling skin, difficulty swallowing or breathing', 'excessive tiredness; weakness, dizziness or lightheadedness; fast or irregular heartbeat; muscle pain; stomach pain with nausea and vomiting; shortness of breath or difficulty breathing; flu-like symptoms such as fever, chills, or cough; or feeling cold, especially in the arms or legs', 'light-colored bowel movements; yellowing of the skin or eyes; loss of appetite; unusual bleeding or bruising; dark yellow or brown urine; or pain in the upper right part of stomach']"
682389,Imipramine,"['nausea', 'drowsiness', 'weakness or tiredness', 'excitement or anxiety', 'nightmares', 'dry mouth', 'skin more sensitive to sunlight than usual', 'changes in appetite or weight', 'constipation', 'difficulty urinating', 'frequent urination', 'changes in sex drive or ability', 'excessive sweating', 'jaw, neck, and back muscle spasms', 'slow or difficult speech', 'shuffling walk', 'uncontrollable shaking of a part of the body', 'fever, sore throat, or other signs of infection', 'difficulty breathing or swallowing', 'severe rash', 'yellowing of the skin or eyes', 'irregular heartbeat']"
619024,Emapalumab-lzsg Injection,"['constipation', 'nose bleeds', 'irritability', 'swelling in the hands, feet, ankles, or lower legs', 'fast, slow, or irregular heartbeat', 'fast breathing', 'bloody or black, tarry stools; or vomiting blood or brown material that resembles coffee grounds']"
624017,Eplontersen injection,"['bruising, pain or redness at the site of injection', 'vomiting', 'blurred vision', 'difficulty seeing at night or in low lit areas, dry eyes']"
617029,Telotristat,"['nausea', 'headache', 'depression', 'swelling of your hands, feet, or legs', 'gas', 'decreased appetite', 'fever', 'constipation', 'abdominal pain', 'rash or itching', 'swelling around the lips or eyes, difficulty breathing']"
692045,Teniposide Injection,"['nausea', 'vomiting', 'sores in the mouth or tongue', 'diarrhea', 'hair loss', 'blurred vision', 'pale skin', 'excessive tiredness', 'headache', 'confusion', 'pain, numbness, burning, or tingling in the hands or feet', 'slow or irregular heartbeat']"
617021,Dupilumab Injection,"['redness or pain at the injection site', 'sore throat, runny nose, cough, fever, or other sign of infection', 'mouth or lip sores', 'toothache', 'difficulty falling asleep or staying asleep', 'dizziness', 'diarrhea', 'muscle pain', 'headache', 'new or worsening eye problems, including eye pain, blurred vision, pink or red eye(s), red or swollen eyelids, or changes in vision', 'rash, shortness of breath, fever, chest pain, brown or dark colored urine, feeling of pins and needles, or numbness in arms or legs', 'new or worsening joint pain', 'new or worsening skin problem', 'swelling of the face, eyelids, tongue, or throat; swollen lymph nodes; difficulty swallowing or breathing; tightness in the chest or throat; rapid heartbeat; fainting, dizziness, or feeling lightheaded', 'rash; hives; itching; or flat, firm, hot, red and painful skin lumps', 'nausea or vomiting, stomach cramps, or fever']"
685019,Nafcillin Injection,"['diarrhea', 'severe diarrhea (watery or bloody stools) that may occur with or without fever and stomach cramps (may occur up to 2 months or more after your treatment)', 'hives, rash, itching, fever, that may occur along with stomach, muscle, or joint pain', 'difficulty swallowing or breathing', 'swelling of the face, throat, tongue, lips, eyes, hands, feet, ankles, or lower legs', 'hoarseness', 'dizziness or fainting', 'tenderness, warmth, redness, swelling, or pain near the injection site']"
622014,Bebtelovimab Injection,"['bleeding, bruising, pain, soreness, or swelling at injection site', 'itching', 'red, itchy, swollen skin', 'fever, difficulty breathing, changes in heart rate, tiredness, weakness, or confusion']"
619028,Testosterone,"['heartburn', 'diarrhea', 'gas', 'headache', 'joint and muscle pain', 'weight gain', 'lower leg pain, swelling, warmth, or redness', 'difficulty breathing, especially at night', 'swelling of the hands, feet, and ankles', 'sudden unexplained weight gain', 'erections that happen too often or that last too long', 'difficulty urinating, weak urine flow, frequent urination, sudden need to urinate right away', 'nausea or vomiting, extreme tiredness, yellowing of the skin or eyes, dark urine, or pain in the upper right part of the stomach', 'mood changes including depression, anxiety, or becoming suicidal (thinking about harming or killing oneself or planning or trying to do so)', 'enlarged or painful breasts']"
699049,Becaplermin Topical,"['rash', 'burning feeling at or near the area that you applied becaplermin gel']"
624067,Anacaulase-bcdb topical,"['vomiting', 'nausea', 'difficulty falling asleep or staying asleep', 'runny nose', 'rapid or increased heartbeat', 'hives; rash; itching; swelling of the lips, tongue, or throat; shortness of breath or difficulty breathing', 'itching, pain, or discomfort at the wound site', 'unusual bruising or bleeding', 'fever, sore throat, ongoing cough and congestion,  burning or pain when you urinate, or other signs of infection']"
614035,Belinostat Injection,"['constipation', 'headache', 'tiredness', 'decreased appetite', 'pain at the injection site', 'swelling of the hands, feet, or ankles', 'rash', 'fever, cough, chills, muscle aches, worsening skin problems, flu-like symptoms, or other signs of infection', 'painful, frequent, burning or difficult urination', 'unusual bleeding or bruising', 'dizziness, weakness, excessive tiredness, pale skin, or shortness of breath', 'yellowing of the skin or eyes, pain in the right upper stomach area, dark urine, or itching', 'nausea, vomiting, diarrhea, fainting, seizures, irregular heartbeat, dark or cloudy urine, unusual tiredness, or muscle or joint pain']"
687007,Zidovudine,"['stomach pain or cramps', 'heartburn', 'diarrhea (especially in children)', 'constipation', 'headache', 'difficulty falling asleep or staying asleep', 'rash; itching; hives; blistering or peeling of the skin; difficulty breathing or swallowing; swelling of the eyes, face, tongue, lips, or throat']"
682737,Cefoxitin Injection,"['pale skin, weakness, or shortness of breath when exercising', 'pain, redness, swelling, or bleeding near the place where cefoxitin was injected', 'diarrhea', 'watery or bloody stools, stomach cramps, or fever during treatment or for up to two or more months after stopping treatment', 'flushing', 'rash', 'peeling, blistering, or shedding skin', 'itching', 'hives', 'yellow skin or eyes', 'swelling of the face, throat, tongue, lips, and eyes', 'difficulty swallowing or breathing', 'hoarseness', 'decreased urination', 'swelling in legs and feet', 'a return of fever, sore throat, chills, or other signs of infection']"
625085,Linvoseltamab-gcpt Injection,"['joint or muscle pain', 'nausea, diarrhea', 'headache', 'shortness of breath', 'tiredness, weakness', 'extreme tiredness; loss of appetite; pain in upper right side of your stomach, dark urine, or yellowing of the skin or eyes', 'sore throat, cough, fever, chills, or other signs of infection']"
617011,Etelcalcetide Injection,"['nausea', 'vomiting', 'diarrhea', 'headache', 'rash', 'hives', 'itching', 'swelling of the face', 'tingling, prickling, or burning sensation on the skin', 'muscle spasms or pain', 'seizures', 'irregular heartbeat', 'fainting', 'shortness of breath', 'weakness', 'sudden, unexplained weight gain', 'new or worsening swelling in the ankles, legs, or feet', 'bright red blood in vomit', 'vomit that looks like coffee-grounds', 'black, tarry, or bright red stools']"
624004,Toripalimab-tpzi Injection,"['nausea', 'vomiting', 'constipation', 'muscle or bone pain', 'difficulty falling asleep or staying asleep', 'blisters or peeling skin, rash, or itching', 'painful sores or ulcers in mouth or nose, throat, or genital area', 'fever or flu-like symptoms', 'swollen glands', 'shortness of breath', 'chest pain', 'new or worsening cough', 'diarrhea; stools that are black, tarry, sticky, or have blood or mucus; or abdominal pain or tenderness', 'increased or decreased appetite', 'increased thirst', 'yellowing of the eyes or skin, severe nausea or vomiting, unusual bleeding or bruising, or pain or discomfort in right upper stomach area', 'tiredness or weakness', 'headaches, including those that are unusual or will not go away', 'feeling cold', 'hair loss', 'deepening of voice or hoarseness', 'rapid or irregular heartbeat', 'increased sweating', 'changes in weight (gain or loss)', 'stiff neck', 'confusion, sleepiness, or changes in mood or behavior (decreased sex drive, irritability, or forgetfulness)', 'balance problems', 'pain, burning, tingling, or numbness in the hands or feet', 'double vision, blurry vision, eye sensitivity to light, eye pain, or changes in vision', 'change in amount or color of urine', 'swelling of feet, ankles, or lower legs', 'persistent muscle pain or weakness or muscle cramps']"
625011,Zenocutuzumab-zbco Injection,"['diarrhea', 'nausea', 'vomiting', 'constipation', 'stomach swelling or pain', 'mouth sores', 'unusual tiredness and weakness', 'muscle, joint, or bone pain', 'decreased appetite', 'dry skin', 'feeling anxious', 'new or worsening trouble breathing, shortness of breath, cough, or fever', 'swelling of the ankles, or lower legs; sudden weight gain; dizziness; loss of consciousness; or fast, irregular, or pounding heartbeat', 'nosebleeds or other unusual bleeding or bruising']"
612013,Basiliximab Injection,"['nausea', 'vomiting', 'diarrhea', 'constipation', 'stomach pain', 'heartburn', 'swelling of the hands, feet, ankles, or lower legs', 'runny nose', 'headache', 'shaking of a part of the body that you cannot control', 'difficulty falling asleep or staying asleep', 'pain in the place where you received the injection', 'hives', 'rash', 'itching', 'sneezing', 'cough', 'wheezing', 'difficulty breathing or swallowing', 'fast heartbeat', 'muscle aches', 'fatigue', 'lightheadedness, dizziness, or fainting', 'weight gain and swelling all over the body', 'sore throat, fever, chills, or other signs of infection', 'difficult or painful urination', 'decreased urination']"
617027,Edaravone Injection,"['bruising', 'difficulty walking', 'headache', 'red, itchy, or scaly rash', 'difficulty breathing, chest tightness, wheezing, and coughing (especially in people with asthma)']"
622056,Edaravone Oral,"['bruising', 'difficulty walking', 'headache', 'red, itchy, or scaly rash', 'difficulty breathing, chest tightness, wheezing, and coughing (especially in people with asthma)']"
623025,Agalsidase beta Injection,"['cough, sore throat, runny nose, or other signs of infection', 'fatigue', 'back pain', 'ringing in the ears', 'hearing loss', 'repeatedly picking or scratching skin', 'anxiety', 'depression', 'hot flashes', 'falling']"
624002,Zilucoplan Injection,"['pain, bruising or redness at the site of injection', 'diarrheadark or thickened patches of skin', 'cough, fever, difficulty breathing or any signs of an infection']"
625117,Tropicamide Ophthalmic,"['stinging in the eye', 'headache', 'dry mouth', 'nausea, vomiting', 'changes in behavior or mental confusion (usually in children)', 'difficulty breathing (usually in children)']"
624073,Faricimab-svoa Injection,"['feeling like something is in your eye', 'teary eyes', 'eye redness or pain', 'eye sensitivity to light', 'blurred vision', 'decrease or changes in vision', 'seeing ""floaters"" or small specks', 'bleeding in or around the eye', 'chest pain', 'shortness of breath', 'slow or difficult speech', 'weakness or numbness of an arm or leg', 'hives, rash, itching, or skin redness']"
618014,Netarsudil Ophthalmic,"['burning, stinging, or eye pain after instilling the medication', 'discoloration of the eye', 'eye pain', 'changes in vision (blurriness, difficulty seeing)', 'eye sensitivity to light', 'teary eyes', 'eye or eye lid redness']"
616020,Uridine Triacetate,"['vomiting', 'nausea', 'diarrhea']"
614005,Mifepristone (Korlym),"['headache', 'vomiting', 'dry mouth', 'diarrhea', 'constipation', 'joint or muscle pain', 'swelling of the hands, feet, ankles, or lower legs', 'rash', 'itching', 'nausea', 'loss of appetite', 'dizziness or lightheadedness', 'unusual tiredness or weakness', 'nervousness or irritability', 'shakiness', 'sweating', 'muscle weakness, aches, or cramps', 'rapid, irregular, or pounding heartbeats', 'unexpected vaginal bleeding or spotting', 'shortness of breath']"
600042,Mifepristone (Mifeprex),"['vaginal bleeding or spotting', 'cramps, pelvic pain', 'vaginal burning, itching, or discharge', 'headache']"
617003,Bezlotoxumab Injection,"['nausea', 'fever', 'shortness of breath or trouble breathing', 'swelling of the ankles, feet, leg, or stomach']"
682509,Scopolamine Transdermal Patch,"['disorientation', 'dry mouth', 'drowsiness', 'dilated pupils', 'dizziness', 'sweating', 'sore throat', 'rash', 'redness', 'eye pain, redness, or discomfort; blurred vision; seeing halos or colored images', 'agitation', 'seeing things or hearing voices that do not exist (hallucinating)', 'confusion', 'believing things that are not true', 'not trusting others or feeling that others want to hurt you', 'difficulty speaking', 'seizure', 'painful or difficulty urinating', 'stomach pain, nausea, or vomiting']"
624053,Sotatercept-csrk Injection,"['headache', 'nose bleeds', 'rash or redness on the skin', 'tiny blood vessels that look like pink or red lines on the skin (spider veins)', 'bruising easily', 'diarrhea', 'dizziness', 'vomiting blood or your vomit looks like coffee-grounds', 'pink or brown urine', 'red or black stools that look like tar', 'coughing up blood or blood clots', 'dizziness or feeling weak', 'persistent abdominal cramps', 'severe back pain', 'heavy menstrual bleeding']"
622040,Treprostinil,"['headache', 'diarrhea', 'nausea', 'vomiting', 'flushing', 'jaw pain', 'pain in arms or legs', 'stomach pain']"
614017,Iron Sucrose Injection,"['constipation', 'arm, leg, or back pain', 'muscle cramps', 'loss of energy', 'changes in taste', 'ear pain', 'fever', 'pain, redness, or swelling in the joints, especially the big toe', 'soreness, redness, or burning at the injection site', 'chest pain']"
625002,Cosibelimab-ipdl Injection,"['muscle or bone pain', 'feeling tired or weak', 'nausea', 'constipation', 'swelling of arms, hands, feet, or lower legs', 'headache', 'cough, irregular heartbeat, chest pain, or shortness of breath', 'diarrhea; stools that are black, tarry, sticky, or have blood or mucus; or abdominal pain or tenderness', 'yellow eyes or skin, severe nausea or vomiting, dark urine, loss of appetite, unusual bleeding or bruising, or pain or discomfort in right upper stomach area', 'rash; blistering or peeling skin; itching; swollen lymph nodes; fever or flu-like symptoms; or painful sores or ulcers in mouth or nose, throat, or genital area', 'decreased urine amount, swelling in your ankles, blood in urine, or loss of appetite', ""headaches that won't go away or unusual headaches, feeling more hungry or thirsty than usual, increased sweating, extreme tiredness; frequent urination, or weight changes"", 'double vision, blurry vision, eye sensitivity to light, eye pain, or changes in vision', 'feeling cold, deepening of voice or hoarseness, hair loss, irritability; dizziness or fainting, fast heartbeat, forgetfulness, or changes in sexual desire', 'confusion, sleepiness, memory problems, changes in mood or behavior, stiff neck, balance problems, or tingling or numbness of arms or legs', 'persistent muscle pain or weakness or muscle cramps']"
613019,Teduglutide Injection,"['skin problems at the site of injection', 'hives', 'rash', 'itching', 'red spots on the skin', 'headache', 'gas', 'changes in appetite', 'difficulty falling asleep or staying asleep', 'runny nose', 'sneezing', 'cough', 'flu-like symptoms', 'pain, swelling, or tenderness in the abdomen (stomach area)', 'swelling and blockage at the stoma opening (in patients who have a stoma)', 'fever', 'chills', 'change in your stools', 'difficulty having a bowel movement or passing gas', 'nausea', 'vomiting', 'dark urine', 'yellowing of the skin or eyes', 'swelling of the feet or ankles', 'rapid weight gain', 'difficulty breathing']"
610010,Golimumab Injection,"['redness, itching, bruising, pain, or swelling in the place where golimumab was injected', 'dizziness', 'chest pain, shortness of breath, sudden weight gain, or swelling of the ankles or lower legs', 'vision changes, weakness in arms or legs, or numbness or tingling in any part of the body', 'red scaly patches or pus-filled bumps on the skin', 'new or changing skin lesions or skin growths or bumps', 'loss of appetite, vomiting, yellowing of the skin or eyes, or pain in the upper right part of the stomach', 'easy bruising or bleeding', 'pale skin', 'rash on the cheeks or other part of the body; sensitivity to the sun; new muscle or joint pain; tiredness; chest pain; shortness of breath; or swelling of the feet ankles, or legs', 'hives; itching; swelling of the eyes, face, lips, tongue, mouth, or throat; or difficulty breathing or swallowing']"
611013,Ustekinumab Injection,"['headache', 'runny, stuffed nose, or sneezing', 'tiredness', 'redness or irritation at the injection site', 'nausea', 'vomiting', 'diarrhea', 'joint pain', 'sudden severe headache, confusion, vision changes, or seizures', 'rash; itching; hives; swelling of the face, eyelids, tongue, or throat; feeling faint; tightness in the chest or throat; shortness of breath or difficulty breathing', ""shortness of breath or cough that doesn't go away"", 'new or worsening skin lesions']"
604021,Ciclopirox Topical,"['redness at the place where you applied ciclopirox', 'irritation, itching, burning, blistering, swelling, or oozing at the place where you applied ciclopirox', 'pain at the affected nail(s) or surrounding area', 'discoloration or change in shape of nail(s)', 'ingrown nail(s)']"
682821,Thiotepa Injection,"['nausea', 'vomiting', 'loss of appetite', 'stomach pain', 'unusual tiredness or weakness', 'dizziness', 'headache', 'blurry vision', 'sore or red eyes', 'hair loss', 'pain in the place where the medication was injected', 'hives', 'rash', 'itching', 'difficulty breathing or swallowing', 'frequent, urgent, or painful urination', 'blood in the urine']"
681039,Lithium,"['restlessness', 'fine hand movements that are difficult to control', 'mild thirst', 'loss of appetite', 'stomach pain', 'gas', 'indigestion', 'weight gain or loss', 'dry mouth', 'excessive saliva in the mouth', 'change in the ability to taste food', 'swollen lips', 'acne', 'hair loss', 'unusual discomfort in cold temperatures', 'constipation', 'depression', 'joint or muscle pain', 'paleness', 'thin, brittle fingernails or hair', 'itching', 'rash', 'unusual tiredness or weakness', 'excessive thirst', 'frequent urination', 'slow, jerky movements', 'movements that are unusual or difficult to control', 'blackouts', 'seizures', 'fainting', 'dizziness or lightheadedness', 'fast, slow, irregular, or pounding heartbeat', 'shortness of breath', 'chest tightness', 'confusion', 'hallucinations (seeing things or hearing voices that do not exist)', 'crossed eyes', 'painful, cold, or discolored fingers and toes', 'headache', 'pounding noises inside the head', 'swelling of the feet, ankles, or lower legs', 'drowsiness', 'shaking of a part of your body that you cannot control', 'muscle weakness, stiffness, twitching, or tightness', 'loss of coordination', 'diarrhea', 'vomiting', 'slurred speech', 'giddiness', 'ringing in the ears', 'blurred vision']"
624026,Tislelizumab-jsgr injection,"['tiredness', 'fever', 'muscle, bone and joint pain', 'weight loss', 'nausea', 'vomiting', 'decreased appetite', 'cough, chest pain, or shortness of breath', 'diarrhea; severe stomach pain or tenderness; or, black, tarry or sticky stools', 'yellowing of the skin or whites of the eyes, nausea or vomiting, pain on the right side of your abdomen, dark urine, or bruising easily', 'headaches that do not go way, sensitivity to light, feeling like your heart is racing, sweating more than usual, exhaustion, unexpected changes in weight, increase in hunger or thirst, increased urgency or need to urinate, hair loss, feeling cold, constipation, dizziness or fainting, or changes in mood or behavior', 'decrease in the amount of urine or blood in your urine, ankle swelling, loss of appetite', 'rash; itching; blistering or peeling skin; sores or ulcers in your mouth, throat, nose, or genital area; swollen lymph nodes; or fever or flu-like symptoms', 'irregular heartbeat, chest pain, shortness of breath or swelling of ankles', 'confusion, sleepiness, memory problems, changes in mood or behavior, stiff neck, balance problems, tingling or numbness of arms or legs', 'double vision, blurry vision, sensitivity to light, eye pain or changes in eyesight', 'persistent or severe muscle pain, weakness']"
624066,Motixafortide Injection,"['back pain', 'numbess, tingling, prickling or burning feeling of the skin', 'nausea', 'itching; flushing; redness or rash of skin; swelling of tongue, lips, or face; feeling faint; swelling or tightness in throat; difficulty breathing or shortness of breath', 'pain, redness, bruising, mass, swelling or itching at site of injection']"
689011,Metronidazole,"['vomiting', 'nausea', 'diarrhea', 'constipation', 'upset stomach', 'stomach cramps', 'loss of appetite', 'headache', 'dry mouth', 'sharp, unpleasant metallic taste', 'furry tongue; mouth or tongue irritation', 'numbness, pain, burning, or tingling in your hands or feet', 'seizures', 'rash', 'itching', 'hives', 'peeling or blistering skin', 'flushing', 'stuffy nose, fever, sore throat, or other signs of infection', 'dizziness', 'difficulty speaking', 'problems with coordination', 'confusion']"
621029,Vitamin E (Alpha-Tocopherol),['unusual bleeding or bruising']
682301,Digoxin,"['dizziness or lightheadedness', 'drowsiness', 'vision changes (blurred or yellow)', 'rash', 'irregular heartbeat', 'upset stomach', 'vomiting', 'diarrhea', 'loss of appetite', 'swelling of the feet or hands', 'unusual weight gain', 'difficulty breathing']"
620049,Lurbinectedin Injection,"['fatigue', 'nausea', 'vomiting', 'constipation', 'diarrhea', 'loss of appetite', 'joint or bone pain', 'headache', 'tingling, numbness, and pain in the hands and feet', 'chest pain', 'shortness of breath', 'light-colored bowel movements, yellowing of the skin or eyes, loss of appetite, dark yellow or brown urine, or pain in the upper right part of stomach', 'unusual bleeding or bruising', 'fever, cough, chills, or other signs of infection', 'tiredness or pale skin', 'severe muscle pain or weakness']"
618057,Pegvaliase-pqpz Injection,"['itching,  bruising, or rash at the injection site', 'joint pain', 'headache', 'stomach pain', 'mouth and throat pain', 'feeling tired', 'anxiety', 'hair loss', 'cough or stuffy nose', 'redness, pain, swelling, tenderness, blistering, or hardening at the injection site; fluid or pus at the injection site; or a dark scab or open wound at the injection site', 'rash, itching, hives, or skin redness that lasts at least 14 days']"
610008,Rasburicase Injection,"['nausea', 'vomiting', 'constipation', 'diarrhea', 'stomach pain', 'mouth sores', 'throat pain', 'fever', 'headache', 'anxiety', 'join pain', 'swelling of the hands, feet, ankles, or lower legs', 'pain, redness, swelling, or tenderness at the injection site']"
623028,Buprenorphine Injection (Pain Relief),"['nausea', 'vomiting', 'headache', 'dizziness', 'drowsiness', 'sweating', 'rash; hives; itching; difficulty breathing or swallowing; or swelling of your face, throat, tongue, lips, or eyes', 'agitation, hallucinations (seeing things or hearing voices that do not exist), fever, sweating, confusion, fast heartbeat, shivering, slurred speech, severe muscle stiffness or twitching, loss of coordination, or diarrhea', 'nausea, vomiting, loss of appetite, weakness, or dizziness', 'inability to get or keep an erection', 'irregular menstruation', 'decreased sexual desire', 'narrowing or widening of the pupils (black circles in the center of the eye)', 'seizure']"
616019,Buprenorphine Buccal (chronic pain),"['diarrhea', 'dry mouth', 'sleepiness', 'headache', 'changes in heartbeat', 'agitation, hallucinations (seeing things or hearing voices that do not exist), fever, sweating, confusion, fast heartbeat, shivering, severe muscle stiffness or twitching, loss of coordination, or diarrhea', 'nausea, vomiting, loss of appetite, weakness, or dizziness', 'inability to get or keep an erection', 'irregular menstruation', 'decreased sexual desire', 'chest pain', 'swelling of your face, tongue or throat', 'rash', 'hives', 'worsening pain, increased sensitivity to pain, or new pain, especially after using buprenorphine']"
618015,Buprenorphine Injection (opioid dependence),"['nausea', 'vomiting', 'headache', 'fatigue', 'difficulty falling asleep or staying asleep', 'pain, itching, swelling, discomfort, redness, bruising, or bumps in the injection site', 'painful or difficult urination', 'slowed, shallow, or difficulty breathing', 'shortness of breath.', 'agitation, hallucinations (seeing things or hearing voices that do not exist), fever, sweating, confusion, fast heartbeat, shivering, slurred speech, severe muscle stiffness or twitching, loss of coordination, nausea, vomiting, or diarrhea', 'nausea, vomiting, loss of appetite, weakness, or dizziness', 'inability to get or keep an erection', 'irregular menstruation', 'decreased sexual desire', 'rash; hives; itching; difficulty breathing or swallowing; lightheadedness; feeling faint; or swelling of your face, throat, tongue, lips, or eyes', 'slurred speech', 'blurred vision', 'changes in heartbeat', 'yellowing of the skin or eyes, dark-colored urine, light-colored stools, loss of appetite, nausea, or pain in the upper right part of the stomach']"
613042,Buprenorphine Transdermal Patch,"['difficulty falling asleep or staying asleep', 'headache', 'dry mouth', 'stomach pain', 'skin irritation, itching, swelling, or redness in the area where you wore the patch', 'difficulty breathing or swallowing', 'shortness of breath', 'changes in heartbeat', 'agitation, hallucinations (seeing things or hearing voices that do not exist), fever, sweating, confusion, fast heartbeat, shivering, severe muscle stiffness or twitching, loss of coordination, or diarrhea', 'nausea, vomiting, loss of appetite, weakness, or dizziness', 'inability to get or keep an erection', 'irregular menstruation', 'decreased sexual desire', 'chest pain', 'swelling of your face, tongue or throat', 'rash', 'hives', 'itching']"
616014,Cyclopentolate Ophthalmic,"['stinging, burning, or discomfort in the eye', 'itching or redness of the eye', 'redness, swelling or other symptoms of pink eye', 'problems with coordination (usually in children)', 'slurred speech (usually in children)', 'restlessness (usually in children)', 'drowsiness', 'hallucinations (usually in children)', 'hyperactivity and other changes in behavior (usually in children)', 'seizures (usually in children)', 'mental confusion (usually in children)', 'failure to recognize people (usually in children)', 'rash', 'bloating of the abdomen (when used in infants)', 'fever', 'difficulty urinating', 'decreased sweating', 'dry mouth']"
620053,Tafasitamab-cxix Injection,"['diarrhea', 'constipation', 'nausea', 'vomiting', 'decreased appetite', 'stomach pain', 'back pain', 'muscle spasms', 'rash', 'itching', 'swelling of the arms, hands, feet, ankles, or legs', 'unusual tiredness or weakness', 'headache', 'fever, sore throat, chills, cough, burning or painful urination, or other signs of infection', 'unusual bruising or bleeding', 'pale skin, fatigue, or shortness of breath']"
689002,Diclofenac,"['diarrhea', 'constipation', 'gas or bloating', 'headache', 'dizziness', 'ringing in the ears', 'unexplained weight gain', 'shortness of breath or difficulty breathing', 'swelling of the abdomen, feet, ankles, or lower legs', 'excessive tiredness', 'lack of energy', 'nausea', 'loss of appetite', 'itching', 'pain in the upper right part of the stomach', 'yellowing of the skin or eyes', 'flu-like symptoms', 'fever', 'blisters', 'rash', 'hives', 'swelling of the eyes, face, tongue, lips, throat, arms, or hands', 'difficulty breathing or swallowing', 'hoarseness', 'pale skin', 'fast heartbeat', 'cloudy, discolored, or bloody urine', 'back pain', 'difficult or painful urination']"
625008,Sugammadex Injection,"['nausea', 'vomiting', 'headache', 'feeling faint, lightheaded, or dizzy', 'itching, rash, hives', 'difficulty breathing or swallowing', 'slowed heartbeat']"
617044,Copanlisib Injection,"['diarrhea', 'nausea', 'vomiting', 'mouth sores, ulcers, or pain', 'burning, prickling, tingling, or numb feeling on the skin', 'pain upon touch', 'swelling of nose, throat, or mouth', 'lack of strength or energy', 'unusual bleeding or bruising', 'new or worsening cough, shortness of breath, or difficulty breathing', 'rash; or red, itching, peeling or swelling skin', 'fever, sore throat, chills, or other signs of infection', 'feeling very hungry or thirsty, headache, or frequent urination']"
605031,Pramlintide Injection,"['redness, swelling, bruising, or itching at the pramlintide injection site', 'loss of appetite', 'stomach pain', 'excessive tiredness', 'dizziness', 'cough', 'sore throat', 'joint pain']"
610024,Dabigatran,"['stomach pain', 'upset stomach', 'heartburn', 'nausea', 'unusual bruising or bleeding', 'pink or brown urine', 'red or black, tarry stools', 'coughing up blood', 'vomiting material that is bloody or looks like coffee grounds', 'bleeding from the gums, frequent nosebleeds', 'heavy menstrual bleeding', 'bleeding from a cut that lasts longer than normal', 'joint pain or swelling', 'headache', 'dizziness or feeling faint', 'weakness', 'hives, rash, itching', 'difficulty breathing or swallowing', 'chest pain or tightness', 'swelling of the face, throat, tongue, lips, eyes, arms, hands, feet, ankles, or lower legs']"
614049,Tavaborole Topical,"['peeling, redness, itching, or swelling of the skin around the affected toenail(s)', 'ingrown toenail']"
615058,Mepolizumab Injection,"['pain, redness, swelling, warmth, burning, or itching in the place mepolizumab was injected', 'headache', 'dry and itchy skin with or without red, scaly rashes', 'arm, leg, or back pain', 'muscle spasms', 'mouth or throat pain', 'joint pain', 'nasal dryness', 'cough', 'diarrhea', 'hives; rash; flushing; swelling of the face, mouth, and tongue; difficulty breathing or swallowing; shortness of breath; dizziness; or fainting']"
607038,Rituximab Injection,"['diarrhea', 'back or joint pain', 'flushing', 'night sweats', 'feeling unusually anxious or worried', 'mouth sores', 'unusual bruising or bleeding', 'sore throat, runny nose, cough, fever, chills, or other signs of infection', 'earache', 'painful urination', 'redness, tenderness, swelling or warmth of area of skin', 'chest tightness', 'severe stomach pain or vomiting', 'nausea, vomiting, diarrhea, and lack of energy']"
699040,Oseltamivir,"['nausea', 'vomiting', 'stomach pain', 'diarrhea', 'headache', 'rash, hives, or blisters on the skin', 'mouth sores', 'itching', 'swelling of the face or tongue', 'difficulty breathing or swallowing', 'hoarseness', 'confusion', 'speech problems', 'shaky movements', 'hallucinations (seeing things or hearing voices that do not exist)']"
601056,Fluticasone Oral Inhalation,"['headache', 'stuffy or runny nose', 'hoarseness', 'toothache', 'sore or irritated throat', 'painful white patches in the mouth or throat', 'fever', 'ear infection', 'hives', 'rash', 'itching', 'swelling of the face, throat, tongue, lips, eyes, hands, feet, ankles, or lower legs', 'difficulty breathing or swallowing', 'cough', 'shortness of breath']"
601057,Fluticasone Topical,"['itching, burning, irritation, redness, or dryness of the skin', 'acne', 'tiny red bumps or rash around the mouth', 'small white or red bumps on the skin', 'unwanted hair growth', 'bruising or shiny skin', 'severe rash', 'hives', 'redness, swelling, or other signs of skin infection in the place where you applied fluticasone']"
695002,Fluticasone Nasal Spray,"['headache', 'dryness, stinging, burning or irritation in the nose', 'sore throat', 'nausea', 'vomiting', 'diarrhea', 'bloody mucus in nose', 'dizziness', 'severe face pain', 'thick nasal discharge', 'fever, sore throat, chills, cough, and other signs of infection', 'whistling sound from the nose', 'hives', 'rash', 'itching', 'swelling of the face, throat, tongue, lips, eyes, hands, feet, ankles, or lower legs', 'hoarseness', 'difficulty breathing or swallowing', 'wheezing', 'feeling faint', 'severe or frequent nosebleeds', 'white patches in the throat, mouth, or nose', 'tiredness, weakness, nausea, or vomiting']"
618051,Cannabidiol,"['diarrhea', 'tiredness', 'difficulty falling asleep or staying asleep', 'loss of appetite', 'weight loss', 'stomach pain or discomfort', 'drooling or excessive saliva', 'problems with walking', 'rash', 'hives', 'redness', 'loss of appetite; nausea; vomiting; yellow skin or eyes; itching; unusual darkening of the urine; or right upper stomach area pain or discomfort', 'fever, cough, or other signs of infection']"
608019,Mitoxantrone Injection,"['nausea', 'vomiting', 'diarrhea', 'constipation', 'heartburn', 'loss of appetite', 'sores on the mouth and tongue', 'runny or stuffed nose', 'thinning or loss of hair', 'changes in the area around or under fingernails and toenails', 'missed or irregular menstrual periods', 'extreme tiredness', 'weakness', 'headache', 'back pain', 'unusual bleeding or bruising', 'small red or purple dots on the skin', 'hives', 'itching', 'rash', 'difficulty swallowing', 'shortness of breath', 'fainting', 'dizziness', 'pale skin', 'yellowing of the skin or eyes', 'seizures', 'redness, pain, swelling, burning, or blue discoloration at the site where the injection was given']"
625083,Garadacimab-gxii Injection,"['bruising, redness, itching at the site of injection', 'abdominal pain', 'runny nose, sneezing, sore throat']"
620056,Capsaicin Transdermal Patch,"['burning sensation at the place where the patch was applied', 'redness, itching, or small bumps at the place where the patch was applied', 'nausea', 'pain, swelling, or blistering at the place where the patch was applied', 'cough', 'eye irritation or pain', 'throat irritation']"
620055,Capsaicin Topical,"['burning sensation at the place where capsaicin was applied', 'redness, itching, or irritation at the place where capsaicin was applied', 'cough', 'sneezing', 'throat irritation', 'pain, swelling, or blistering at the place where capsaicin was applied', 'eye irritation or pain']"
622071,Elivaldogene autotemcel Injection,"['nausea', 'vomiting', 'constipation', 'diarrhea', 'stomach pain', 'decreased appetite', 'mouth sores', 'blurred vision', 'headache', 'hair loss', 'darkening of the skin', 'rash; itching; hives; swelling of your face, mouth, tongue, or throat; chest pain; fast heartbeat; or difficulty swallowing or breathing', 'unusual bruising or bleeding; nose bleed; severe headache; blood in urine, stool, or vomit; coughing up blood; or unusual abdominal or back pain', 'fever, sore throat, swollen glands, ongoing cough and congestion, or other signs of infection', 'weakness, feeling tired, or shortness of breath', 'seizure']"
616035,Atezolizumab Injection,"['back, neck, or joint pain', 'pale skin', 'swelling of arms', 'loss of appetite', 'nausea', 'vomiting', 'constipation', 'hair loss', 'stuffy or runny nose', 'diarrhea, stomach pain, blood or mucus in the stool, or black tarry, sticky, stools', 'ongoing pain that begins in the upper left or middle of the stomach but may spread to the back, fever, nausea, vomiting', 'fever, sore throat, cough, chills, flu-like symptoms, frequent, urgent, difficult, or painful urination, or other signs of infection', 'decreased urination, blood in urine, swelling in your ankles or feet, or loss of appetite', 'new or worsening cough which may be bloody, shortness of breath, or chest pain', 'yellowing of the skin or eyes, extreme tiredness, bleeding or bruising easily, nausea or vomiting, pain in the upper right part of the stomach, dark (tea-colored) urine, decreased appetite', ""headaches that won't go away or unusual headaches;\r\nextreme tiredness; rapid heartbeat; constipation; increased sweating; feeling cold; deepening of voice; hair loss; feeling more hungry or thirsty than usual; dizziness or fainting; increased urination;\r\nweight loss or gain; vision changes; changes in mood or behavior such as decreased sex drive or feeling irritable, confused, or forgetful"", 'rash or itching, blistering or peeling skin', 'sores in mouth, nose, throat, or genital area', 'persistent muscle pain, cramping, or weakness; neck stiffness', 'numbness or tingling in the arms or legs', 'blurry or double vision, sensitivity to light, or other vision problems, eye pain or redness', 'feeling more hungry or thirsty than usual, increased urination, extreme tiredness, weakness, breath that smells fruity', 'chest pain, shortness of breath, fast or irregular heartbeat, swelling of ankles']"
623046,Glofitamab-gxbm,"['pain in muscle, bone or joints', 'tiredness', 'swelling', 'rash', 'constipation or diarrhea', 'abdominal pain', 'fever, chills, weakness, cough, shortness of breath, or sore throat']"
618020,Ibalizumab-uiyk Injection,"['diarrhea', 'nausea', 'rash', 'dizziness']"
604035,Pancrelipase,"['headache', 'cough', 'sore throat', 'dizziness', 'bruising', 'feeling full after eating a small amount', 'gas', 'irritation or itching around the anus', 'rash', 'hives', 'itching', 'difficulty breathing or swallowing', 'hoarseness', 'nausea', 'vomiting', 'diarrhea', 'stomach pain or bloating', 'difficulty having bowel movements', 'pain, stiffness, redness, or swelling in joints, especially the big toe']"
682792,Dexamethasone,"['upset stomach', 'stomach irritation', 'vomiting', 'headache', 'dizziness', 'insomnia', 'restlessness', 'depression', 'anxiety', 'acne', 'increased hair growth', 'easy bruising', 'irregular or absent menstrual periods', 'skin rash', 'swollen face, lower legs, or ankles', 'vision problems', 'cold or infection that lasts a long time', 'muscle weakness', 'black or tarry stool']"
682586,Thiamine (Vitamin B1),"['flushing', 'hives', 'itching', 'weakness', 'sweating', 'nausea', 'restlessness']"
614020,Luliconazole Topical,"['irritation, itching, or stinging in the place where you applied the medication']"
623017,Retifanlimab-dlwr Injection,"['muscle or bone pain', 'nausea', 'vomiting', 'constipation', 'headache', 'unusual tiredness or weakness', 'new or worsening cough or shortness of breath', 'chest pain; shortness of breath; irregular heartbeat; or swelling of feet, ankles, or lower legs', 'diarrhea; blood in stools; dark, tarry, sticky stools; or stomach area pain or tenderness', 'yellowing of skin or eyes, dark-colored urine, bleeding or bruising more easily than normal, loss of appetite, decreased energy, or pain on right side of stomach area', ""headaches that won't go away or unusual headaches; rapid heartbeat;  increased sweating; voice changes; weight changes; feeling more hungry or thirsty than usual; dizziness or fainting; hair loss; changes in mood or behavior such as decreased sex drive, feeling irritable, confused, or forgetful; constipation; increased urination; or feeling cold"", 'changes in vision, including double vision or blurry vision; sensitivity to light; or eye pain', 'confusion; sleepiness; stiff neck; problems with balance; or tingling and weakness in the feet, legs, hands, and arms', 'decreased urination; blood in urine; swelling in ankles; or loss of appetite', 'rash; itching; blistering or peeling skin; sores in mouth, nose, throat, or genital area; swollen glands; or fever or flu-like symptoms', 'unusual bleeding or bruising']"
601054,Fluocinonide Topical,"['burning, itching, irritation, redness, or drying or cracking of the skin', 'acne', 'change in skin color', 'bruising or shiny skin', 'tiny red bumps or rash around the mouth', 'small white or red bumps on the skin', 'severe skin rash', 'redness, swelling, oozing pus or other signs of skin infection in the place where you applied fluocinonide', 'changes in the way fat is spread around the body', 'sudden weight gain', 'unusual tiredness', 'muscle weakness', 'depression and irritability']"
625016,Chlorhexidine Topical,"['irritation or redness', 'hives,\r\nrash, wheezing, difficulty breathing,\r\ndizziness, facial swelling\r\nof the face']"
625015,Chlorhexidine mouth rinse,"['changes in taste of food and beverages', 'rash, itching,  swelling of the mouth or throat, difficulty breathing, light headedness, rapid heart rate,\r\nupset stomach or diarrhea']"
623007,Mosunetuzumab-axgb Injection,"['tiredness, fever, swelling', 'rash, itching, dry skin', 'headache, tingling in hands or feet, dizziness', 'muscle or joint pain', 'diarrhea, nausea, abdominal pain', 'numbness or tingling in arms or legs, dizziness, forgetfulness, sleepiness or insomnia, tremors, loss of consciousness, seizures, loss of balance, trouble writing or speaking', 'cough, chest pain, shortness of breath, painful rash, sore throat, pain during urination, feeling weak or general unwell feeling', 'tender or swollen lymph nodes or pain or swelling at the site of the tumor', 'fever, easy bruising, tiredness, feeling full after eating small amounts of food, tenderness in upper left abdomen, yellowing of skin and eyes']"
696037,Cidofovir Injection,"['vomiting', 'nausea', 'diarrhea', 'loss of appetite', 'headache', 'hair loss', 'sores on the lips, mouth, or throat', 'rash', 'eye pain or redness', 'vision changes such as light sensitivity or blurred vision', 'fever, chills, or cough', 'shortness of breath', 'pale skin']"
605006,Natalizumab Injection,"['headache', 'extreme tiredness', 'drowsiness', 'joint pain or swelling', 'pain in arms or legs', 'back pain', 'swelling of the arms, hands, feet, ankles, or lower legs', 'muscle cramps', 'stomach pain', 'diarrhea', 'heartburn', 'constipation', 'gas', 'weight gain or loss', 'depression', 'night sweats', 'painful, irregular, or missed menstruation (period)', 'swelling, redness, burning, or itching of the vagina', 'white vaginal discharge', 'difficulty controlling urination', 'tooth pain', 'mouth sores', 'rash', 'dry skin', 'itching', 'sore throat, fever, cough, chills, flu like symptoms, stomach cramps, diarrhea, frequent or painful urination, sudden need to urinate right away, or other signs of infection', 'yellowing of the skin or eyes, nausea, vomiting, extreme tiredness, loss of appetite, dark urine, right upper abdominal pain', 'sudden fever, severe headache, and confusion', 'vision changes, eye redness, or pain', 'unusual bleeding or bruising', 'small, round, red or purple-colored spots on the skin', 'heavy menstrual bleeding']"
619015,Calaspargase pegol-mknl Injection,"['diarrhea', 'unusual or severe bleeding or bruising', 'ongoing pain that begins in the stomach area, but may spread to the back', 'increased thirst, frequent or increased urination', 'yellowing of skin or eyes; abdominal pain; nausea; vomiting; extreme tiredness; light colored stools; dark urine', 'severe headache; red, swollen, painful arm or leg; chest pain; shortness of breath', 'irregular or fast heartbeat', 'fever, chills, cough, or other signs of infection', 'shortness of breath especially when exercising; extreme tiredness; swelling of legs, ankles, and feet; irregular or fast heartbeat']"
614062,Peramivir Injection,"['constipation', 'difficulty falling asleep or staying asleep', 'rash, hives, or blisters on the skin', 'itching', 'swelling of the face or tongue', 'difficulty breathing or swallowing', 'wheezing', 'hoarseness']"
682598,Silver Sulfadiazine,"['pain', 'burning', 'itching', 'unusual bleeding or bruising', 'fever', 'sore throat', 'yellowing of the skin or eyes', 'blood in urine', 'aching joints', 'unusual weakness or tiredness', 'skin rash']"
682727,Fluoride,"['staining of teeth', 'unusual increase in saliva', 'salty or soapy taste', 'stomach pain', 'upset stomach', 'vomiting', 'diarrhea', 'rash', 'weakness', 'tremor', 'seizures']"
605040,Doxepin Topical,"['drowsiness', 'dry mouth', 'dry lips', 'thirst', 'headache', 'extreme tiredness', 'dizziness', 'mood changes', 'taste changes', 'burning or stinging at affected area', 'worsened itching', 'dryness and tightness of skin at affected area', 'tingling of the fingers or toes', 'swelling of the affected area']"
682390,"Doxepin (Depression, Anxiety)","['nausea', 'vomiting', 'weakness or tiredness', 'dizziness', 'increase in pupil size', 'dry mouth', 'mouth sores', 'skin more sensitive to sunlight than usual', 'flushing', 'changes in appetite or weight', 'changes in the way things taste', 'indigestion', 'constipation', 'diarrhea', 'difficulty urinating', 'excessive thirst and urination', 'ringing in your ears', 'changes in sex drive', 'swollen testicles', 'increased breast size', 'milky discharge from nipples in females', 'excessive sweating', 'chills', 'headache', 'hair loss', 'yellowing of the skin or eyes', 'fast heartbeat', 'unusual bleeding or bruising', 'skin rash, itching, or swelling']"
617017,Doxepin (Insomnia),"['nausea', 'dizziness']"
619028,Testosterone,"['heartburn', 'diarrhea', 'gas', 'headache', 'joint and muscle pain', 'weight gain', 'lower leg pain, swelling, warmth, or redness', 'difficulty breathing, especially at night', 'swelling of the hands, feet, and ankles', 'sudden unexplained weight gain', 'erections that happen too often or that last too long', 'difficulty urinating, weak urine flow, frequent urination, sudden need to urinate right away', 'nausea or vomiting, extreme tiredness, yellowing of the skin or eyes, dark urine, or pain in the upper right part of the stomach', 'mood changes including depression, anxiety, or becoming suicidal (thinking about harming or killing oneself or planning or trying to do so)', 'enlarged or painful breasts']"
616009,Necitumumab Injection,"['acne', 'dry or cracked skin', 'diarrhea', 'vomiting', 'weight loss', 'sores on lips, mouth, or throat', 'vision changes', 'red, watery, or itchy eye(s)', 'redness or swelling around the fingernails or toenails', 'itching', 'leg pain, swelling, tenderness, redness, or warmth', 'sudden chest pain or tightness', 'weakness or numbness in an arm or leg', 'slurred speech', 'rash', 'difficulty swallowing', 'coughing up blood']"
607057,Pegaptanib Injection,"['eye discharge', 'eye discomfort', 'diarrhea', 'nausea', 'dizziness', 'hives', 'rash', 'itching', 'difficulty breathing or swallowing', 'swelling of the face, throat, tongue, lips, eyes, hands, feet, ankles, or lower legs', 'hoarseness', 'eye redness or pain', 'sensitivity to light', 'change or decrease in vision', 'blurred vision', 'floaters in the eye', 'seeing flashes of light', 'swelling of the eyelid']"
682799,Betamethasone Topical,"['burning, itching, irritation, stinging, redness, or dryness of the skin', 'acne', 'unwanted hair growth', 'skin color changes', 'bruising or shiny skin', 'tiny red bumps or rash around the mouth', 'small white or red bumps on the skin', 'severe rash', 'redness, swelling, or other signs of skin infection in the place where you applied betamethasone']"
623001,Etranacogene dezaparvovec-drlb Injection,"['headache', 'nausea', 'tiredness', 'feeling unwell', 'unusual bleeding or bruising']"
696015,Acarbose,"['shakiness', 'dizziness or lightheadedness', 'sweating', 'nervousness or irritability', 'sudden changes in behavior or mood', 'headache', 'numbness or tingling around the mouth', 'weakness', 'pale skin', 'hunger', 'clumsy or jerky movements', 'confusion', 'seizures', 'loss of consciousness', 'extreme thirst', 'frequent urination', 'extreme hunger', 'weakness', 'blurred vision', 'dry mouth', 'upset stomach and vomiting', 'shortness of breath', 'breath that smells fruity', 'decreased consciousness']"
624080,Eladocagene exuparvovec-tneq Injection,"['fever', 'excess salivation', 'trouble falling or staying asleep', 'feeling dizzy or lightheaded', 'feeling tired, pale skin, shortness of breath, headache, cold hands or feet, brittle nails or hair loss', 'muscle weakness or cramping', 'muscle weakness, spasms or tremors; nausea, vomiting or loss of appetite; abnormal eye movements', 'involuntary movements of face, arm, leg or body such as fidgeting, writhing, wriggling, head bobbing or body swaying']"
615042,Prednisolone,"['headache', 'nausea', 'extreme changes in mood, including unusual happiness', 'changes in personality', 'difficulty falling asleep or staying asleep', 'thin, fragile skin', 'slowed healing of cuts and bruises', 'acne', 'thinning hair', 'increased appetite', 'changes in the way fat is spread around the body', 'increased sweating', 'irregular or absent menstrual periods', 'sore throat, fever, chills, cough, or other signs of infection', 'seizures', 'muscle weakness', 'vision problems', 'depression', 'loss of contact with reality', 'sudden weight gain', 'stomach swelling', 'swelling of the eyes, face, lips, tongue, throat, arms, hands, feet, ankles, or lower legs', 'difficulty breathing or swallowing', 'rash', 'hives', 'itching']"
625119,Riboflavin 5'-phosphate ophthalmic,"['eye redness or irritation', 'eye pain', 'blurred vision', 'teary eyes', 'eyelid swelling', 'sudden decrease in vision']"
602023,Formoterol Oral Inhalation,"['nervousness', 'headache', 'uncontrollable shaking of a part of the body', 'dry mouth', 'muscle cramps', 'nausea', 'vomiting', 'diarrhea', 'extreme tiredness', 'dizziness', 'difficulty falling asleep or staying asleep', 'stuffed or runny nose', 'sore throat', 'swelling of the face, throat, tongue, lips, or eyes', 'difficulty swallowing or breathing', 'hives', 'rash', 'itching', 'fast, pounding, or irregular heartbeat', 'chest pain', 'fainting']"
688004,Mupirocin topical,"['burning, stinging, pain, itching, or rash']"
601033,Candesartan,"['headache', 'back pain', 'sore throat', 'swelling of the face, throat, tongue, lips, eyes, hands, feet, ankles, or lower legs', 'hoarseness', 'difficulty breathing or swallowing', 'decreased urination']"
617012,Prasterone Vaginal,['vaginal discharge']
698021,Cefepime Injection,"['headache', 'diarrhea', 'pain, redness, swelling, or bleeding near the place where cefepime was injected', 'watery or bloody stools, stomach cramps, or fever during treatment or for up to two or more months after stopping treatment', 'rash', 'nausea', 'vomiting', 'itching', 'difficulty swallowing or breathing', 'swelling of the throat or tongue', 'seizures', 'confusion', 'hallucinations', 'coma', 'a return of fever, sore throat, chills, or other signs of infection']"
623036,Icatibant injection,"['bruising, redness, swelling, warmth or pain at the site of injection', 'fever', 'dizziness', 'nausea', 'headache', 'rash']"
607043,Pemetrexed Injection,"['nausea', 'vomiting', 'diarrhea', 'constipation', 'loss of appetite', 'change in ability to taste food', 'hair loss', 'rash', 'itching', 'tiredness', 'joint pain', 'blisters, skin sores, skin peeling, or painful ulcers in your mouth, lips, nose, throat, or genital area', 'swelling, blistering, or rash that looks like a sunburn in an area previously treated with radiation', 'unusual bleeding or bruising', 'sore throat, fever, chills, cough or other signs of infection', 'chest pain', 'fast heartbeat', 'persistent cough or shortness of breath', 'extreme tiredness or weakness', 'dizziness or faintness', 'weakness or numbness of an arm or leg', 'pain, burning, numbness, or tingling in the hands or feet', 'pale skin', 'headache', 'hives', 'decreased urination']"
614042,Oritavancin Injection,"['diarrhea', 'nausea', 'vomiting', 'dizziness', 'headache', 'redness and swelling at the infusion site', 'tachycardia', 'severe diarrhea (watery or bloody stools) that may occur with or without fever and stomach cramps (may occur up to 2 months or more after your treatment)', 'swelling of the lips, face, hands, or legs, itching, hives, rash, wheezing', 'signs of new skin infections such as a new painful, red, swollen area on your skin']"
607061,Arformoterol Oral Inhalation,"['nervousness', 'uncontrollable shaking of a part of the body', 'headache', 'dizziness', 'tiredness', 'lack of energy', 'not feeling well', 'flu symptoms', 'swelling of arms or legs', 'difficulty falling asleep or staying asleep', 'pain, especially back pain', 'diarrhea', 'nausea', 'vomiting', 'cramps', 'dry mouth', 'fast or pounding heartbeat', 'chest pain', 'hives', 'rash', 'swelling of the eyes, face, tongue, lips, mouth, hands, feet, ankles, or lower legs', 'increased difficulty breathing or swallowing']"
682549,Fludrocortisone Acetate,"['upset stomach', 'stomach irritation', 'vomiting', 'headache', 'dizziness', 'insomnia', 'restlessness', 'depression', 'anxiety', 'acne', 'increased hair growth', 'easy bruising', 'irregular or absent menstrual periods', 'skin rash', 'swollen face, lower legs, or ankles', 'vision problems', 'cold or infection that lasts a long time', 'muscle weakness', 'black or tarry stool']"
620017,Calcium Acetate,"['nausea', 'vomiting', 'constipation', 'loss of appetite', 'itching', 'confusion, feeling disoriented, feeling faint, or loss of consciousness']"
601096,Pirbuterol Acetate Oral Inhalation,"['tremor', 'nervousness', 'dizziness', 'weakness', 'headache', 'upset stomach', 'diarrhea', 'cough', 'dry mouth', 'throat irritation', 'increased difficulty breathing', 'rapid or increased heartbeat', 'irregular heartbeat', 'chest pain or discomfort']"
623045,Elranatamab-bcmm,"['fatigue or tiredness', 'pain, bruising or swelling at the site of injection', 'diarrhea or constipation', 'nausea and/or vomiting', 'muscle or bone pain', 'rash or dry and peeling skin', 'decreased appetite', 'difficulty sleeping', 'fever, chills, weakness, cough, shortness of breath, or sore throat', 'yellowing of skin or whites of eyes, dark urine or lower abdominal pain']"
620033,Remdesivir Injection,"['nausea', 'pain, bleeding, bruising of the skin, soreness, or swelling near the place where the medication was injected', 'yellow eyes or skin; dark urine; or pain or discomfort in right upper stomach area']"
695013,Vinorelbine Injection,"['nausea', 'vomiting', 'diarrhea', 'loss of appetite', 'weight loss', 'change in ability to taste food', 'sores in the mouth and throat', 'hearing loss', 'muscle, or joint pain', 'hair loss', 'lack of energy, not feeling well, tiredness', 'shortness of breath or difficulty breathing, cough', 'constipation, stomach pain, nausea, vomiting', 'unusual bleeding or bruising', 'hives, itching, rash, difficulty breathing or swallowing', 'swelling of the face, throat, tongue, lips, and eyes', 'blistering or peeling skin', 'yellowing of skin or eyes, dark colored urine, light colored stool', 'numbness, tingling feeling on skin, sensitive skin, decreased sense of touch, or muscle weakness', 'fever, chills, sore throat or other signs of infection', 'chest pain, shortness of breath, coughing up blood', 'red, swollen, tender, or warm arm or leg']"
622029,Pasireotide Injection,"['diarrhea', 'nausea', 'vomiting', 'stomach pain', 'constipation', 'decreased appetite', 'headache', 'anxiety', 'injection site pain, redness, swelling, or itching', 'hair loss', 'difficulty falling asleep or staying asleep', 'swelling of arms, hands, feet, ankles, or lower legs', 'runny nose, sneezing, cough, or sore throat', 'dry or itchy skin', 'muscle or joint pain', 'slowed or irregular heartbeat, dizziness, or fainting', 'feeling more hungry or thirsty than usual, increased urination, extreme tiredness', 'weakness, dizziness, extreme tiredness, nausea, vomiting, diarrhea, or decreased appetite', 'pain in the upper back between the shoulder blades or under the right shoulder; stomach pain, especially in the upper right part of the stomach; nausea; or fever and chills', 'yellowing of the skin or eyes', 'loose, fatty, or light-colored stools; stomach bloating; or weight loss']"
617053,Tisagenlecleucel Injection,"['constipation', 'stomach pain', 'back pain', 'nasal congestion', 'decreased appetite', 'weight loss', 'unusual bleeding or bruising, blood in urine, red or tarry black bowel movements, vomiting blood or material that looks like coffee grounds', 'fever, chills, or other signs of infection', 'weakness, feeling tired, or shortness of breath', 'decreased urination frequency or amount', 'swelling of the eyes, face, lips, tongue, throat, arms, hands, feet, ankles, or lower legs', 'difficulty swallowing', 'rash', 'hives', 'itching']"
621023,Evinacumab-dgnb Injection,"['runny nose, nasal congestion, sore throat, or flu-like symptoms', 'dizziness', 'nausea', 'pain in legs or arms', 'unusual tiredness or weakness', 'hives; rash; itching; swelling of the lips, tongue, or throat; shortness of breath; or difficulty breathing or swallowing']"
621029,Vitamin E (Alpha-Tocopherol),['unusual bleeding or bruising']
622077,Teplizumab-mzwv injection,"['rash', 'headache', 'fever, fatigue, muscle and joint pain, nausea, or headache', 'new or worsening cough, chest pain, or shortness of breath', 'diarrhea; bloody or black, tarry, sticky stools; or severe stomach pain or tenderness', 'yellowing of your eyes or skin, bleeding or bruising easily, decreased appetite, dark (tea colored) urine, pain in the upper right part of the stomach, extreme tiredness, nausea or vomiting', 'fever or flu-like symptoms', 'swollen glands', 'rash or itching, scaling or blistering skin']"
601099,Potassium,"['upset stomach', 'vomiting', 'diarrhea', 'mental confusion', 'listlessness', 'tingling, prickling, burning, tight, or pulling sensation of arms, hands, legs, or feet', 'heaviness or weakness of legs', 'cold, pale, gray skin', 'stomach pain', 'unusual stomach bulging', 'black stools']"
682848,Vinblastine,"['constipation', 'nausea', 'vomiting', 'loss of appetite or weight', 'stomach pain', 'diarrhea', 'headache', 'dizziness', 'jaw pain, bone pain, and other aches', 'hair loss', 'fever, sore throat, chills, or other signs of infection', 'unusual bleeding or bruising', 'sores in the mouth', 'unusual tiredness or weakness', 'pain, numbness, burning, or tingling in the hands or feet', 'difficulty walking or unsteady walking', 'difficulty breathing', 'hearing loss', 'seizures', 'chest pain']"
621033,Aducanumab-avwa Injection,"['diarrhea', 'falls', 'headache, confusion, dizziness, vision changes, or nausea', 'swelling of the face, lips, mouth, or tongue', 'hives']"
623057,Cipaglucosidase alfa-atga,"['headache', 'diarrhea', 'fever', 'bloating', 'difficulty breathing, rash, swelling of legs or arms, swelling or feeling of tightness of throat, tongue swelling', 'itching, flushing or chills']"
624043,Axatilimab-csfr Injection,"['muscle, bone or joint pain', 'low energy', 'nausea', 'headache', 'diarrhea', 'fever, cough, shortness of breath', 'lower abdominal pain, yellowing of skin or whites of eyes, dark urine', 'severe upper abdominal pain, tenderness in the upper abdomen, fever', 'fever, difficulty or painful urination or frequent urination, lower back pain', 'low energy, pale skin, chest pain, shortness of breath']"
602017,Perindopril,"['cough', 'headache', 'weakness', 'dizziness', 'diarrhea', 'stomach pain', 'upset stomach', 'swelling of the face, throat, tongue, lips, eyes, hands, feet, ankles, or lower legs', 'hoarseness', 'difficulty swallowing or breathing', 'lightheadedness', 'fainting', 'fever, sore throat, chills, and other signs of infection', 'irregular or rapid heartbeats']"
619026,Romosozumab-aqqg Injection,"['joint pain', 'pain and redness at the injection site', 'swelling of the face, lips, mouth, tongue, or throat', 'difficulty swallowing or breathing', 'hives', 'redness, scaling, or rash', 'new or unusual thigh, hip, or groin pain', 'muscle spasms, twitches, or cramps', 'numbness or tingling in fingers, toes, or mouth']"
623004,Lecanemab-irmb Injection,"['cough', 'diarrhea', 'redness, swelling, pain, itching, rash, bruising, or bleeding at the injection site', 'hives; rash; itching; swelling of the lips, tongue, or throat; shortness of breath or difficulty breathing', 'headache, fatigue, or fever (during or after a subcutaneous injection)']"
625071,Acoltremon Ophthalmic,"['irritation, burning, or stinging feeling when the eye drops are instilled', 'pain, swelling, or redness of eyes or eyelids', 'eye injury']"
621022,Dasiglucagon Injection,"['nausea', 'vomiting', 'headache', 'diarrhea', 'injection site pain', 'fast heartbeat', 'rash', 'difficulty breathing']"
682206,Hydrocortisone,"['nausea', 'headache', 'insomnia', 'acne', 'irregular or absent menstrual periods', 'rash; hives; itching; swelling of the eyes, face, lips, mouth, throat, or tongue; or difficulty breathing or swallowing', 'vomiting', 'diarrhea', 'sudden weight gain; muscle weakness; unusual bruising; swollen face, lower legs, or ankles; depression; or sudden, unusual mood changes', 'hallucinations (seeing things or hearing voices that do not exist), confusion, mania (frenzied or abnormally excited mood), or depression', 'eye pain, redness, or tearing; blurred vision; or other vision problems', 'sore throat, fever, chills, cough, stomach pain, difficult or painful urination, or other signs of infection', 'seizures']"
682348,Isosorbide,"['nausea', 'worsening chest pain', 'rash', 'hives', 'itching', 'difficulty breathing or swallowing']"
614056,Nivolumab Injection,"['joint, jaw, or bone pain', 'muscle pain or weakness', 'dry, cracked, scaly skin', 'redness, swelling, or pain on the palms of your hand or soles of your feet', 'dry eyes or mouth', 'change in sense of taste', 'shortness of breath, new or worsening cough, chest pain', 'diarrhea; stomach area pain or tenderness; or stools that are black, tarry, sticky, or contain blood', 'tiredness or weakness, feeling cold, deepening of voice or hoarseness, rapid or irregular heartbeat, increased sweating, changes in weight (gain or loss), changes in mood or behavior (decreased sex drive, irritability, or forgetfulness), headaches, including those that are unusual or will not go away), confusion, hair loss, constipation, increased urination, increased thirst or appetite, dizziness or fainting; hair loss', 'confusion; pain, burning, tingling, or numbness in the hands or feet', 'fever; itching, rash, hives, or blisters on your skin', 'yellowing of skin or eyes, dark-colored urine, nausea, vomiting, bleeding or bruising more easily than normal, loss of appetite, decreased energy, or pain on right side of stomach area', 'swelling of face, arms, legs, feet or ankles; decreased urination; blood in urine; loss of appetite', 'changes in vision, including sensitivity to light', 'painful sores in mouth, nose, throat, or genital area']"
623044,Cantharidin Topical,"['lightening or darkening of skin at the place where cantharidin was applied', 'redness, itching, dryness, or scabbing at the place where cantharidin was applied', 'pain, swelling, or blistering at the place where cantharidin was applied', 'skin breakdown or sores at the place where cantharidin was applied', 'painful, irritated, or red eyes or loss of vision if topical cantharidin comes in contact with eyes', 'decreased urination; discolored or bloody urine; swelling of the face, arms, hands, feet, ankles, or lower legs; or unusual tiredness or weakness', 'nausea; vomiting; diarrhea; stools that are black, tarry, sticky, or have blood or mucus; or abdominal pain and cramping', 'unusual bleeding or bruising', 'seizures', 'sudden weakness in the arms, legs, or neck; drooping eyelids; difficulty swallowing; or slurred speech']"
682765,Cefotaxime Injection,"['nausea', 'vomiting', 'diarrhea', 'pain, redness, swelling, or bleeding near the place where cefotaxime was injected', 'watery or bloody stools, stomach cramps, or fever during treatment or for up to two or more months after stopping treatment', 'swelling of the face, throat, tongue, lips, and eyes', 'difficulty swallowing or breathing', 'hoarseness', 'hives', 'rash', 'itching', 'peeling, blistering, or shedding skin', 'a return of fever, sore throat, chills, or other signs of infection']"
608009,Decitabine Injection,"['excessive tiredness', 'pale skin', 'headache', 'dizziness', 'confusion', 'fast heartbeat', 'difficulty falling asleep or staying asleep', 'weakness', 'shortness of breath', 'nausea', 'constipation', 'diarrhea', 'vomiting', 'stomach pain', 'heartburn or indigestion', 'painful sores in mouth, or on tongue or lips', 'red spots on the skin', 'rash', 'change in skin color', 'hair loss', 'joint or muscle pain', 'chest discomfort or chest wall pain', 'swelling of the hands, feet, ankles, lower legs, or stomach', 'pain, swelling, or redness at injection spot', 'unusual bleeding or bruising', 'hives', 'itching', 'difficulty breathing or swallowing', 'swelling of the face', 'sore throat, fever, chills, cough, or other signs of infection', 'extreme thirst', 'frequent urination', 'extreme hunger', 'weakness', 'blurred vision']"
622057,Efgartigimod alfa-fcab Injection,"['headache', 'pain, burning, numbness, or tingling in the hands, feet, or mouth', 'muscle pain', 'fever, sore throat, chills, cough, or other signs of infection', 'pain or burning on urination or frequent urination', 'rash; hives; difficulty breathing or swallowing; or swelling of the eyes, face, lips, tongue, or throat']"
601144,Foscarnet Injection,"['itching, redness, pain, or swelling in the place where you received your injection', 'nausea', 'stomach pain', 'back pain', 'loss of appetite or weight', 'constipation', 'headache', 'vision changes', 'redness, irritation, or sores on the penis', 'redness, irritation, or sores around the vagina', 'rash', 'hives', 'swelling of the eyes, face, lips, tongue, or throat', 'difficulty breathing or swallowing', 'chest pain', 'fast, pounding, or irregular heartbeat', 'fainting', 'lightheadedness', 'loss of consciousness', 'vomiting', 'diarrhea', 'fever, chills, cough, or other signs of infection', 'unusual bleeding or bruising', 'black and tarry stools', 'bloody vomit or vomited material that looks like coffee grounds', 'pale skin', 'shortness of breath', 'confusion', 'muscle pain or cramps', 'increased sweating']"
614001,Ertapenem Injection,"['nausea', 'vomiting', 'diarrhea', 'constipation', 'headache', 'dizziness', 'stomach pain', 'fever', 'cough', 'confusion', 'difficulty falling asleep or staying asleep', 'redness or irritation at the injection site', 'swelling, redness, burning, itching, or irritation of the vagina', 'swelling of the hands, feet, ankles, or lower legs', 'severe diarrhea (watery or bloody stools) that may occur with or without fever and stomach cramps (may occur up to 2 months or more after your treatment)', 'hives', 'rash', 'itching', 'difficulty breathing or swallowing', 'seizures', 'unusual tiredness or weakness', 'pale skin', 'fast or irregular heartbeat', 'shortness of breath', 'chest pain']"
682701,Lidocaine Viscous Oral Rinse,"['lightheadedness, nervousness, confusion, dizziness, drowsiness, ear ringing, double or blurred vision, twitching, tremors', 'rash, itching, swelling, feeling of throat closing, difficulty breathing']"
625061,Lidocaine Injection (local anesthetic),"['pain or redness at the site of injection', 'itching, redness, hives, swelling of the tongue and/or throat, difficulty breathing, fast heartbeat, or fainting', 'restlessness, anxiety, lightheadedness, numbness and tingling of the mouth and lips, metallic taste, tinnitus, dizziness, blurred vision, tremors, twitching, or drowsiness', 'fast or irregular heartbeat', 'difficulty breathing, confusion, seizures (particularly after injection into the head and neck area)', 'pale, gray, or blue colored skin; headache; rapid heart rate; shortness of breath; lightheadedness; or fatigue']"
625037,Lidocaine Injection (antiarrhythmic),"['light-headedness, drowsiness, dizziness', 'ringing in the ears', 'blurry or double vision', 'nausea or vomiting', 'feeling hot or cold or numbness', 'twitching or tremors', 'rash, hives, difficulty breathing', 'pale, gray, or blue colored skin; headache;\r\nrapid heart rate; shortness of breath; lightheadedness; or fatigue', 'seizures', 'slowing of heartbeat', 'difficulty breathing']"
603026,Lidocaine Transdermal Patch,"['burning or discomfort in the place you applied the patch', 'redness or swelling of the skin under the patch', 'hives', 'rash', 'itching', 'blisters', 'bruising', 'difficulty breathing or swallowing', 'swelling of the face, throat, tongue, lips, eyes, hands, feet, ankles, or lower legs', 'hoarseness', 'fast pulse or breathing', 'unusual thirst', 'nausea', 'vomiting', 'confusion', 'weakness', 'dizziness', 'fainting', 'pale, gray, or blue colored skin; headache; shortness of breath; lightheadedness; or fatigue']"
624046,Crovalimab-akkz injection,"['diarrhea', 'nausea', 'redness or pain near the injection site (for the subcutaneous injection)', 'swelling of the arms, hands, feet, ankles, or lower legs', 'runny nose', 'sore throat, cough, fever, chills, burning or pain when urinating, and other signs of infection', 'nosebleed']"
610002,Palonosetron Injection,"['headache', 'constipation', 'pain, redness, or swelling at the injection site', 'hives', 'rash', 'itching', 'difficulty breathing or swallowing', 'chest pain', 'swelling of the face', 'changes in heart beat or heart rhythm', 'dizziness or lightheadedness', 'fainting', 'fast, slow or irregular heartbeat', 'agitation', 'confusion', 'nausea, vomiting, and diarrhea', 'loss of coordination', 'stiff or twitching muscles', 'seizures', 'coma (loss of consciousness)']"
625110,Deferoxamine Injection,"['pain, redness, itching, or swelling at the site of injection', 'muscle spasms', 'nausea, vomiting, diarrhea', 'rash, redness, itching, hives; dizziness or feeling faint; difficulty breathing or swallowing', 'cough, chills, fever, or any sign of infection', 'changes in vision', 'difficulty hearing', 'difficulty breathing', 'decreased urination', 'seizures']"
682065,Codeine,"['nausea, vomiting', 'sweating', 'decreased sexual desire, inability to get or keep an erection', 'agitation, hallucinations (seeing things or hearing voices that do not exist), fever, sweating, confusion, fast heartbeat, shivering, severe muscle stiffness or twitching, loss of coordination, nausea, vomiting, or diarrhea', 'nausea, vomiting, loss of appetite, weakness, or dizziness', 'chest pain, changes in heartbeat', 'rash; hives; itching; nausea; vomiting; hoarseness; difficulty breathing or swallowing; or swelling of the eyes, face, lips, mouth, tongue or throat', 'seizures', 'extreme drowsiness', 'new pain or pain from touch or doing ordinary tasks such as combing your hair', 'difficulty swallowing, regurgitation (bringing up swallowed food into throat and mouth), pain in the chest area', 'unusual snoring or long pauses during breaths during sleep']"
601097,Polyethylene glycol-electrolyte solution (PEG-ES),"['nausea', 'stomach pain, cramps, or fullness', 'bloating', 'rectal irritation', 'weakness', 'heartburn', 'thirst', 'hunger', 'chills', 'rash', 'hives', 'itching', 'swelling of the eyes, face, mouth, lips, tongue, arms, hands, feet, ankles, or lower legs', 'difficulty breathing or swallowing', 'vomiting', 'dizziness', 'headache', 'decreased urination', 'irregular heartbeat', 'seizures', 'bleeding from rectum']"
601099,Potassium,"['upset stomach', 'vomiting', 'diarrhea', 'mental confusion', 'listlessness', 'tingling, prickling, burning, tight, or pulling sensation of arms, hands, legs, or feet', 'heaviness or weakness of legs', 'cold, pale, gray skin', 'stomach pain', 'unusual stomach bulging', 'black stools']"
682277,Warfarin,"['gas, bloating', 'abdominal pain', 'change in the way things taste', 'loss of hair', 'feeling cold or having chills', 'hives, rash, itching', 'difficulty breathing or swallowing', 'swelling of the face, throat, tongue, lips, or eyes', 'hoarseness', 'chest pain or pressure', 'swelling of the hands, feet, ankles, or lower legs', 'fever, infection', 'nausea, vomiting, diarrhea', 'extreme tiredness, loss of energy', 'loss of appetite', 'pain in the upper right part of the stomach', 'yellowing of the skin or eyes', 'flu-like symptoms']"
624060,Peanut (Arachis hypogaea) Allergen Powder-dnfp,"['runny nose', 'cough', 'sneezing', 'itchy ears', 'itching, burning or tingling in the mouth', 'nausea', 'trouble swallowing, food getting stuck in your throat, chest pain, heartburn, throat burning, or vomiting']"
611009,Cabazitaxel Injection,"['heartburn', 'change in ability to taste food', 'loss of appetite', 'weight loss', 'swelling or sores in the mouth', 'headache', 'joint, back, or bone pain; pain in arms or legs; or muscle pain or spasms', 'numbness, burning, or tingling in the hands, arms, feet, or legs', 'hair loss', 'change in sense of taste', 'nausea', 'diarrhea', 'vomiting', 'stomach pain', 'constipation', 'swelling of the face, arms, hands, feet, ankles, or lower legs', 'decreased urination', 'blood in the urine', 'frequent, burning, or painful urination', 'blood in stool', 'changes in stool color', 'dry mouth, dark urine, decreased sweating, dry skin, and other signs of dehydration', 'slow, fast, or irregular heartbeat', 'chest pain', 'new or worsening cough', 'shortness of breath', 'pale skin', 'tiredness or weakness', 'dizziness or lightheadedness', 'unusual bruising or bleeding', 'bone fracture']"
612004,Aflibercept Injection,"['feeling that something is in your eye', 'teary eyes', 'eye redness or pain, sensitivity to light, blurred vision, decrease or changes in vision, seeing floaters or small specks, seeing flashing lights', 'chest pain, shortness of breath, sweating, slow or difficult speech, dizziness or faintness, weakness or numbness of an arm or leg', 'rash, itching, hives, difficulty breathing or swallowing']"
682792,Dexamethasone,"['upset stomach', 'stomach irritation', 'vomiting', 'headache', 'dizziness', 'insomnia', 'restlessness', 'depression', 'anxiety', 'acne', 'increased hair growth', 'easy bruising', 'irregular or absent menstrual periods', 'skin rash', 'swollen face, lower legs, or ankles', 'vision problems', 'cold or infection that lasts a long time', 'muscle weakness', 'black or tarry stool']"
622046,Emicizumab-kxwh Injection,"['injection site redness, tenderness, warmth, or itching', 'headache', 'joint pain', 'increased bleeding']"
622009,Inclisiran injection,"['pain, swelling, redness at injection site', 'joint pain', 'cough, shortness of breath, wheezing, low fever or chest tightness', 'itching, rash, hives', 'difficulty breathing or swallowing', 'swelling of the face, throat, tongue, lips, and eyes']"
625007,Tenecteplase Injection,"['bleeding', 'itching, rash, hives', 'swelling of face, eyelids, lips, mouth, tongue or throat', 'trouble breathing, throat or chest tightness, feeling faint', 'changes in heartbeat', 'vomiting blood, blood in the urine or stool', 'severe headache, nausea, vomiting', 'change\r\nin consciousness or wakefulness', 'weakness or numbness in face, arm or leg (usually on one side)', 'loss of vision', 'seizures', 'skin or toes that are purple in color', 'changes in vision', 'decrease in amount of urine', 'chest pain, trouble breathing', 'nausea, vomiting, abdominal pain that goes around your to your back']"
697014,Azelastine Nasal Spray,"['bitter taste', 'nasal burning, pain, or discomfort', 'headache', 'sore throat', 'dry mouth', 'nose bleeds', 'dizziness', 'nausea', 'tiredness']"
603009,Azelastine Ophthalmic,"['eye burning or stinging', 'headaches', 'bitter taste', 'blurred vision', 'difficulty breathing']"
612031,Carfilzomib Injection,"['headache', 'diarrhea', 'constipation', 'muscle spasm', 'pain in the arms or legs; back pain', 'difficulty falling asleep or staying asleep', 'cough', 'dry mouth, dark urine, decreased sweating, dry skin, and other signs of dehydration', 'swelling of the feet of legs', 'pain, tenderness, or redness in one leg', 'shortness of breath or difficulty breathing', 'chest pain', 'pain, burning, numbness, or tingling in the hands or feet', 'nausea', 'unusual tiredness or weakness', 'unusual bleeding or bruising', 'lack of energy', 'loss of appetite', 'pain in the upper right part of the stomach', 'yellowing of the skin or eyes', 'flu-like symptoms', 'bloody or black, tarry stools', 'rash of pinpoint-sized reddish-purple spots, usually on the lower legs', 'blood in the urine', 'decreased urination', 'seizures', 'vision changes or loss of vision', 'confusion, memory loss, dizziness or loss of balance, difficulty talking or walking, changes in vision, decreased strength or weakness on one side of the body']"
603027,Pimecrolimus Topical,"['burning, warmth, stinging, soreness, or redness in the areas where you applied pimecrolimus (call your doctor if this lasts more than 1 week)', 'warts, bumps, or other growths on skin', 'eye irritation', 'headache', 'cough', 'red, stuffy or runny nose', 'nosebleed', 'diarrhea', 'painful menstrual periods', 'sore or red throat', 'fever', 'flu-like symptoms', 'ear pain, discharge, and other signs of infection', 'hives', 'new or worsening rash', 'itching', 'swelling of the face, throat, tongue, lips, eyes, hands, feet, ankles, or lower legs', 'difficulty breathing or swallowing', 'crusting, oozing, blistering or other signs of skin infection', 'cold sores', 'chicken pox or other blisters', 'swollen glands in the neck']"
684055,Etoposide,"['nausea', 'vomiting', 'sores in the mouth and throat', 'stomach pain', 'diarrhea', 'constipation', 'loss of appetite or weight', 'unusual tiredness or weakness', 'pale skin', 'fainting', 'dizziness', 'hair loss', 'pain, burning, or tingling in the hands or feet', 'eye pain', 'vision problems', 'rash', 'hives', 'itching', 'difficulty breathing or swallowing', 'fast, irregular, or pounding heartbeat', 'seizures', 'yellowing of the skin or eyes']"
696005,Metformin,"['diarrhea', 'nausea', 'stomach discomfort', 'gas', 'indigestion', 'constipation', 'lack of energy or weakness', 'change in sense of taste', 'headache', 'flushing of the skin', 'nail changes', 'muscle pain', 'rash', 'chest pain']"
614002,Tigecycline Injection,"['nausea', 'vomiting', 'diarrhea', 'heartburn', 'loss of appetite', 'change in the way things taste', 'headache', 'dizziness', 'itching of the vagina', 'white or yellow vaginal discharge', 'pain, redness, swelling, or bleeding near the place where tigecycline was injected', 'severe diarrhea (watery or bloody stools) that may occur with or without fever and stomach cramps (may occur up to 2 months or more after your treatment)', 'blistering or peeling skin', 'rash', 'hives', 'tingling or swelling of the face, neck, throat, tongue, lips, or eyes', 'difficulty breathing or swallowing', 'itching', 'ongoing pain that begins in the stomach area but may spread to the back', 'sore throat, fever, chills, and other signs of new or worsening infection']"
682470,Medroxyprogesterone,"['breasts that are tender or produce a liquid', 'changes in menstrual flow', 'irregular vaginal bleeding or spotting', 'acne', 'growth of hair on face', 'loss of hair on scalp', 'difficulty falling asleep or staying asleep', 'drowsiness', 'upset stomach', 'weight gain or loss', 'pain, swelling, warmth, redness, or tenderness in one leg only', 'slow or difficult speech', 'dizziness or faintness', 'weakness or numbness of an arm or leg', 'shortness of breath', 'coughing up blood', 'sudden sharp or crushing chest pain', 'fast or pounding heartbeat', 'sudden vision changes or loss of vision', 'double vision', 'blurred vision', 'bulging eyes', 'missed periods', 'depression', 'yellowing of the skin or eyes', 'fever', 'hives', 'skin rash', 'itching', 'difficulty breathing or swallowing', 'swelling of the hands, feet, ankles, or lower legs']"
686008,Clobetasol Topical,"['burning, itching, irritation, redness, or dryness of the skin', 'acne', 'tiny red bumps or rash around the mouth', 'small white or red bumps on the skin', 'bruising or shiny skin', 'red or purple blotches or lines under the skin', 'thin, fragile, or dry skin', 'changes in skin color', 'redness, swelling, oozing pus or other signs of skin infection in the place where you applied clobetasol', 'severe rash', 'skin sores', 'changes in the way fat is spread around the body', 'sudden weight gain', 'unusual tiredness', 'muscle weakness', 'depression and irritability']"
681039,Lithium,"['restlessness', 'fine hand movements that are difficult to control', 'mild thirst', 'loss of appetite', 'stomach pain', 'gas', 'indigestion', 'weight gain or loss', 'dry mouth', 'excessive saliva in the mouth', 'change in the ability to taste food', 'swollen lips', 'acne', 'hair loss', 'unusual discomfort in cold temperatures', 'constipation', 'depression', 'joint or muscle pain', 'paleness', 'thin, brittle fingernails or hair', 'itching', 'rash', 'unusual tiredness or weakness', 'excessive thirst', 'frequent urination', 'slow, jerky movements', 'movements that are unusual or difficult to control', 'blackouts', 'seizures', 'fainting', 'dizziness or lightheadedness', 'fast, slow, irregular, or pounding heartbeat', 'shortness of breath', 'chest tightness', 'confusion', 'hallucinations (seeing things or hearing voices that do not exist)', 'crossed eyes', 'painful, cold, or discolored fingers and toes', 'headache', 'pounding noises inside the head', 'swelling of the feet, ankles, or lower legs', 'drowsiness', 'shaking of a part of your body that you cannot control', 'muscle weakness, stiffness, twitching, or tightness', 'loss of coordination', 'diarrhea', 'vomiting', 'slurred speech', 'giddiness', 'ringing in the ears', 'blurred vision']"
601203,Miconazole Vaginal,"['increased burning, itching, or irritation of the vagina', 'hives', 'rash']"
618060,Miconazole Buccal,"['diarrhea', 'headache', 'nausea', 'vomiting', 'upper stomach pain', 'change in or loss of taste', 'dry mouth', 'toothache', 'cough', 'hives', 'rash', 'itching', 'difficulty breathing or swallowing', 'swelling of the face, throat, tongue, lips, or eyes', 'swelling or pain where medication was applied']"
618061,Miconazole Topical,"['irritation or burning in the place where you applied the medication', 'rash']"
603012,Aripiprazole,"['headache', 'nervousness', 'restlessness', 'dizziness, feeling unsteady, or having trouble keeping your balance', 'heartburn', 'constipation', 'diarrhea', 'stomach pain', 'weight gain', 'changes in appetite', 'increased salivation', 'pain, especially in the arms, legs, or joints', 'tiredness', 'rash; hives; itching; swelling of the eyes, face, mouth, lips, tongue, or throat; or difficulty breathing or swallowing', 'difficulty breathing or swallowing', 'seizures', 'uncontrollable moevments of the face, tongue, or other body parts', 'fever; stiff muscles; sweating; confusion; sweating; or fast, pounding, or irregular heartbeat', 'problems with coordination or increased falls', 'tightening of the neck muscles or throat tightness']"
696014,Amifostine Injection,"['nausea', 'vomiting', 'flushing or feeling of warmth', 'chills or feeling of coldness', 'general feeling of tiredness', 'fever', 'drowsiness', 'sneezing', 'hiccups', 'shortness of breath', 'dizziness', 'blurred vision', 'fainting', 'seizures', 'chest tightness', 'chest pain', 'rash', 'hives', 'itching', 'difficulty breathing or swallowing', 'peeling or blistering skin', 'fast, slow, or pounding heartbeat']"
626012,Omidubicel-onlv Injection,"['pain', 'inflammation of mucosa such as gums, inside of cheeks, nostils, lips', 'nausea, vomiting, diarrhea, loss of appetitie', 'difficulty swallowing or shortness of breath', 'unexplained bleeding such as nose bleeds, blood in urine, coughing up blood, vomiting blood', 'fever, extreme tiredness, productive cough, muscle aches, painful urination', 'difficulty urinating or low urine stream, swelling or weight gain, weakness, loss of appetite']"
621045,Pegcetacoplan Injection,"['diarrhea', 'stomach pain', 'nausea', 'joint, muscle, arm, leg, or back pain', 'headache', 'redness, pain, itching, or swelling at the injection site', 'cough', 'nasal congestion, runny nose or sore throat', 'dizziness', 'sleepiness', 'bruising', 'swelling of the arms, hands, feet, ankles, or lower legs', 'nose bleeds']"
620010,Crizanlizumab-tmca Injection,"['nausea', 'back or joint pain', 'fever', 'redness, pain, swelling, or burning at the site where the injection was given']"
626002,Milrinone Injection,"['headache', 'pain, redness, swelling at the site of injection', 'changes in heartbeat', 'rash, hives, dizziness, difficulty breathing']"
698002,Propafenone,"['dizziness', 'dry mouth', 'headache', 'nausea', 'vomiting', 'diarrhea', 'constipation', 'loss of appetite', 'unusual taste in the mouth', 'gas', 'tiredness', 'anxiety', 'blurred vision', 'uncontrollable shaking of a part of the body', 'difficulty falling asleep or staying asleep', 'difficulty with coordination', 'difficulty breathing', 'wheezing', 'chest pain', 'new or worsening irregular heartbeat', 'slow, fast, or pounding heartbeat', 'swelling of the hands, feet, ankles, or lower legs', 'sudden, unexplained weight gain', 'fainting', 'skin rash', 'unexplained fever, chills, weakness, or sore throat']"
614023,Ferumoxytol Injection,"['diarrhea', 'constipation', 'nausea', 'vomiting', 'stomach pain', 'headache', 'swelling of the hands, feet, ankles, or lower legs', 'chest pain']"
682475,Thyroid,"['weight loss', 'shaking of a part of your body that you cannot control', 'headache', 'nausea', 'vomiting', 'diarrhea', 'stomach cramps', 'hyperactivity', 'anxiety', 'irritability or rapid changes in mood', 'difficulty falling asleep or staying asleep', 'flushing', 'increased appetite', 'fever', 'changes in menstrual cycle', 'muscle weakness', 'temporary hair loss, particularly in children during the first month of therapy', 'rash', 'difficulty breathing or swallowing', 'chest pain', 'rapid or irregular heartbeat', 'swelling of the hands, feet, ankles, or lower legs', 'excessive sweating', 'sensitivity or intolerance to heat', 'nervousness', 'seizure']"
682125,Bleomycin,"['redness, blistering, tenderness, or thickening of the skin', 'darkened skin color', 'rash', 'hair loss', 'sores on the mouth or tongue', 'vomiting', 'loss of appetite', 'weight loss', 'sudden numbness or weakness of face, arm, or leg on one side of the body', 'sudden confusion or trouble speaking or understanding', 'sudden dizziness. loss of balance or coordination', 'sudden severe headache', 'chest pain', 'decreased urination']"
601099,Potassium,"['upset stomach', 'vomiting', 'diarrhea', 'mental confusion', 'listlessness', 'tingling, prickling, burning, tight, or pulling sensation of arms, hands, legs, or feet', 'heaviness or weakness of legs', 'cold, pale, gray skin', 'stomach pain', 'unusual stomach bulging', 'black stools']"
615019,Olodaterol Oral Inhalation,"['fever, cough, runny nose', 'joint pain', 'nervousness', 'uncontrollable shaking of a part of the body', 'cramps', 'difficulty falling asleep or staying asleep', 'constipation', 'chest pain', 'fast, pounding, or irregular heartbeat', 'rash', 'itching', 'hives', 'swelling of the face, mouth, or tongue', 'difficulty breathing or swallowing', 'frequent or painful urination']"
684003,Temazepam,"['hangover effect (feeling groggy the day after you take temazepam)', 'drowsiness', 'dizziness', 'rash; hives; swelling of the face, throat, tongue, lips, or eyes; hoarseness; difficulty breathing or swallowing']"
608047,Sertaconazole Topical,"['irritation, itching, burning or stinging in the place where you applied the medication', 'dry skin', 'redness, tenderness, swelling, pain, or warmth in the place where you applied the medication', 'blistering or oozing in the place where you applied the medication']"
603016,Glatiramer Injection,"['pain, redness, swelling, itching, or lump at the injection site', 'abnormal dreams', 'back pain', 'vomiting', 'weight gain', 'swelling of the hands, feet, ankles, or lower legs', 'sweating', 'vaginal itching and discharge', 'eye or vision problems', 'white patches in the mouth', 'sore throat, fever, runny nose, cough, chills, or other signs of infection', 'nausea, loss of appetite, tiredness or sleepiness, pain in the upper right part of the stomach, bruising or bleeding, yellowing of the skin or eyes, confusion, dark urine, or pale stools']"
621034,Amivantamab-vmjw Injection,"['swelling, pain, or changes in the fingernails or toenails', 'unusual tiredness or weakness', 'swelling of the hands, feet, ankles, or lower legs', 'bone, muscle, joint, arm, leg, neck, or back pain', 'mouth sores', 'nausea, vomiting, diarrhea', 'constipation, hemorrhoids, stomach pain', 'decreased appetite', 'numbness, tingling, pain, or burning in arms or legs', 'headache', 'dizziness', 'difficulty falling asleep or staying asleep', 'new or worsening cough, shortness of breath, fever, or chest pain', 'easy bruising or bleeding, bleeding from your gums or nose, blood in urine or stool, or coughing up blood']"
681048,Flunisolide Oral Inhalation,"['painful white patches in the mouth or throat', 'headache', 'sore throat', 'stuffy or runny nose', 'swelling of nose, throat, and sinuses', 'cough', 'nose bleeds', 'pain during urination', 'hives', 'rash', 'itching', 'swelling of the face, throat, tongue, lips, eyes, hands, feet, ankles, or lower legs', 'hoarseness', 'difficulty breathing or swallowing', 'chest pain or tightness', 'vision problems', 'fever, aches, or chills']"
685022,Flunisolide Nasal Spray,"['headache', 'nasal irritation, burning, stuffiness, or dryness', 'sore throat', 'sneezing', 'severe or frequent nosebleeds', 'watery eyes', 'bloody mucus in nose', 'loss of smell or taste', 'nausea', 'vomiting', 'lack of energy', 'depression', 'joint or muscle pain', 'muscle weakness', 'bruise easily', 'vision problems', 'white patches in the throat, mouth, or nose']"
623065,Zavegepant Nasal Spray,"['change in how things taste or loss of taste', 'nasal discomfort', 'nausea, vomiting', 'rash, hives, itching; difficulty breathing; swelling of the face, throat, or around the mouth or eyes', 'fingers or toes feeling numb, cool, or painful or changing color (pale, to blue, to red)']"
619028,Testosterone,"['heartburn', 'diarrhea', 'gas', 'headache', 'joint and muscle pain', 'weight gain', 'lower leg pain, swelling, warmth, or redness', 'difficulty breathing, especially at night', 'swelling of the hands, feet, and ankles', 'sudden unexplained weight gain', 'erections that happen too often or that last too long', 'difficulty urinating, weak urine flow, frequent urination, sudden need to urinate right away', 'nausea or vomiting, extreme tiredness, yellowing of the skin or eyes, dark urine, or pain in the upper right part of the stomach', 'mood changes including depression, anxiety, or becoming suicidal (thinking about harming or killing oneself or planning or trying to do so)', 'enlarged or painful breasts']"
614028,Siltuximab Injection,"['darkening of the skin', 'dry skin', 'constipation', 'mouth or throat pain', 'weight gain', 'fever, sore throat, chills, or other signs of infection', 'unusual bruising or bleeding', 'swelling of the hands, arms, feet, ankles, or lower legs']"
607041,Cetuximab Injection,"['acne-like rash', 'dry or cracking skin', 'itching', 'swelling, pain, or changes in the fingernails or toenails', 'red, watery, or itchy eye(s)', 'red or swollen eyelid(s)', 'pain or burning sensation in eye(s)', 'sensitivity of eyes to light', 'hair loss', 'increased hair growth on head, face, eyelashes, or chest', 'chapped lips', 'headache', 'tiredness', 'weakness', 'confusion', 'numbness, tingling, pain, or burning in arms or legs', 'dry mouth', 'sores on lips, mouth, or throat', 'sore throat', 'nausea', 'vomiting', 'change in ability to taste food', 'loss of appetite', 'weight loss', 'constipation', 'diarrhea', 'heartburn', 'joint pain', 'bone pain', 'pain, redness, or swelling at the place the medication was injected', 'loss of vision', 'blistering, peeling, or shedding skin', 'red, swollen, or infected skin', 'new or worsening cough, shortness of breath, or chest pain']"
682667,Butorphanol Injection,"['nausea, vomiting', 'decreased sexual desire, inability to get or keep an erection', 'slow or irregular breathing', 'seizures', 'agitation, hallucinations (seeing things or hearing voices that do not exist), fever, sweating, confusion, fast heartbeat, shivering, severe muscle stiffness or twitching, loss of coordination, nausea, vomiting, or diarrhea', 'nausea, vomiting, loss of appetite, weakness, or dizziness', 'rash, hives, difficulty breathing, or swallowing; or swelling of the face, mouth, tongue or throat', 'chest pain, changes in heartbeat', 'extreme drowsiness', 'new pain or pain from touch or doing ordinary tasks such as combing your hair', 'difficulty swallowing, regurgitation (bringing up swallowed food into throat and mouth), pain in the chest area', 'unusual snoring or long pauses during breaths during sleep']"
601204,Butorphanol Nasal Spray,"['nausea, vomiting', 'decreased sexual desire, inability to get or keep an erection', 'seizures', 'slowed or irregular breathing', 'agitation, hallucinations (seeing things or hearing voices that do not exist), fever, sweating, confusion, fast heartbeat, shivering, severe muscle stiffness or twitching, loss of coordination, nausea, vomiting, or diarrhea', 'extreme drowsiness', 'nausea, vomiting, loss of appetite, weakness, or dizziness', 'chest pain, irregular or pounding heartbeat', 'rash; hives; hoarseness; difficulty breathing or swallowing; or swelling of the face, mouth, tongue or throat', 'new pain or pain from touch or doing ordinary tasks such as combing your hair', 'difficulty swallowing, regurgitation (bringing up swallowed food into throat and mouth), pain in the chest area', 'unusual snoring or long pauses during breaths during sleep']"
620023,Isatuximab-irfc Injection,"['diarrhea', 'nausea', 'vomiting', 'constipation', 'difficulty falling asleep or staying asleep', 'numbness or tingling in the hands, feet, arms or legs', 'muscle or bone pain', 'fever, chills, sore throat, or cough; pain or burning upon urination; or other signs of infection', 'unusual bleeding, easy bruising, or red blood in stools', 'shortness of breath, dizziness or weakness, or pale skin', 'difficulty breathing; cough; or swelling of the legs, ankles, or feet']"
608026,Oxymetazoline Nasal Spray,"['burning', 'stinging', 'increased nasal discharge', 'dryness inside the nose', 'sneezing', 'nervousness', 'nausea', 'dizziness', 'headache', 'difficulty falling asleep or staying asleep', 'fast heartbeat', 'slow heartbeat']"
617018,Oxymetazoline Topical,"['inflammation of the skin', 'itching', 'worsening redness', 'pain', 'worsening of pimples']"
624051,Palopegteriparatide Injection,"['injection site reactions', 'dizziness or lightheadedness', 'headache', 'diarrhea', 'back pain', 'nausea, vomiting, dizziness, feeling thirsty, confusion, muscle weakness, and irregular heartbeat', 'tingling in your fingertips, toes, lips or tongue, muscle spasms or cramps, oral numbness, depression, have problems thinking or remembering, abnormal heart rhythms, and seizures', 'pain in any areas of your body that does not go away or any new or unusual lumps or swelling under your skin that is tender to touch']"
622062,Amisulpride Injection,"['feeling cold or chills', 'injection site pain', 'fast, slow or irregular heartbeat', 'blurred vision or vision loss', 'dizziness, light-headedness, or fainting', 'rash; hives; itching; swelling of the face, eyes, or mouth; rash, hives, itching, swelling of the face, eyes, or mouth, wheezing, shortness of breath']"
695018,Moexipril,"['cough', 'dizziness or lightheadedness', 'sore throat', 'hoarseness', 'excessive tiredness', 'headache', 'diarrhea', 'vomiting', 'fever', 'muscle aches', 'fast heartbeat', 'swelling of the face, eyes, lips, tongue, arms, or legs', 'difficulty breathing or swallowing', 'fainting', 'rash']"
623055,Pozelimab-bbfg Injection,"['hair loss', 'redness, swelling, and itching at the injection site', 'bleeding gums', 'bone fracture']"
697049,Dorzolamide Ophthalmic,"['stinging, burning, or discomfort in the eye after inserting the drops', 'bitter taste after inserting the drops', 'sensitivity to light', 'upset stomach', 'vomiting', 'itching eyes', 'redness or swelling eyes', 'watery eyes', 'dryness', 'skin rash']"
608042,Ixabepilone Injection,"['headache', 'hair loss', 'flaky or darkened skin', 'problems with toenails or fingernails', 'sores on the lip or in the mouth or throat', 'difficulty tasting food', 'watery eyes', 'loss of appetite', 'weight loss', 'heartburn', 'nausea', 'vomiting', 'diarrhea', 'constipation', 'stomach pain', 'joint, muscle, or bone pain', 'confusion', 'difficulty falling asleep or staying asleep', 'dizziness', 'unusual tiredness or weakness', 'swelling of the hands, feet, ankles, or lower legs', 'numbness, burning, or tingling in the hands or feet', 'hives; rash; itching;  sudden reddening of the face, neck, or upper chest; swelling of the face, throat, or tongue; or difficulty breathing or swallowing', 'tender, red palms and soles of feet', 'chest pain or tightness, difficulty breathing, pounding heartbeat, faintness, or unusual weight gain,', 'fever (100.5 Â°F or greater), chills, cough, burning or pain when urinating, or other signs of infection']"
694007,Gabapentin,"['drowsiness', 'tiredness or weakness', 'dizziness', 'headache', 'uncontrollable shaking of a part of your body', 'double or blurred vision', 'unsteadiness', 'anxiety', 'memory problems', 'strange or unusual thoughts', 'unwanted eye movements', 'nausea', 'vomiting', 'heartburn', 'diarrhea', 'dry mouth', 'constipation', 'increased appetite', 'weight gain', 'swelling of the hands, feet, ankles, or lower legs', 'back or joint pain', 'fever', 'runny nose, sneezing, cough, sore throat, or flu-like symptoms', 'ear pain', 'red, itchy eyes (sometimes with swelling or discharge)', 'rash', 'itching', 'swelling of the face, throat, tongue, lips, or eyes', 'hoarseness', 'difficulty swallowing or breathing', 'seizures', 'difficulty breathing; bluish-tinged skin, lips, or fingernails; confusion; or extreme sleepiness']"
618034,Burosumab-twza Injection,"['headache', 'vomiting', 'fever', 'pain in arms, legs, or back', 'muscle pain', 'constipation', 'dizziness', 'redness, rash, hives, itching, swelling, pain, or bruising near or at the spot that the medication was injected', 'rash or hives', 'discomfort in the legs; a strong urge to move the legs, especially at night and when sitting or lying down']"
614048,Pembrolizumab Injection,"['muscle, joint, or bone pain', 'changes in skin color', 'dry skin', 'extreme tiredness or lack of energy', 'nausea', 'vomiting', 'constipation', 'decreased appetite', 'difficulty falling asleep or staying asleep', 'hair loss', 'change in sense of taste', 'dry eyes', 'blisters or peeling skin; skin redness; rash; itching; painful sores or ulcers in mouth, nose, throat, or genital area; fever or flu-like symptoms; or swollen glands', 'new or worsening cough, shortness of breath, chest pain', 'diarrhea; stools that are black, tarry, sticky, or contain blood or mucus; or severe abdominal pain', 'pain in upper right part of the stomach, yellowing of the skin or eyes, easy bleeding or bruising, severe nausea and vomiting, or dark-colored urine', 'tiredness or weakness; feeling cold; fast heartbeat; changes in weight (gain or loss); hair loss; increased sweating; feeling cold; deepening of voice or hoarseness; changes in mood or behavior (decreased sex drive, irritability, or forgetfulness);  headaches,\r\nincluding those that are unusual or will not go away; constipation; increased urination; or increased thirst', 'confusion, sleepiness, memory problems, stiff neck, balance problems, or tingling and weakness in the arms', 'chest pain, irregular heartbeat, shortness of breath, or swelling of ankles', 'severe or persistent muscle weakness, cramping, or pain', 'dizziness, lightheadedness, or fainting', 'decrease  in amount of urine; blood in urine; swelling of feet, ankles, or lower legs; or loss of appetite', 'changes in vision, including sensitivity to light, double vision, blurry vision, or eye pain']"
682367,Clioquinol Topical,"['itching', 'burning', 'irritation or stinging', 'redness', 'swelling']"
611015,Pegloticase Injection,"['nausea', 'vomiting', 'constipation', 'bruising', 'sore throat', 'joint pain', 'fatigue']"
622026,Mecasermin Injection,"['injection site pain, redness, bruising, and itching', 'snoring', 'excessive daytime sleepiness', 'ear pain', 'sore throat', 'headache', 'vomiting', 'dizziness', 'joint pain, pain in arms or legs', 'vision changes, headache, nausea, and vomiting', 'hives; rash; itching; difficulty breathing or swallowing; sweating; swelling of the eyes, face, mouth, lips, tongue or throat; hoarseness; lightheadedness; fainting; or chest pain', 'limping or persistent knee or hip pain', 'loss of consciousness', 'seizures']"
694014,Lodoxamide Ophthalmic,"['temporary stinging or burning in the eyes', 'headache', 'increased eye tearing', 'dry eyes', 'sneezing', 'blurred or unstable vision', 'skin rash', 'eye pain', 'swelling in or around the eyes', 'vision problems']"
614033,Iron Dextran Injection,"['soreness, swelling, or weakness in the area where the medication was injected', 'brown skin discoloration', 'numbness, burning, or tingling in the arms, hands, feet, or legs', 'sweating', 'changes in taste', 'chest pain or tightness', 'blood in the urine']"
682587,Pyridoxine,"['upset stomach', 'headache', 'sleepiness', 'tingling, prickling, burning, or sensation of tightness of the hands and feet']"
689006,Fluoxetine,"['nervousness, anxiety', 'difficulty falling asleep or staying asleep', 'nausea, heartburn, diarrhea,', 'dry mouth', 'yawning', 'weakness, tiredness', 'uncontrollable shaking of a part of the body', 'unusual dreams', 'sexual problems in males; decreased sex drive, inability to get or keep an erection, or delayed or absent ejaculation', 'sexual problems in females; decreased sex drive, or delayed orgasm or unable to have an orgasm', 'excessive sweating', 'rash, hives, blisters, itching; difficulty breathing or swallowing; swelling of the face, throat, tongue, lips, eyes, hands, feet, ankles, or lower legs', 'agitation, fever, sweating, confusion, fast or irregular heartbeat, shivering, severe muscle stiffness or twitching, hallucinations, loss of coordination, nausea, vomiting, or diarrhea', 'chest pain, shortness of breath, dizziness, fainting', 'seizures', 'abnormal bleeding or bruising', 'coma (loss of consciousness)', 'headache; unsteadiness; problems with thinking, concentration, or memory']"
619033,Gentamicin Topical,"['skin redness or itching', 'warmth, swelling, oozing, or other signs of a new skin infection in the area where you applied the medication']"
682275,Gentamicin Injection,"['nausea', 'vomiting', 'diarrhea', 'decreased appetite', 'pain at the injection site', 'headache', 'fever', 'joint pain', 'unusual tiredness', 'rash', 'peeling or blistering of the skin', 'itching', 'hives', 'swelling of the eyes, face, throat, tongue, or lips', 'difficulty breathing or swallowing', 'hoarseness']"
682669,Gentamicin Ophthalmic,"['eye irritation, burning, or stinging', 'swelling of the eye']"
620025,Teprotumumab-trbw Injection,"['muscle spasms', 'nausea', 'hair loss', 'unusual tiredness or weakness', 'changes in ability to taste food', 'headache', 'dry skin', 'missed, irregular, or painful menstrual periods', 'decreased weight', 'change in appearance or color of nails', 'diarrhea, rectal bleeding, abdominal pain and cramping', 'extreme thirst, frequent urination, extreme hunger, blurred vision, weakness']"
605042,Estradiol Transdermal Patch,"['headache', 'breast pain or tenderness', 'nausea', 'vomiting', 'constipation', 'gas', 'heartburn', 'weight gain or loss', 'hair loss', 'redness or irritation of the skin that was covered by the estradiol patch', 'swelling, redness, burning, irritation or itching of the vagina', 'vaginal discharge', 'painful menstrual periods', 'anxiety', 'depression', 'changes in mood', 'change in sexual desire', 'back, neck, or muscle pain', 'runny nose or congestion', 'darkening of skin on face (may not go away even after you stop using transdermal estradiol)', 'unwanted hair growth', 'difficulty wearing contact lenses', 'joint pain', 'yellowing of the skin or eyes', 'loss of appetite', 'fever', 'stomach tenderness, pain, or swelling', 'itching', 'hives', 'rash, blisters on skin, or other skin changes', 'swelling, of the eyes, face, lips, tongue, throat, hands, feet, ankles, or lower legs', 'hoarseness', 'difficulty breathing or swallowing']"
605041,Estradiol Topical,"['headache', 'breast pain or tenderness', 'nausea', 'vomiting', 'gas', 'stomach cramps', 'weight gain', 'mood changes', 'depression', 'anxiety or irritability', 'fatigue', 'difficulty falling asleep or staying asleep', 'back or joint pain', 'runny nose', 'cough', 'flu-like symptoms', 'hair loss', 'darkening of the skin on the face', 'irritation or redness of the skin where you applied topical estradiol', 'swelling, redness, burning, irritation, or itching of the vagina', 'vaginal discharge', 'loss of appetite, fever, nausea, vomiting, tiredness, itching, dark urine, pale or light colored stools, yellowing of the skin or eyes, or pain in the upper right part of the stomach', 'itching', 'hives', 'rash or blisters on the skin', 'swelling, of the eyes, face, lips, tongue, throat, hands, feet, ankles, or lower legs', 'hoarseness', 'wheezing', 'difficulty breathing or swallowing']"
616002,Daratumumab Injection,"['tiredness', 'constipation', 'diarrhea', 'back or joint pain', 'pain in your arms, legs, or chest', 'decreased appetite', 'headache', 'swelling of the hands, ankles, or feet', 'pain, burning, or tingling in the hands or feet', 'muscle spasms', 'difficulty falling asleep or staying asleep', 'bruising or bleeding', 'fever', 'extreme tiredness', 'yellowing of the skin or eyes']"
682125,Bleomycin,"['redness, blistering, tenderness, or thickening of the skin', 'darkened skin color', 'rash', 'hair loss', 'sores on the mouth or tongue', 'vomiting', 'loss of appetite', 'weight loss', 'sudden numbness or weakness of face, arm, or leg on one side of the body', 'sudden confusion or trouble speaking or understanding', 'sudden dizziness. loss of balance or coordination', 'sudden severe headache', 'chest pain', 'decreased urination']"
625034,Podofilox Topical,"['itching, burning, stinging, redness, or pain at the site of application', 'bleeding, swelling, or excessive pain, burning, itching']"
601232,Brimonidine Ophthalmic,"['itchy, irritated, red, stinging, or burning eyes', 'dry eyes', 'watery or runny eyes', 'red or swollen eyelids', 'changes in  vision', 'dry mouth', 'rash', 'difficulty breathing', 'seeing specks or flashes of light', 'blind spots', 'nausea, dizziness, fainting']"
612026,Fondaparinux Injection,"['rash, itching, bruising, or bleeding at the injection site', 'dizziness', 'confusion', 'pale skin', 'blisters on skin', 'difficulty falling asleep or staying asleep', 'unusual bleeding or bruising', 'dark red spots under the skin or in the mouth', 'hives', 'swelling of the face, throat, tongue, lips, or eyes', 'difficulty swallowing or breathing']"
623033,Nirsevimab-alip,"['pain, swelling or hardness at the injection site', 'swelling of the face, tongue and mouth', 'difficulty swallowing or breathing', 'unresponsiveness', 'bluish color of skin, lips or fingernails', 'muscle weakness', 'rash, hives, or itching']"
611003,Liraglutide Injection,"['headache', 'constipation', 'heartburn', 'runny nose, sneezing, sore throat, or cough', 'tiredness', 'difficulty urinating or pain or burning on urination', 'injection site rash or redness', 'decreased appetite', 'ongoing pain that begins in the upper left or middle of the stomach but may spread to the back', 'new or worsening depression, unusual changes in mood or behavior, or thinking about harming or killing yourself', 'vomiting', 'nausea', 'diarrhea', 'pain in the upper part of the stomach, yellowing of the eyes or skin, clay-colored stools, or fever', '', 'rash; itching; swelling of the eyes, face, mouth, tongue, or throat; difficulty breathing or swallowing; or fainting or feeling dizzy', 'rapid or pounding heartbeat', 'decreased urination; or swelling of the legs, ankles, or feet']"
624010,Nedosiran Injection,"['bruising, pain, redness, rash, or tenderness at the injection site']"
616052,Tazarotene Topical,"['itching', 'burning', 'redness', 'rash', 'peeling', 'stinging', 'pain', 'dryness', 'swelling', 'discoloration', 'irritation or swelling of the eyelid or eye', 'chapped or inflamed lips', 'swelling in arms or legs']"
601055,Flurandrenolide Topical,"['burning, itching, drying or cracking of the skin', 'acne', 'tiny red bumps or rash around the mouth', 'small white or red bumps on the skin', 'change in skin color', 'unwanted hair growth', 'bruising or shiny skin', 'severe skin rash', 'redness, swelling, oozing pus, or other signs of skin infection in the place where you applied flurandrenolide', 'irritation in the place where you applied flurandrenolide tape', 'skin sores']"
624028,Fidanacogene elaparvovec-dzkt Injection,['unusual bleeding or bruising']
610005,Romidepsin Injection,"['nausea', 'vomiting', 'diarrhea', 'constipation', 'stomach pain', 'mouth sores', 'headache', 'changed sense of taste', 'loss of appetite', 'itching', 'tiredness or weakness', 'pale skin', 'shortness of breath', 'chest pain', 'irregular heartbeat', 'feeling dizzy or faint', 'easy bruising or bleeding', 'fever, cough, flu-like symptoms, muscle aches, burning on urination, worsening skin problems, and other signs of infection (may occur up to 30 days after your treatment)', 'rash', 'blistering or peeling skin', 'swelling of the hands, feet, ankles, or lower legs']"
625038,Reteplase Injection,"['bleeding, particularly at the site of injection', 'rash, itching, redness, swelling of the tongue or throat, dizziness, fainting, and difficulty breathing', 'headache, confusion, trouble speaking, weakness or numbness in face, arm or leg (usually on one side)', 'skin or toes that are purple in color', 'decrease in amount of urine', 'changes in vision', 'chest pain, trouble breathing', 'nausea, vomiting, abdominal pain that goes around your to your back']"
682549,Fludrocortisone Acetate,"['upset stomach', 'stomach irritation', 'vomiting', 'headache', 'dizziness', 'insomnia', 'restlessness', 'depression', 'anxiety', 'acne', 'increased hair growth', 'easy bruising', 'irregular or absent menstrual periods', 'skin rash', 'swollen face, lower legs, or ankles', 'vision problems', 'cold or infection that lasts a long time', 'muscle weakness', 'black or tarry stool']"
603030,Mefloquine,"['nausea', 'vomiting', 'fever', 'diarrhea', 'pain on the right side of your stomach', 'loss of appetite', 'muscle pain', 'headache', 'sleepiness', 'increased sweating', 'tingling in your fingers or toes', 'difficulty walking', 'light-colored bowel movements', 'dark colored urine', 'yellowing of your skin or the white of your eyes', 'itching', 'shaking of arms or legs that you cannot control', 'changes in vision', 'muscle weakness', 'shortness of breath', 'chest pain', 'panic attack', 'rash']"
620041,Tolvaptan (kidney disease),"['thirst', 'dry mouth', 'frequent, excessive urination', 'heartburn', 'decreased appetite', 'diarrhea', 'inability to drink normally', 'dizziness', 'faintness', 'decreased urination', 'weakness', 'drowsiness', 'confusion', 'weight loss', 'rapid or pounding heartbeats', 'swelling of the face, throat, tongue, lips, eyes, hands, feet, ankles, or lower legs', 'hoarseness', 'hives']"
609033,Tolvaptan (low blood sodium),"['thirst', 'dry mouth', 'frequent, excessive urination', 'constipation', 'loss of appetite', 'nausea', 'vomiting', 'fever', 'feeling unwell', 'unusual tiredness or weakness', 'itching', 'yellowing of the skin or eyes', 'dark urine', 'pain in the upper right part of the stomach', 'diarrhea', 'inability to drink normally', 'dizziness', 'faintness', 'vomit that is bloody or looks like coffee grounds', 'bloody or black and tarry stools', 'swelling of the face, throat, tongue, lips, eyes, hands, feet, ankles, or lower legs', 'hoarseness', 'hives', 'rash']"
601099,Potassium,"['upset stomach', 'vomiting', 'diarrhea', 'mental confusion', 'listlessness', 'tingling, prickling, burning, tight, or pulling sensation of arms, hands, legs, or feet', 'heaviness or weakness of legs', 'cold, pale, gray skin', 'stomach pain', 'unusual stomach bulging', 'black stools']"
625098,Donidalorsen Injection,"['pain, redness, or swelling at the site of injection', 'runny nose, congestion, or sneezing', 'stomach pain or cramping', 'hives; rash; difficulty breathing; swelling of lips, throat or face; feeling faint or loss of conciousness', 'painful or frequent urination, fever, low back pain']"
619028,Testosterone,"['heartburn', 'diarrhea', 'gas', 'headache', 'joint and muscle pain', 'weight gain', 'lower leg pain, swelling, warmth, or redness', 'difficulty breathing, especially at night', 'swelling of the hands, feet, and ankles', 'sudden unexplained weight gain', 'erections that happen too often or that last too long', 'difficulty urinating, weak urine flow, frequent urination, sudden need to urinate right away', 'nausea or vomiting, extreme tiredness, yellowing of the skin or eyes, dark urine, or pain in the upper right part of the stomach', 'mood changes including depression, anxiety, or becoming suicidal (thinking about harming or killing oneself or planning or trying to do so)', 'enlarged or painful breasts']"
616018,Amphotericin B Liposomal Injection,"['stomach pain', 'heartburn', 'diarrhea', 'constipation', 'loss of appetite', 'redness or swelling at the injection site', 'pale skin', 'shortness of breath', 'dizziness', 'headache', 'coldness in the hands and feet', 'rash', 'hives', 'difficulty breathing', 'itching', 'swelling of the face, throat, tongue, lips, eyes, hands, feet, ankles, or lower legs', 'chest pain or tightness', 'black and tarry stools', 'decreased urination', 'blood in the urine']"
601132,Amphotericin B Lipid Complex Injection,"['stomach pain or cramping', 'heartburn', 'diarrhea', 'weight loss', 'loss of appetite', 'muscle or joint pain', 'injection site redness or swelling', 'pale skin', 'shortness of breath', 'dizziness', 'headache', 'coldness in the hands and feet', 'rash', 'skin blisters', 'wheezing', 'difficulty breathing', 'itching', 'swelling of the face, throat, tongue, lips, eyes', 'bloody vomit', 'black and tarry stools', 'blood in stool', 'yellowing of the skin or eyes', 'decreased urination']"
682643,Amphotericin B Injection,"['stomach pain or cramping', 'heartburn', 'diarrhea', 'weight loss', 'bone, muscle, or joint pain', 'lack of energy', 'redness or swelling at the injection site', 'pale skin', 'shortness of breath', 'dizziness', 'headache', 'coldness in the hands and feet', 'rash', 'blisters or hives', 'flushing', 'wheezing', 'difficulty breathing', 'itching', 'yellowing of the skin or eyes', 'decreased urination']"
682518,Niacin,"['diarrhea', 'increased cough', 'dizziness', 'faintness', 'fast heartbeat', 'nausea', 'vomiting', 'extreme tiredness', 'dark colored urine', 'light colored stools', 'unusual bleeding or bruising', 'lack of energy', 'loss of appetite', 'pain in the upper right part of the stomach', 'yellowing of the skin or eyes', 'flu-like symptoms', 'hives', 'rash', 'itching', 'difficulty breathing or swallowing', 'swelling of the face, throat, tongue, lips, eyes, hands, feet, ankles, or lower legs', 'hoarseness', 'unexplained muscle pain, tenderness, or weakness']"
617041,Inotuzumab Ozogamicin Injection,"['decreased appetite', 'stomach pain', 'diarrhea', 'constipation', 'mouth sores', 'rash', 'itching', 'excessive sweating', 'arm, leg, back, or neck pain', 'muscle weakness', 'anxiety', 'fever, chills, cough, or other signs of infection', 'unusual bleeding or bruising', 'black and tarry stools', 'red blood in stools', 'pale skin', 'fatigue', 'dizziness, lightheadedness, or feeling faint', 'slow, fast, or irregular heart beats']"
618005,Gemtuzumab Ozogamicin Injection,"['rash', 'diarrhea', 'constipation', 'nausea', 'vomiting', 'headache', 'pain', 'pain, swelling, or sores in mouth or throat', 'unusual or severe bleeding or bruising', 'cough, shortness of breath, or difficulty breathing', 'fast heartbeat', 'fever, chills, sore throat, or other signs of infection']"
603018,Teriparatide Injection,"['pain', 'weakness', 'heartburn or sour stomach', 'leg cramps', 'dizziness', 'depression', 'redness, pain, swelling, bruising, a few drops of blood or itching at the injection site', 'back spasms', 'chest pain', 'fainting', 'difficulty breathing', 'nausea', 'vomiting', 'constipation', 'lack of energy', 'muscle weakness', 'purple net-like pattern, painful lumps, or sores on the skin']"
625079,Prademagene zamikeracel topical,"['pain or itching at the treatment site(s)', 'rash; itching; hives; swelling of your face, mouth, tongue, or throat; chest pain; runny nose; watery eyes; nausea; fast heartbeat; or difficulty swallowing or breathing']"
624007,Berdazimer Topical,"['burning, stinging, flaky skin', 'lightening or darkening of the skin', 'blisters or irritation', 'fever, general unwell feeling, cough, or congestion', 'pain, itching, swelling or redness at application site']"
624040,Ensifentrine Oral Inhalation,"['back pain', 'diarrhea', 'difficult or painful urination', 'sudden shortness of breath immediately after inhaling the medication', 'new or worsening depression; thinking about harming or killing yourself, or planning or trying to do so; extreme worry; agitation; panic attacks; new or worsening anxiety; difficulty falling asleep or staying asleep; aggressive behavior; irritability; acting without thinking; severe restlessness; and frenzied abnormal excitement.']"
601099,Potassium,"['upset stomach', 'vomiting', 'diarrhea', 'mental confusion', 'listlessness', 'tingling, prickling, burning, tight, or pulling sensation of arms, hands, legs, or feet', 'heaviness or weakness of legs', 'cold, pale, gray skin', 'stomach pain', 'unusual stomach bulging', 'black stools']"
615035,Alirocumab Injection,"['redness, itching, swelling, pain, or tenderness at the injection site', 'flu-like symptoms, fever, headache, or chills', 'itching, rash, hives', 'difficulty breathing or swallowing', 'swelling of the face, throat, tongue, lips, and eyes']"
625073,Diazoxide Choline,"['unusual hair growth', 'joint pain', 'runny nose or sore throat', 'fever', 'rash', 'dry mouth, dark urine, decreased sweating, dry skin, or other signs of dehydration', 'swelling of the face, hands, arms, feet, ankles, or lower legs', 'shortness of breath or difficulty breathing, cough, fast or irregular heartbeat, or chest pain']"
615042,Prednisolone,"['headache', 'nausea', 'extreme changes in mood, including unusual happiness', 'changes in personality', 'difficulty falling asleep or staying asleep', 'thin, fragile skin', 'slowed healing of cuts and bruises', 'acne', 'thinning hair', 'increased appetite', 'changes in the way fat is spread around the body', 'increased sweating', 'irregular or absent menstrual periods', 'sore throat, fever, chills, cough, or other signs of infection', 'seizures', 'muscle weakness', 'vision problems', 'depression', 'loss of contact with reality', 'sudden weight gain', 'stomach swelling', 'swelling of the eyes, face, lips, tongue, throat, arms, hands, feet, ankles, or lower legs', 'difficulty breathing or swallowing', 'rash', 'hives', 'itching']"
682795,Methylprednisolone,"['upset stomach', 'stomach irritation', 'vomiting', 'headache', 'dizziness', 'insomnia', 'restlessness', 'depression', 'anxiety', 'acne', 'increased hair growth', 'easy bruising', 'irregular or absent menstrual periods', 'skin rash', 'swollen face, lower legs, or ankles', 'vision problems', 'cold or infection that lasts a long time', 'muscle weakness', 'black or tarry stool']"
686011,Levobunolol Ophthalmic,"['eye stinging or burning', 'discomfort, redness, or itching of the eye', 'swelling of the eyelids', 'decreased vision', 'difficulty breathing', 'wheezing', 'slow or irregular heartbeat', 'faintness', 'swelling of the feet and legs', 'sudden weight gain']"
613001,Aclidinium Oral Inhalation,"['headache', 'runny nose and other cold symptoms', 'cough', 'diarrhea', 'sudden shortness of breath immediately after inhaling the medication', 'eye pain or redness', 'blurred vision', 'seeing halos or bright colors around lights', 'nausea or vomiting', 'difficult, painful or frequent urination', 'weak urine stream', 'rash', 'hives', 'itching', 'swelling of the eyes, face, lips, mouth, tongue, or throat', 'difficulty breathing or swallowing']"
618047,Eravacycline Injection,"['nausea', 'vomiting', 'diarrhea', 'dizziness', 'pain, redness, or swelling near the place where eravacycline was injected', 'severe diarrhea (watery or bloody stools) that may occur with or without fever and stomach cramps (may occur up to 2 months or more after your treatment)', 'wound healing problems', 'blistering or peeling skin', 'rash', 'hives', 'itching', 'tingling or swelling of the face, neck, throat, tongue, lips, or eyes', 'difficulty breathing or swallowing itching', 'headache; blurred vision; seeing double; or loss of vision', 'ongoing pain that begins in the stomach area but may spread to the back', 'sore throat, fever, chills, and other signs of new or worsening infection']"
682462,Liothyronine,"['weight loss', 'nervousness', 'excessive sweating', 'sensitivity to heat', 'temporary hair loss (particularly in children during the first months of therapy)', 'chest pain', 'rapid or irregular heartbeat or pulse']"
604034,Norethindrone,"['irregular vaginal bleeding or spotting', 'changes in menstrual flow', 'enlarged or tender breasts', 'nausea', 'vomiting', 'bloating', 'weight changes', 'difficulty falling asleep or staying asleep', 'acne', 'brown patches on the face', 'hair loss', 'growth of hair on face', 'loss of vision', 'blurred vision', 'double vision', 'bulging eyes', 'migraine headache', 'pain, warmth, or heaviness in the back of the lower leg', 'shortness of breath', 'coughing up blood', 'sudden sharp or crushing chest pain', 'heaviness in chest', 'slow or difficult speech', 'dizziness or faintness', 'weakness or numbness of an arm or leg', 'swelling of the arms, hands, feet, ankles, or lower legs', 'yellowing of the skin or eyes', 'depression', 'mood swings', 'missed periods', 'sudden, severe pain in the abdomen (area between the chest and waist)', 'hives', 'rash', 'itching', 'difficulty breathing or swallowing']"
682348,Isosorbide,"['nausea', 'worsening chest pain', 'rash', 'hives', 'itching', 'difficulty breathing or swallowing']"
601099,Potassium,"['upset stomach', 'vomiting', 'diarrhea', 'mental confusion', 'listlessness', 'tingling, prickling, burning, tight, or pulling sensation of arms, hands, legs, or feet', 'heaviness or weakness of legs', 'cold, pale, gray skin', 'stomach pain', 'unusual stomach bulging', 'black stools']"
692004,Pentostatin Injection,"['nausea, vomting, stomach pain, diarrhea', 'constipation', 'sores in the mouth and throat', 'muscle, back, or joint pain', 'headache', 'sweating', 'difficulty falling asleep or staying asleep', 'dry skin', 'itching', 'loss of strength or energy', 'difficulty breathing, shortness of breath, wheezing, cough', 'fever, sore throat, chills, or other signs of infection', 'unusual bleeding or bruising, black and tarry stools, red blood in stools', 'bloody vomit; vomited material that looks like coffee grounds', 'fast, irregular, or pounding heartbeat', 'chest pain', 'dizziness', 'fainting', 'yellowing of the skin or eyes, loss of appetite, pain in the upper right part of the stomach, dark colored urine', 'decreased urination', 'swelling of the face, arms, hands, feet, ankles, or lower legs', 'unusual tiredness or weakness', 'rash', 'vision changes', 'changes in hearing']"
601210,Enoxaparin Injection,"['upset stomach', 'fever', 'irritation or burning at site of injection', 'unusual bleeding or bruising', 'black or bloody stools', 'blood in urine', 'swollen ankles and/or feet']"
682206,Hydrocortisone,"['nausea', 'headache', 'insomnia', 'acne', 'irregular or absent menstrual periods', 'rash; hives; itching; swelling of the eyes, face, lips, mouth, throat, or tongue; or difficulty breathing or swallowing', 'vomiting', 'diarrhea', 'sudden weight gain; muscle weakness; unusual bruising; swollen face, lower legs, or ankles; depression; or sudden, unusual mood changes', 'hallucinations (seeing things or hearing voices that do not exist), confusion, mania (frenzied or abnormally excited mood), or depression', 'eye pain, redness, or tearing; blurred vision; or other vision problems', 'sore throat, fever, chills, cough, stomach pain, difficult or painful urination, or other signs of infection', 'seizures']"
622065,Betibeglogene autotemcel Injection,"['leg or arm pain', 'sores in the mouth and throat', 'hair loss', 'diarrhea', 'nausea', 'vomiting', 'constipation', 'heartburn', 'decreased appetite', 'excessive tiredness', 'changes in skin color', 'unusual bruising or bleeding, nose bleeding, severe headache, blood in urine, stool, or vomit, coughing up blood, or unusual abominal or back pain', 'fever, sore throat, ongoing cough and congestion, or other signs of infection', 'hives; rash; itching; swelling of the lips, tongue, or throat; shortness of breath or difficulty breathing']"
626029,Thyrotropin alfa Injection,"['nausea', 'vomiting', 'unusual tiredness or weakness', 'dizziness', 'headache', 'itching, pain, bruising, or redness at the injection site', 'hot flashes', 'rash, hives, itching, flushing, or difficulty breathing or swallowing', 'fever, chills, or flu-like symptoms', 'slow or difficult speech; sudden weakness or numbness of the face, arm or leg; sudden headache; sudden vision problems; or sudden difficulty walking', 'fast, pounding, or irregular heartbeat; sensitivity to heat; nervousness; increased sweating; uncontrollable shaking of a part of the body; difficulty falling asleep or staying asleep; anxiety; or irritability']"
612024,Eculizumab Injection,"['headache', 'runny nose', 'pain or swelling in the nose or throat', 'cough', 'difficulty falling asleep or staying asleep', 'excessive tiredness', 'dizziness', 'pain in the arms, legs, muscles, or joints', 'nausea, vomiting, or diarrhea', 'stomach pain', 'painful or difficult urination', 'swelling of the arms, hands, feet, ankles, or lower legs', 'pale skin, weakness, fast heartbeat, or shortness of breath']"
620001,Brolucizumab-dbll Injection,"['eye pain, redness, or sensitivity to light', 'changes in vision', ""seeing ''floaters'' or small specks"", 'bleeding in or around the eye', 'swelling of the eye or eyelid', 'rash, hives, itching, or redness']"
682860,Colistimethate Injection,"['upset stomach', 'hives', 'rash', 'numbness and tingling of the arms, legs, hands, feet, or tongue', 'sensation of insects crawling under the skin', 'itching', 'slurred speech', 'muscle weakness', 'shallow, slowed, or temporarily stopped breathing', 'decreased urination', 'severe diarrhea (watery or bloody stools) with or without fever and stomach cramps that may occur up to 2 months or more after your treatment']"
695020,Lansoprazole,"['constipation', 'nausea', 'headache', 'dizziness', 'diarrhea', 'in men, difficulty achieving or maintaining an erection', 'rash; hives; itching; swelling of the eyes, face, lips, mouth, throat, or tongue; difficulty breathing or swallowing; hoarseness', 'blistering, peeling, or bleeding skin; sores on the lips, nose, mouth, or genitals; swollen glands; shortness of breath; fever; flu-like symptoms', 'increased or decreased urination, blood in urine, fatigue, nausea, loss of appetite, fever, rash, or joint pain', 'irregular, fast, or pounding heartbeat; muscle spasms; uncontrollable shaking of a part of the body; excessive tiredness; lightheadedness; dizziness; or seizures', 'severe diarrhea with watery stools, stomach pain, or fever that does not go away', 'new or worsening joint pain; rash on cheeks or arms that is sensitive to sunlight']"
602030,Bimatoprost Ophthalmic,"['itchy eyes', 'dry eyes', 'burning eyes', 'eye pain or irritation', 'eye tearing', 'headaches', 'sensitivity to light', 'pink eye', 'redness or swelling of the eyelid']"
609009,Bimatoprost Topical,"['itchy eyes', 'dry eyes', 'eye irritation', 'redness of the eyes and eyelids', 'blurred or decreased vision']"
610011,Besifloxacin Ophthalmic,"['red, itchy, or irritated eyes', 'eye pain', 'blurred vision', 'headache', 'rash', 'hives', 'itching', 'difficulty breathing or swallowing', 'swelling of the face, throat, tongue, lips, eyes, hands, feet, ankles, or lower legs']"
682396,Quinidine,"['diarrhea', 'nausea', 'vomiting', 'heartburn', 'fever', 'dizziness', 'lightheadedness', 'headache', 'fatigue', 'weakness', 'rash', 'difficulty sleeping', 'tremor', 'ringing in the ears or loss of hearing, vision changes (blurred vision or light sensitivity), dizziness,  confusion', 'unusual bleeding or bruising', 'loss of appetite, nausea, yellow eyes or skin, pain in the upper right area of the stomach, or dark urine', 'seizures', 'rash; hives; itching; or swelling of the  face, throat, lips, or eyes']"
602019,Diflorasone Topical,"['burning, itching, irritation, redness, or drying or cracking of the skin', 'acne', 'rash', 'increased hair growth', 'change in skin color', 'bruising or shiny skin', 'tiny red bumps or rash around the mouth', 'small white or red bumps on the skin', 'redness, swelling, oozing pus or other signs of skin infection in the place where you applied diflorasone', 'changes in the way fat is spread around the body', 'sudden weight gain', 'unusual tiredness', 'muscle weakness', 'depression and irritability']"
682012,Butoconazole Vaginal Cream,"['burning in vagina when cream is inserted', 'irritation in vagina when cream is inserted', 'stomach pain', 'fever', 'foul-smelling discharge']"
607074,Bentoquatam Topical,[]
625017,Cyanocobalamin (Vitamin B12),[]
604029,Cyanocobalamin Nasal Gel,"['headache', 'upset stomach', 'stuffed or runny nose', 'sore tongue', 'weakness', 'unusual bruising or bleeding', 'muscle weakness, cramps, or pain', 'leg pain', 'extreme thirst', 'frequent urination', 'confusion', 'burning or tingling in the arms, legs, hands or feet', 'sore throat, fever, chills, or other signs of infection', 'rash', 'hives', 'itching', 'difficulty breathing or swallowing']"
605007,Cyanocobalamin Injection,"['diarrhea', 'feeling as if your entire body as swollen', 'muscle weakness, cramps, or pain', 'leg pain', 'extreme thirst', 'frequent urination', 'confusion', 'shortness of breath, especially when you exercise or lie down', 'coughing or wheezing', 'fast heartbeat', 'extreme tiredness', 'swelling of the arms, hands, feet, ankles or lower legs', 'pain, warmth, redness, swelling or tenderness in one leg', 'headache', 'dizziness', 'red skin color, especially on the face', 'hives', 'rash', 'itching', 'difficulty breathing or swallowing']"
624060,Peanut (Arachis hypogaea) Allergen Powder-dnfp,"['runny nose', 'cough', 'sneezing', 'itchy ears', 'itching, burning or tingling in the mouth', 'nausea', 'trouble swallowing, food getting stuck in your throat, chest pain, heartburn, throat burning, or vomiting']"
624034,Nogapendekin alfa inbakicept-pmln Intravesical,"['leakage of urine', 'bladder spasms', 'frequent, urgent, or painful urination', 'difficulty urinating', 'fatigue', 'fever', 'chills', 'nausea', 'diarrhea', 'muscle or bone pain', 'blood in urine']"
682065,Codeine,"['nausea, vomiting', 'sweating', 'decreased sexual desire, inability to get or keep an erection', 'agitation, hallucinations (seeing things or hearing voices that do not exist), fever, sweating, confusion, fast heartbeat, shivering, severe muscle stiffness or twitching, loss of coordination, nausea, vomiting, or diarrhea', 'nausea, vomiting, loss of appetite, weakness, or dizziness', 'chest pain, changes in heartbeat', 'rash; hives; itching; nausea; vomiting; hoarseness; difficulty breathing or swallowing; or swelling of the eyes, face, lips, mouth, tongue or throat', 'seizures', 'extreme drowsiness', 'new pain or pain from touch or doing ordinary tasks such as combing your hair', 'difficulty swallowing, regurgitation (bringing up swallowed food into throat and mouth), pain in the chest area', 'unusual snoring or long pauses during breaths during sleep']"
619008,Paclitaxel (with albumin) Injection,"['pain, redness, swelling, or sores in the place where the medication was injected', 'unusual tiredness or weakness', 'nausea', 'vomiting', 'diarrhea', 'sores in the mouth or throat', 'hair loss', 'swelling of the hands, feet, ankles or lower legs', 'blurred vision or vision changes', 'decreased urination', 'dry mouth', 'thirst', 'muscle pain or cramps', 'joint pain', 'numbness, burning, or tingling in the hands or feet', ""sudden onset of dry cough that doesn't go away"", 'shortness of breath', 'rash', 'hives', 'difficulty breathing or swallowing', 'swelling of the eyes, face, mouth, lips, tongue, or throat', 'pale skin', 'excessive tiredness', 'unusual bruising or bleeding', 'chest pain', 'slow or irregular heartbeat', 'fainting']"
607070,Paclitaxel (with polyoxyethylated castor oil) Injection,"['pain, redness, swelling, or sores in the place where the medication was injected', 'numbness, burning, or tingling in the hands or feet', 'muscle or joint pain', 'nausea', 'vomiting', 'diarrhea', 'sores in the mouth or on the lips', 'hair loss', 'shortness of breath', 'pale skin', 'excessive tiredness', 'unusual bruising or bleeding', 'chest pain', 'slow or irregular heartbeat']"
682792,Dexamethasone,"['upset stomach', 'stomach irritation', 'vomiting', 'headache', 'dizziness', 'insomnia', 'restlessness', 'depression', 'anxiety', 'acne', 'increased hair growth', 'easy bruising', 'irregular or absent menstrual periods', 'skin rash', 'swollen face, lower legs, or ankles', 'vision problems', 'cold or infection that lasts a long time', 'muscle weakness', 'black or tarry stool']"
622076,Teclistamab-cqyv Injection,"['redness, heat, swelling, bruising, pain, rash, or blood collection under the skin at the injection site', 'nausea', 'diarrhea', 'constipation', 'joint, back, or bone pain', 'swelling of the hands, feet, ankles, or lower legs', 'recurrent fever', 'swollen tongue', 'sore throat, cough, fever, chills, or other signs of infection', 'extreme tiredness, loss of appetite, pain in upper right side of your stomach, dark urine, or yellowing of the skin or eyes', 'unusual bleeding or bruising']"
605015,Lanthanum,"['nausea', 'vomiting', 'abdominal (stomach area) pain', 'indigestion', 'diarrhea', 'constipation', 'severe abdominal pain or cramping', 'bloating', 'swelling of the abdomen', 'inability to pass gas or have a bowel movement']"
623062,Nadofaragene firadenovec-vncg Intravesical,"['leakage of urine', 'bladder spasms', 'frequent, urgent, or painful urination', 'tiredness', 'chills', 'fever', 'blood in urine']"
619037,Brexanolone Injection,"['dry mouth', 'heartburn', 'mouth or throat pain', 'flushing', 'hot flashes', 'dizziness or a spinning sensation', 'fatigue', 'racing heartbeat']"
682222,Cytarabine Injection,"['nausea, vomiting, diarrhea, stomach pain', 'loss of appetite', 'sores in the mouth and throat', 'hair loss', 'tiredness', 'sore or red eyes', 'ongoing pain that begins in the stomach area but may spread to the back', 'redness, pain, swelling, or burning at the site where the injection was given', 'rash, itching, hives, difficulty breathing or swallowing', 'fever, muscle or joint pain, tiredness, chest pain, rash, redness and itching of the eyes', 'shortness of breath, trouble breathing', 'yellowing of the skin or eyes', 'dark-colored urine or decreased urination', 'sudden change or loss of vision', 'seizures', 'confusion, sleepiness, changes in personality', 'numbness, burning, or tingling in the hands, arms, feet, or legs']"
612003,Cytarabine Lipid Complex Injection,"['diarrhea', 'constipation', 'stomach pain', 'tiredness', 'weakness', 'muscle or joint pain', 'trouble falling or staying asleep', 'sudden change or loss of vision or hearing', 'dizziness', 'fainting', 'confusion or memory loss', 'seizure', 'numbness, burning, or tingling in the hands, arms, feet, or legs', 'loss of bowel or bladder control', 'loss of feeling or movement on one side of the body', 'difficulty walking or unsteady walking', 'sudden fever, severe headache, and stiff neck', 'difficulty breathing or swallowing', 'rash', 'hives', 'itching', 'unusual bleeding or bruising', 'fever, sore throat, ongoing cough and congestion, or other signs of infection']"
609010,Dexrazoxane Injection,"['pain or swelling in the place where the medication was injected', 'nausea', 'vomiting', 'diarrhea', 'constipation', 'stomach pain', 'loss of appetite', 'dizziness', 'headache', 'excessive tiredness', 'difficulty falling asleep or staying asleep', 'depression', 'swelling of the arms, hands, feet, ankles, or lower legs', 'sore throat, fever, chills, cough, and other signs of infection', 'unusual bruising or bleeding', 'pale skin', 'weakness', 'shortness of breath', 'rash', 'itching', 'hives', 'difficulty breathing or swallowing', 'swelling of the eyes, face, mouth, lips, tongue, or throat', 'dizziness', 'fainting']"
621004,Margetuximab-cmkb Injection,"['headache', 'fatigue', 'nausea', 'diarrhea', 'vomiting', 'constipation', 'loss of appetite', 'stomach pain', 'hair loss', 'pain in hands or feet', 'joint or muscle pain', 'rash with blisters on hands and feet']"
614050,Efinaconazole Topical,"['redness, itching, or swelling of the skin around the affected toenail(s)', 'burning, stinging, or pain in the area around the affected toenail(s)', 'blisters in the area around the affected toenail(s)', 'ingrown toenail']"
618002,Benralizumab Injection,"['headache', 'sore throat', 'wheezing or difficulty breathing', 'hives', 'rash', 'swelling of the face, mouth, and tongue', 'fainting or dizziness']"
606009,Tipranavir,"['nausea, vomiting, diarrhea', 'tiredness', 'headache', 'stomach pain', 'fever, chills, cough, or other signs of infection', 'rash; itching; redness, blistering, or peeling of skin; difficulty breathing or swallowing; shortness of breath; muscle or joint pain or stiffness']"
696015,Acarbose,"['shakiness', 'dizziness or lightheadedness', 'sweating', 'nervousness or irritability', 'sudden changes in behavior or mood', 'headache', 'numbness or tingling around the mouth', 'weakness', 'pale skin', 'hunger', 'clumsy or jerky movements', 'confusion', 'seizures', 'loss of consciousness', 'extreme thirst', 'frequent urination', 'extreme hunger', 'weakness', 'blurred vision', 'dry mouth', 'upset stomach and vomiting', 'shortness of breath', 'breath that smells fruity', 'decreased consciousness']"
622010,Tezepelumab Injection,"['pain, redness, or swelling at the injection site', 'sore throat', 'joint or back pain', 'rash; hives; difficulty breathing; swelling of the eyes, face, lips, tongue, or throat; fainting, dizziness, feeling lightheaded;', 'red, itchy, swollen or inflamed eyes']"
682795,Methylprednisolone,"['upset stomach', 'stomach irritation', 'vomiting', 'headache', 'dizziness', 'insomnia', 'restlessness', 'depression', 'anxiety', 'acne', 'increased hair growth', 'easy bruising', 'irregular or absent menstrual periods', 'skin rash', 'swollen face, lower legs, or ankles', 'vision problems', 'cold or infection that lasts a long time', 'muscle weakness', 'black or tarry stool']"
623008,Ublituximab-xiiy injection,"['pain in arms or legs', 'difficulty falling sleeping or staying asleep', 'tiredness', 'weakness on one side of the body, loss of coordination, vision problems, confusion, memory impairment, personality changes', 'yellowing of the skin and eyes, nausea, vomiting, pain in the upper right part of the stomach, dark colored urine, extreme tiredness, or weakness']"
601099,Potassium,"['upset stomach', 'vomiting', 'diarrhea', 'mental confusion', 'listlessness', 'tingling, prickling, burning, tight, or pulling sensation of arms, hands, legs, or feet', 'heaviness or weakness of legs', 'cold, pale, gray skin', 'stomach pain', 'unusual stomach bulging', 'black stools']"
611018,Bromfenac Ophthalmic,"['stinging or burning of the eyes', 'red or itchy eyes', 'feeling that something is in the eye', 'headache', 'redness or swelling of eyes, lips, tongue, or skin', 'rash, hives, or other skin changes', 'difficulty breathing or swallowing', 'bleeding within the eye', 'sensitivity of your eyes to light', 'eye pain', 'blurry, cloudy, or blocked areas of vision']"
601082,Nafarelin Nasal Spray,"['acne', 'changes in breast size', 'vaginal bleeding (menstruation should stop with this medication)', 'mood swings', 'increase in pubic hair', 'body odor', 'oily, flaky, or scaly skin', 'nasal irritation', 'headache', 'hot flashes', 'vaginal dryness or vaginal discharge', 'change in sex drive', 'muscle aches', 'rhinitis (stuffy or runny nose)', 'abdominal or pelvic pain', 'rash, hives, itching, shortness of breath or difficulty breathing, or chest pain', 'dry, itchy, blistering, or peeling skin; rash; acne; redness or swelling of your face, hands or soles of your feet; mouth sores or blisters; fever; muscle or joint aches; or swollen glands', 'crying, irritability, impatience, anger, or aggressive behavior', 'depression', 'sudden headache, blurred vision, vision changes, eye pain, ringing in the ears, dizziness, or nausea', 'seizures']"
607060,Verteporfin Injection,"['pain, redness, swelling, or discoloration at the site of the injection', 'back pain during the infusion', 'dry eye', 'itchy eye', 'dry, itchy skin', 'constipation', 'nausea', 'muscle pain or weakness', 'decreased sensitivity to touch', 'decreased hearing', 'blurred vision', 'decrease or changes in vision', 'seeing flashes of light', 'black spots in vision', 'redness and swelling of the eyelid', 'pink eye', 'chest pain', 'fainting', 'sweating', 'dizziness', 'rash', 'shortness of breath', 'flushing', 'rapid or irregular heartbeat', 'headache', 'lack of energy', 'hives and itching']"
601081,Mycophenolate,"['constipation', 'nausea', 'vomiting', 'difficulty falling asleep or staying asleep', 'pain, especially in the back, muscles, or joints', 'headache', 'gas', 'prickling, tingling, or burning feeling on the skin', 'swelling of the hands, arms, feet, ankles, or lower legs', 'tremor', ""sudden severe stomach pain, stomach pain that doesn't go away, or diarrhea"", 'difficulty breathing', 'chest pain', 'rash', 'itching', 'dizziness, fainting, pale skin, lack of energy, shortness of breath, or fast heartbeat', 'unusual bleeding or bruising; vomiting or spitting up blood or brown material that resembles coffee grounds; bloody or black, tarry stools; or blood in urine', 'fever, muscle or joint stiffness or pain']"
625086,Ranibizumab Implant,"['headache', 'redness or blood in the white of your eyes', 'eye pain', 'sudden feeling that something is in your eye, seeing a bulge over the white part of your eye, or eye discharge or watering of the eye', 'seeing flashing lights, seeing ""floaters"" or small specks, seeing a curtain or shadow covering your vision, vision loss, or other vision changes', 'seeing moving spots or what looks like spider webs in your\r\nvision']"
607044,Ranibizumab Injection,"['headache', 'dry or itchy eyes', 'teary eyes', 'feeling that something is in your eye', 'nausea', 'sneezing, runny nose, cough, or sore throat', 'tiredness', 'worsening eye pain, eye redness, bleeding in or around the eye, discharge from the eyes, puffy eyelids, or swelling of the eyes', 'eye sensitivity to light, blurred or cloudy vision, or vision loss', ""seeing flashing lights or seeing ''floaters'' or small specks"", 'chest pain, shortness of breath, slow or difficult speech, or weakness or numbness of an arm or leg']"
695017,Carboplatin Injection,"['nausea', 'vomiting', 'diarrhea', 'constipation', 'sores in the mouth and throat', 'pain, burning, or tingling in the hands or feet', 'pain, itching, redness, swelling, blisters, or sores in the place where the medication was injected', 'hair loss', 'pain', 'weakness', 'loss in ability to taste food', 'pale skin', 'unusual tiredness or weakness', 'fainting', 'dizziness', 'sudden changes in vision, including color vision', 'decreased urination', 'swelling of the face, arms, hands, feet, ankles, or lower legs', 'shortness of breath with everyday activity or when lying flat', 'ringing in ears and difficulty hearing']"
682159,Ibuprofen,"['constipation', 'gas or bloating', 'dizziness', 'nervousness', 'ringing in the ears', 'unexplained weight gain', 'shortness of breath or difficulty breathing', 'swelling of the abdomen, feet, ankles, or lower legs', 'diarrhea', 'fever, rash, blisters, or peeling skin', 'itching', 'hives', 'swelling of the eyes, face, throat, arms, or hands', 'difficulty breathing or swallowing', 'hoarseness', 'excessive tiredness', 'pain in the upper right part of the stomach', 'nausea', 'loss of appetite', 'yellowing of the skin or eyes', 'flu-like symptoms', 'pale skin', 'fast heartbeat', 'cloudy, discolored, or bloody urine', 'back pain', 'difficult or painful urination', 'blurred vision, changes in color vision, or other vision problems', 'headache, stiff neck, fever']"
607001,Bevacizumab Injection,"['dizziness', 'loss of appetite', 'heartburn', 'change in ability to taste food', 'diarrhea', 'weight loss', 'sores in the mouth', 'voice changes', 'increased or decreased tears', 'stuffy or runny nose', 'muscle, joint, or back pain', 'trouble sleeping', 'dry skin', 'nosebleeds or bleeding from your gums; coughing up or vomiting blood or material that looks like coffee grounds; unusual bleeding or bruising; increased menstrual flow or vaginal bleeding; pink, red, or dark brown urine; or red or tarry black bowel movements', 'sudden headache, dizziness, or weakness; slow or difficult speech; or sudden weakness or numbness of the face, arm or leg', 'chest pain or discomfort; pain in the arms, shoulders, neck, jaw, stomach, or upper back; feeling light-headed or faint; or shortness of breath', 'shortness of breath; difficulty breathing; swelling of the hands, feet, ankles or lower legs; or fast, irregular, or pounding heartbeat', 'seizures, extreme tiredness, confusion, or change in vision or loss of vision', 'sore throat, fever, chills, and other signs of infection', 'swelling of the face, eyes, stomach, hands, feet, ankles, or lower legs; unexplained weight gain; or foamy urine', 'pain, tenderness, warmth, redness, or swelling in one leg only; sudden chest pain; shortness of breath; or coughing up blood', 'rash or redness, itching, or scaling of the skin', 'stomach pain, constipation, nausea, vomiting, shivering, or fever']"
605045,Pregabalin,"['tiredness', 'dizziness', 'headache', 'dry mouth', 'nausea', 'vomiting', 'constipation', 'gas', 'bloating', ""''high'' or elevated mood"", 'speech problems', 'difficulty concentrating or paying attention', 'difficulty remembering or forgetfulness', 'anxiety', 'lack of coordination', 'loss of balance or unsteadiness', 'uncontrollable shaking or jerking of a part of the body', 'muscle twitching', 'weakness', 'increased appetite', 'weight gain', 'back pain', 'blurred vision, double vision, or other changes in eyesight', 'hives', 'rash', 'itching', 'blisters', 'swelling of the eyes, face, throat, mouth, lips, gums, tongue, head or neck', 'swelling of the arms, hands, feet, ankles, or lower legs', 'shortness of breath', 'wheezing', 'muscle pain, tenderness, soreness, or weakness, especially if it comes along with fever', 'chest pain', 'difficulty breathing; bluish-tinged skin, lips, or fingernails; confusion; or extreme sleepiness']"
626025,Narsoplimab-wuug Injection,"['diarrhea', 'nausea', 'vomiting', 'stomach pain', 'unusual tiredness or weakness', 'back pain', 'unusual bleeding or bruising', 'sore throat, runny nose, cough, difficult or painful urination, fever, chills, or other signs of infection']"
696031,Docetaxel Injection,"['vomiting', 'constipation', 'changes in taste', 'extreme tiredness', 'muscle, joint, or bone pain', 'hair loss', 'nail changes', 'increased eye tearing', 'sores in the mouth and throat', 'redness, dryness, or swelling at the site where the medication was injected', 'blistering skin', 'numbness, tingling, or burning sensation in the hands or feet', 'weakness in the hands and feet', 'unusual bleeding or bruising', 'nosebleeds', 'blurred vision', 'loss of vision', 'stomach pain or tenderness, diarrhea, or fever']"
682220,Melphalan,"['nausea', 'vomiting', 'loss of appetite or weight', 'sores in the mouth and throat', 'missed menstrual periods (in girls and women)', 'joint, muscle, or back pain', 'rash', 'hives', 'itching', 'difficulty breathing or swallowing', 'pale skin', 'excessive tiredness', 'fainting', 'fast, irregular, or pounding heartbeat', 'yellowing of the skin or eyes', 'pain in the upper right part of the stomach', 'dark colored urine', 'unusual lumps or masses']"
601099,Potassium,"['upset stomach', 'vomiting', 'diarrhea', 'mental confusion', 'listlessness', 'tingling, prickling, burning, tight, or pulling sensation of arms, hands, legs, or feet', 'heaviness or weakness of legs', 'cold, pale, gray skin', 'stomach pain', 'unusual stomach bulging', 'black stools']"
698002,Propafenone,"['dizziness', 'dry mouth', 'headache', 'nausea', 'vomiting', 'diarrhea', 'constipation', 'loss of appetite', 'unusual taste in the mouth', 'gas', 'tiredness', 'anxiety', 'blurred vision', 'uncontrollable shaking of a part of the body', 'difficulty falling asleep or staying asleep', 'difficulty with coordination', 'difficulty breathing', 'wheezing', 'chest pain', 'new or worsening irregular heartbeat', 'slow, fast, or pounding heartbeat', 'swelling of the hands, feet, ankles, or lower legs', 'sudden, unexplained weight gain', 'fainting', 'skin rash', 'unexplained fever, chills, weakness, or sore throat']"
622030,Rilonacept Injection,"['injection site pain, bruising, bleeding, swelling, redness, warmth, or itching', 'nausea', 'diarrhea', 'upset stomach', 'stuffy nose', 'numbness', 'muscle and joint pain (in patients with pericarditis)', 'hives; rash; itching; difficulty breathing or swallowing; swelling of the eyes, face, mouth, lips, tongue or throat; hoarseness; lightheadedness; fainting; or chest pain']"
695022,Alprostadil Urogenital,"['bleeding or bruising in the place where you administered the medication', 'pain or aching in the penis, testicles, legs, or perineum (area between the penis and rectum)', 'warmth or burning sensation in the urinary opening of the penis', 'redness of the penis', 'dizziness', 'rash', 'erection lasting more than 4 hours', 'redness, swelling, tenderness, or unusual curving of the erect penis', 'breakage of the needle in the penis', 'nodules or hard areas on the penis', 'fast heartbeat', 'fainting', 'swollen veins in the legs']"
617038,Abaloparatide Injection,"['dizziness', 'sense of spinning', 'headache', 'tiredness', 'upper stomach pain or bloating', 'nausea', 'diarrhea', 'pain in joints', 'redness, pain, or swelling in the area where the medication was injected', 'signs of high blood calcium: nausea, vomiting, constipation, lack of energy, and muscle weakness', 'pain in the lower back or lower stomach', 'painful urination', 'blood in the urine']"
605018,Ribavirin,"['cough', 'upset stomach', 'vomiting', 'diarrhea', 'constipation', 'heartburn', 'loss of appetite', 'weight loss', 'changes in ability to taste food', 'dry mouth', 'difficulty concentrating', 'difficulty falling asleep or staying asleep', 'memory loss', 'rash', 'dry, irritated, or itchy skin', 'sweating', 'painful or irregular menstruation (period)', 'muscle or bone pain', 'hair loss', 'hives', 'swelling of the face, throat, tongue, lips, eyes, hands, feet, ankles, or lower legs', 'hoarseness', 'difficulty swallowing or breathing', 'pain in the stomach or lower back', 'bloody diarrhea', 'bright red blood in stools', 'black, tarry stools', 'stomach bloating', 'confusion', 'dark-colored urine', 'yellowing of the skin or eyes', 'unusual bleeding or bruising', 'vision changes', 'fever, chills, and other signs of infection', 'depression', 'thinking about hurting or killing yourself', 'mood changes', 'excessive worry', 'irritability', 'starting to use street drugs or alcohol again if you used these substances in the past', 'intolerance to cold']"
684031,Atenolol,"['dizziness', 'lightheadedness', 'tiredness', 'depression', 'nausea, diarrhea', 'rash', 'dry eyes', 'shortness of breath', 'wheezing', 'swelling of the hands, feet, ankles, or lower legs', 'unusual weight gain', 'fainting', 'rapid, pounding, or irregular heartbeat']"
620058,Cholecalciferol (Vitamin D3),"['loss of appetite', 'weight loss', 'nausea', 'vomiting', 'constipation']"
682672,Cholestyramine Resin,"['constipation, bloating, stomach pain, gas, upset stomach, vomiting, diarrhea,  loss of appetite', 'heartburn, indigestion', 'unusual bleeding (such as bleeding from the gums or rectum)']"
601243,Nedocromil Ophthalmic,"['stinging or burning of the eyes', 'blurred vision', 'increased eye redness or itching']"
626006,Plozasiran Injection,"['headache', 'nausea', 'pain, redness, or bruising at the site of injection', 'increased thirst, increased urinating, tiredness, blurred vision, weight loss']"
602027,Travoprost Ophthalmic,"['eye pain or irritation', 'blurred vision', 'dry eyes', 'eye tearing', 'feeling that something is in the eye', 'headache', 'sensitivity to light', 'abnormal vision', 'pink eye', 'redness or swelling of the eyelid']"
615043,Evolocumab Injection,"['redness, itching, swelling, pain, or tenderness at the injection site', 'flu-like symptoms, runny nose, cough, sore throat, fever, or chills', 'pain or burning during urination', 'muscle or back pain', 'dizziness', 'headache', 'stomach pain', 'itching; rash; hives; difficulty breathing or swallowing; or swelling of the face, throat, tongue, lips, and eyes']"
608015,Doripenem Injection,"['headache', 'nausea', 'diarrhea', 'redness, pain, or swelling at the injection site', 'hives', 'itching', 'rash', 'blisters on the skin, mouth, nose, and eyes', 'sloughing (shedding) of skin', 'fever', 'difficulty breathing or swallowing', 'seizures', 'watery or bloody stools (up to 2 months after your treatment)', 'excessive tiredness', 'weakness', 'shortness of breath', 'pale skin']"
682487,Atropine Ophthalmic,"['eye irritation and redness', 'swelling of the eyelids', 'sensitivity to bright light', 'dry mouth', 'red or dry skin', 'blurred vision', 'fever', 'irritability', 'fast pulse', 'irregular heartbeat', 'mental confusion', 'difficulty urinating']"
610001,Pralatrexate Injection,"['nausea', 'vomiting', 'diarrhea', 'constipation', 'decreased appetite', 'tiredness', 'weakness', 'rash', 'itching', 'night sweats', 'stomach, back, arm, or leg pain', 'swelling of the hands, feet, ankles, or lower legs', 'white patches or sores on the lips or in the mouth and throat', 'fever, sore throat, cough, chills, or other signs of infection', 'unusual bleeding or bruising', 'bleeding gums', 'nosebleeds', 'small red or purple dots on the skin', 'blood in the urine or stool', 'shortness of breath', 'chest pain', 'fast or irregular heartbeat', 'pale skin', 'cold hands and feet', 'extreme thirst', 'dry, sticky mouth', 'sunken eyes', 'decreased urination', 'dizziness or lightheadedness']"
621013,Tirbanibulin Topical,"['redness, flaking, scaling, crusting, or swelling of the skin', 'pain, itching, or irritation of the treated skin', 'blisters, pus, ulcers, or other sores on the skin']"
682280,Loperamide,"['constipation', 'fatigue', 'rash', 'red, peeling or blistering skin', 'hives', 'itching', 'wheezing', 'difficulty breathing', 'fever', 'stomach pain or swelling', 'bloody stools']"
601099,Potassium,"['upset stomach', 'vomiting', 'diarrhea', 'mental confusion', 'listlessness', 'tingling, prickling, burning, tight, or pulling sensation of arms, hands, legs, or feet', 'heaviness or weakness of legs', 'cold, pale, gray skin', 'stomach pain', 'unusual stomach bulging', 'black stools']"
613017,Bacitracin Ophthalmic,"['itching, stinging, or burning of the eye']"
614052,Bacitracin Topical,"['itching', 'rash', 'hives', 'difficulty breathing or swallowing']"
616036,Daclizumab Injection,"['acne', 'mouth pain', 'rash', 'hives', 'itching', 'difficulty breathing or swallowing', 'swelling of the eyes, face, mouth, tongue, or throat', 'new or worsening depression', 'changes in mood or behavior', 'thinking about harming or killing yourself or planning or trying to do so', 'runny nose, coughing, sore throat, fever, chills, and other signs of infection', 'difficulty urinating', 'pain when urinating', 'seizures']"
625080,Telisotuzumab vedotin-tllv Injection,"['decreased appetite', 'nausea', 'vomiting', 'constipation', 'unusual tiredness or weakness', 'swelling of the hands, feet, ankles, or lower legs', 'numbness or tingling in the hands or feet, muscle weakness, pain, burning, or difficulty walking', 'new or worsening cough, shortness of breath, trouble breathing, wheezing, or fever']"
623049,Bimekizumab-bkzx injection,"['headache', 'cold sores (sores around the mouth or lips)', 'small, red bumps on your skin', 'feeling tired', 'yeast or fungal infection of the mouth or throat (patches or white in or around the mouth, difficulty or painful swallowing), skin, nails, feet (scaly, itchy skin or thickening of nails), or genitals (white discharge, itching)', 'pain, redness or swelling at the injection site', 'stuffy or runny nose, sneezing, or sore throat', 'stomach pain', 'diarrhea', 'acne', 'right-sided lower stomach pain, feeling tired, loss of appetite, nausea and vomiting, itching, dark urine, light-colored stool, yellowing of the skin or eyes']"
692003,Fludarabine Injection,"['loss of appetite', 'nausea', 'vomiting', 'constipation', 'diarrhea', 'mouth sores', 'hair loss', 'muscle or joint pain', 'swelling of the arms, hands, feet, ankles, or lower legs', 'sleep problems', 'hearing loss', 'chest pain or discomfort', 'pain along the side of the body and blood in the urine', 'peeling or blistering skin, rash, hives, or difficulty breathing or swallowing']"
618013,Ipratropium Nasal Spray,"['nose dryness or irritation', 'nosebleeds', 'dry throat or mouth', 'sore throat', 'changes in taste', 'headache', 'diarrhea', 'nausea', 'rash', 'hives', 'itching', 'swelling of the eyes, face, lips, tongue, throat, hands, feet, ankles, or lower legs', 'hoarseness', 'difficulty breathing or swallowing']"
695021,Ipratropium Oral Inhalation,"['dizziness', 'nausea', 'heartburn', 'constipation', 'dry mouth', 'difficulty urinating', 'pain when urinating', 'frequent need to urinate', 'back pain', 'rash', 'hives', 'itching', 'swelling of the eyes, face, lips, tongue, throat, hands, feet, ankles, or lower legs', 'hoarseness', 'difficulty breathing or swallowing', 'fast or pounding heartbeat', 'chest pain']"
601099,Potassium,"['upset stomach', 'vomiting', 'diarrhea', 'mental confusion', 'listlessness', 'tingling, prickling, burning, tight, or pulling sensation of arms, hands, legs, or feet', 'heaviness or weakness of legs', 'cold, pale, gray skin', 'stomach pain', 'unusual stomach bulging', 'black stools']"
610009,Ofatumumab Injection (Chronic Lymphocytic Leukemia),"['muscle spasms', 'stuffy or runny nose', 'diarrhea', 'headache', 'difficulty sleeping', 'difficulty breathing or swallowing', 'heavy sweating', 'swelling of the face, throat, tongue, lips, eyes, hands, feet, ankles, or lower legs', 'hoarseness', 'sudden reddening of the face, neck, or upper chest', 'weakness', 'unusual bleeding or bruising', 'pale skin', 'pinpoint, flat, round, red spots under the skin', 'rash', 'hives', 'fever, chills, cough, sore throat, or other signs of infection', 'pain in arms, back, neck, or jaw', 'chest pain,', 'fast heartbeat', 'fainting']"
621050,Ofatumumab Injection (Multiple Sclerosis),"['headache', 'pain, redness, or swelling at the site of injection', 'weakness on one side of body or clumsiness of limb, new or sudden changes in thinking, confusion, dizziness, loss of balance, difficulty talking or walking, personality changes, or new or sudden changes in vision', 'rash; hives; trouble breathing; swelling of the face, eyelids, lips, mouth, tongue and throat; feeling faint; or chest tightness', 'feeling tired or weak, nausea, vomiting, dark urine, yellowing of the skin or eyes']"
612013,Basiliximab Injection,"['nausea', 'vomiting', 'diarrhea', 'constipation', 'stomach pain', 'heartburn', 'swelling of the hands, feet, ankles, or lower legs', 'runny nose', 'headache', 'shaking of a part of the body that you cannot control', 'difficulty falling asleep or staying asleep', 'pain in the place where you received the injection', 'hives', 'rash', 'itching', 'sneezing', 'cough', 'wheezing', 'difficulty breathing or swallowing', 'fast heartbeat', 'muscle aches', 'fatigue', 'lightheadedness, dizziness, or fainting', 'weight gain and swelling all over the body', 'sore throat, fever, chills, or other signs of infection', 'difficult or painful urination', 'decreased urination']"
619028,Testosterone,"['heartburn', 'diarrhea', 'gas', 'headache', 'joint and muscle pain', 'weight gain', 'lower leg pain, swelling, warmth, or redness', 'difficulty breathing, especially at night', 'swelling of the hands, feet, and ankles', 'sudden unexplained weight gain', 'erections that happen too often or that last too long', 'difficulty urinating, weak urine flow, frequent urination, sudden need to urinate right away', 'nausea or vomiting, extreme tiredness, yellowing of the skin or eyes, dark urine, or pain in the upper right part of the stomach', 'mood changes including depression, anxiety, or becoming suicidal (thinking about harming or killing oneself or planning or trying to do so)', 'enlarged or painful breasts']"
623040,Rozanolixizumab-noli,"['headache', 'diarrhea', 'rash', 'nausea', 'stomach pain', 'joint pain', 'bruising, swelling or redness at site of injection', 'fever', 'pain or burning on urination, increased frequency of urination', 'cough, shortness of breath, difficulty breathing', 'headache, fatigue, stiff neck, drowsiness, unresponsiveness, sensitivity to bright lights, seziures']"
626029,Thyrotropin alfa Injection,"['nausea', 'vomiting', 'unusual tiredness or weakness', 'dizziness', 'headache', 'itching, pain, bruising, or redness at the injection site', 'hot flashes', 'rash, hives, itching, flushing, or difficulty breathing or swallowing', 'fever, chills, or flu-like symptoms', 'slow or difficult speech; sudden weakness or numbness of the face, arm or leg; sudden headache; sudden vision problems; or sudden difficulty walking', 'fast, pounding, or irregular heartbeat; sensitivity to heat; nervousness; increased sweating; uncontrollable shaking of a part of the body; difficulty falling asleep or staying asleep; anxiety; or irritability']"
601102,Prednisone,"['headache', 'dizziness', 'difficulty falling asleep or staying asleep', 'inappropriate happiness', 'extreme changes in mood', 'changes in personality', 'bulging eyes', 'acne', 'thin, fragile skin', 'red or purple blotches or lines under the skin', 'slowed healing of cuts and bruises', 'increased hair growth', 'changes in the way fat is spread around the body', 'extreme tiredness', 'weak muscles', 'irregular or absent menstrual periods', 'decreased sexual desire', 'heartburn', 'increased sweating', 'vision problems', 'eye pain, redness, or tearing', 'sore throat, fever, chills, cough, or other signs of infection', 'seizures', 'depression', 'loss of contact with reality', 'confusion', 'muscle twitching or tightening', 'shaking of the hands that you cannot control', 'numbness, burning, or tingling in the face, arms, legs, feet, or hands', 'upset stomach', 'vomiting', 'lightheadedness', 'irregular heartbeat', 'sudden weight gain', 'shortness of breath, especially during the night', 'dry, hacking cough', 'swelling or pain in the stomach', 'swelling of the eyes, face, lips, tongue, throat, arms, hands, feet, ankles, or lower legs', 'difficulty breathing or swallowing', 'rash', 'hives', 'itching']"
623054,Perfluorohexyloctane ophthalmic,"['blurred vision', 'red eyes']"
619054,Bremelanotide Injection,"['nausea (most common after the first dose and usually lasts for about 2 hours)', 'vomiting', 'headache', 'flushing', 'nasal stuffiness', 'cough', 'tiredness', 'dizziness', 'pain, redness, bruising, itching, numbness, or tingling in the area where the medication was injected', 'increase in blood pressure and decrease in heart rate that may last for up to 12 hours after a dose']"
625018,Dobutamine Injection,"['nausea', 'headache', 'rash, fever, difficulty swallowing or breathing', 'chest pain or changes in heartbeat', 'dizziness, weakness, fainting', 'tenderness, redness, pain, or swelling at the place of injection']"
625036,Calcium Injection,"['an abnormal sensation of tingling, prickling, burning, or numbness in the skin', 'burning at the site of injection', 'dizziness', 'flushing or feeling of warmth', 'changes in taste', 'redness, swelling, or thickening or hardening of the skin near the place where the injection is given', 'dizziness, fainting, fast or irregular heartbeat, chest pain']"
601032,Calcium Carbonate,"['upset stomach', 'vomiting', 'stomach pain', 'belching', 'constipation', 'dry mouth', 'increased urination', 'loss of appetite', 'metallic taste']"
620017,Calcium Acetate,"['nausea', 'vomiting', 'constipation', 'loss of appetite', 'itching', 'confusion, feeling disoriented, feeling faint, or loss of consciousness']"
688020,Naftifine Topical,"['itching', 'burning', 'irritation or stinging', 'redness', 'dryness', 'rash']"
601099,Potassium,"['upset stomach', 'vomiting', 'diarrhea', 'mental confusion', 'listlessness', 'tingling, prickling, burning, tight, or pulling sensation of arms, hands, legs, or feet', 'heaviness or weakness of legs', 'cold, pale, gray skin', 'stomach pain', 'unusual stomach bulging', 'black stools']"
697047,Bicalutamide,"['hot flashes or flushing', 'bone, back, or pelvic pain', 'muscle weakness', 'muscle or joint pain', 'headache', 'shortness of breath', 'increased blood pressure', 'swelling of the hands, feet, ankles, or lower legs', 'cough', 'constipation', 'nausea', 'vomiting', 'abdominal pain', 'diarrhea', 'gas', 'change in weight (loss or gain)', 'loss of appetite', 'dizziness', 'pain, burning, or tingling in the hands or feet', 'difficulty sleeping', 'feeling of uneasiness or dread', 'rash', 'sweating', 'inability to get or keep an erection', 'need to urinate frequently during the night', 'bloody urine', 'painful or difficult urination', 'frequent and urgent need to urinate', 'difficulty emptying bladder', 'painful or swollen breasts', 'yellowing of the skin or eyes', 'pain in the upper right part of the stomach', 'extreme tiredness', 'unusual bleeding or bruising', 'lack of energy', 'upset stomach', 'loss of appetite', 'flu-like symptoms', 'dull or sharp side pain', 'chest pain']"
686015,Cefotetan Injection,"['nausea', 'redness, pain, or swelling at the injection site', 'diarrhea', 'shortness of breath', 'fast heartbeat', 'headache', 'dizziness', 'pale skin', 'confusion', 'extreme tiredness', 'watery or bloody stools, stomach cramps, or fever during treatment or for up to two or more months after stopping treatment', 'unusual bleeding or bruising', 'hives', 'skin rash', 'itching', 'difficulty breathing or swallowing', 'swelling of the throat or tongue', 'a return of fever, sore throat, chills, or other signs of infection']"
619028,Testosterone,"['heartburn', 'diarrhea', 'gas', 'headache', 'joint and muscle pain', 'weight gain', 'lower leg pain, swelling, warmth, or redness', 'difficulty breathing, especially at night', 'swelling of the hands, feet, and ankles', 'sudden unexplained weight gain', 'erections that happen too often or that last too long', 'difficulty urinating, weak urine flow, frequent urination, sudden need to urinate right away', 'nausea or vomiting, extreme tiredness, yellowing of the skin or eyes, dark urine, or pain in the upper right part of the stomach', 'mood changes including depression, anxiety, or becoming suicidal (thinking about harming or killing oneself or planning or trying to do so)', 'enlarged or painful breasts']"
624076,Gadolinium-based Contrast Agents,"['burning, pain, or feeling of warmth or coldness at or around the injection site', 'headache', 'nausea', 'rash, itching, hives, dizziness, or difficulty breathing or swallowing']"
622064,Oliceridine Injection,"['nausea', 'vomiting', 'dizziness', 'headache', 'lightheadedness', 'drowsiness', 'flushing', 'itching', 'back pain', 'fever', 'seizures', 'agitation, hallucinations (seeing things or hearing voices that do not exist), fever, sweating, confusion, fast heartbeat, shivering, severe muscle stiffness or twitching, loss of coordination, nausea, vomiting, or diarrhea', 'nausea, vomiting, loss of appetite, weakness, or dizziness', 'inability to get or keep an erection', 'decreased sexual desire', 'irregular menstruation', 'rash; hives; swelling of the eyes, face, lips, tongue, mouth, or throat; difficulty breathing or swallowing', 'fainting']"
612027,Pertuzumab Injection,"['nausea', 'diarrhea', 'constipation', 'decrease in appetite', 'difficulty falling asleep or staying asleep', 'pain, burning, numbness, or tingling in the hands or feet', 'teary eyes', 'dry skin', 'change in the appearance of nails', 'hair loss', 'mouth sores or blisters', 'sore throat, fever, chills, cough, difficult or painful urination, and other signs of infection', 'excessive tiredness or pale skin', 'rash with blisters on hands and feet']"
618062,Baloxavir Marboxil,"['vomiting', 'diarrhea', 'nausea', 'difficulty breathing or swelling of the face or throat', 'swelling of the arms, hands, feet, and legs', 'hives or itching', 'new red skin lesion or bump']"
602013,Etanercept Injection,"['redness, itching, pain, swelling, bleeding, or bruising at the site of injection', 'seizures', 'easy bruising or bleeding', 'pale skin', 'pain in the upper right part of the stomach', 'rash; hives; itching; swelling of the eyes, face, lips, tongue, or throat; or difficulty breathing or swallowing', 'shortness of breath', 'swelling of the feet, ankles, or lower legs', 'rash on the face and arms that worsens in the sun', 'numbness or tingling', 'vision changes or problems', 'weakness in the arms or legs', 'dizziness', 'red, scaly patches or pus-filled bumps on the skin']"
604035,Pancrelipase,"['headache', 'cough', 'sore throat', 'dizziness', 'bruising', 'feeling full after eating a small amount', 'gas', 'irritation or itching around the anus', 'rash', 'hives', 'itching', 'difficulty breathing or swallowing', 'hoarseness', 'nausea', 'vomiting', 'diarrhea', 'stomach pain or bloating', 'difficulty having bowel movements', 'pain, stiffness, redness, or swelling in joints, especially the big toe']"
624013,Budesonide Oral Suspension (Eosinophilic Esophagitis),"['headache', 'dry or sore throat', 'stuffy or runny nose, cough, nasal or chest congestion', 'dry and itchy skin, sneezing, runny nose or watery eyes', 'acne, rounding of your face, ankle swelling, thicker body hair or facial hair, hump between your shoulders, stretch marks on your skin', 'tiredness, weakness, nausea and vomiting, low blood pressure (dizziness when get from laying or sitting down to standing', 'fever, chills, abdominal pain, aches, diarrhea, feeling tired', 'heartburn, chest pain, trouble swallowing', 'purple, brown or red lesions that appear on skin that may be flat or raised', 'rash, throat swelling, or difficulty breathing']"
615042,Prednisolone,"['headache', 'nausea', 'extreme changes in mood, including unusual happiness', 'changes in personality', 'difficulty falling asleep or staying asleep', 'thin, fragile skin', 'slowed healing of cuts and bruises', 'acne', 'thinning hair', 'increased appetite', 'changes in the way fat is spread around the body', 'increased sweating', 'irregular or absent menstrual periods', 'sore throat, fever, chills, cough, or other signs of infection', 'seizures', 'muscle weakness', 'vision problems', 'depression', 'loss of contact with reality', 'sudden weight gain', 'stomach swelling', 'swelling of the eyes, face, lips, tongue, throat, arms, hands, feet, ankles, or lower legs', 'difficulty breathing or swallowing', 'rash', 'hives', 'itching']"
625074,Inebilizumab-cdon Injection,"['joint, muscle, or back pain', 'headache', 'fever, chills, body aches, runny nose, sore throat, cough, painful or frequent\r\nurination, or other signs of infection', 'rash; hives; itching; feeling faint or lightheaded; swelling of the face, eyes, lips, mouth,\r\nthroat, or tongue; trouble breathing; or chest or throat tightness', 'decreased strength or weakness on one side of the body, loss of balance or coordination, vision changes, confusion, trouble understanding or thinking, memory loss, or personality changes']"
626003,Ketamine Injection,"['pain at the site of injection', 'nausea, vomiting', 'itching, rash, hives; difficulty breathing or swallowing; dizziness; swelling of the lips, tongue, throat or eyes', 'confusion, excitement, hallucinations (seeing things that do not exist) or agitation', 'sudden, twitching, jerking, or spasm of muscles that you cannot control', 'irregular heartbeat', 'difficulty breathing']"
618026,Tildrakizumab-asmn injection,"['diarrhea', 'cough, sore throat, runny or stuffed nose', 'redness, itching, swelling, bruising, bleeding, or pain near the spot where tildrakizumab-asmn was injected', 'hives or rash', 'swelling of face, eyelids, lips, mouth, tongue or throat; trouble breathing; throat or chest tightness; feeling faint']"
606007,Nepafenac Ophthalmic,"['headache', 'runny nose', 'pain or pressure in the face', 'nausea', 'vomiting', 'dry, itchy, or sticky eyes', 'red or bloody eyes', 'eye pain', 'feeling that something is in the eye', 'sensitivity to light', 'blurred or decreased vision', 'seeing specks or spots', 'teary eyes', 'eye discharge or crusting']"
607031,Fulvestrant Injection,"['nausea', 'vomiting', 'constipation', 'diarrhea', 'stomach pain', 'loss of appetite', 'sore throat', 'mouth sores', 'cough', 'weakness', 'hot flashes or flushing', 'headache', 'pain in bones, muscles, joints, or back', 'pain, redness, or swelling in the place where your medication was injected', 'swelling of the hands, feet, ankles, or lower legs', 'dizziness', 'difficulty falling asleep or staying asleep', 'depression', 'anxiety', 'tiredness', 'feelings of numbness, tingling, pricking, or burning on the skin', 'sweating', 'abnormal vaginal bleeding', 'hair loss', 'shortness of breath', 'chest pain', 'hives', 'rash', 'itching', 'difficulty breathing or swallowing', 'swelling of the face, throat, tongue, lips, or eyes', 'pain in your lower back or legs', 'numbness, tingling, or weakness in your legs', 'pain in the upper right part of the stomach', 'yellowing of the skin or eyes', 'pain or burning while urinating']"
618063,Galcanezumab-gnlm Injection,"['pain, swelling, or redness at the site of injection', 'rash; hives; itching; difficulty breathing; shortness of breath; or swelling of the face, eyes, mouth, throat, tongue, or lips', 'numb, cold, painful, or discolored fingers or toes']"
682206,Hydrocortisone,"['nausea', 'headache', 'insomnia', 'acne', 'irregular or absent menstrual periods', 'rash; hives; itching; swelling of the eyes, face, lips, mouth, throat, or tongue; or difficulty breathing or swallowing', 'vomiting', 'diarrhea', 'sudden weight gain; muscle weakness; unusual bruising; swollen face, lower legs, or ankles; depression; or sudden, unusual mood changes', 'hallucinations (seeing things or hearing voices that do not exist), confusion, mania (frenzied or abnormally excited mood), or depression', 'eye pain, redness, or tearing; blurred vision; or other vision problems', 'sore throat, fever, chills, cough, stomach pain, difficult or painful urination, or other signs of infection', 'seizures']"
626009,Onasemnogene abeparvovec-xioi Injection,"['unusual bruising or bleeding', 'confusion, tiredness or sleepiness, weakness, dizziness, shortness of breath, unusual bruising or bleeding, seizures, or decreased urination']"
698010,Imiquimod Topical,"['redness, itching, burning, or bleeding of the treated area', 'flaking, scaling, dryness, or thickening of the skin', 'swelling, stinging, or pain in the treated area', 'blisters, scabs, or bumps on the skin', 'headache', 'skin breakdown or sores that may have drainage, especially during the first week of treatment', 'flu-like symptoms such as nausea, fever, chills, tiredness, and muscle weakness or pain']"
619035,Risankizumab-rzaa Injection,"['headache', 'runny nose, sore throat, sneezing, or nasal congestion', 'extreme tiredness', 'injection site bruising, pain, redness, swelling, irritation, pain, itching, and warmth', 'joint or back pain', 'swelling of the face, throat, or around the mouth or eyes; hives; rash; itching; trouble swallowing or breathing; dizziness; rapid heartbeat; or sweating', 'nausea, vomiting, loss of appetite, pain in the upper right part of the stomach, unexplained rash, flu-like symptoms, dark urine, yellowing of the skin or eyes, or lack of energy']"
619039,Polatuzumab vedotin-piiq Injection,"['diarrhea', 'vomiting', 'dizziness', 'loss of appetite', 'weight loss', 'joint pain', 'confusion; dizziness or loss of balance; difficulty talking or walking; or changes in vision', 'numbness or tingling of the hands or feet; or muscle weakness, pain, or burning', 'easy bruising or bleeding; bleeding from gums or nose; or blood in urine or stool', 'nausea, vomiting, diarrhea, and tiredness', 'pale skin or unusual tiredness or weakness', 'fever, sore throat, chills, pain when urinating, and other signs of infection', 'excessive tiredness; yellowing of the skin or eyes; loss of appetite; dark urine; or pain in the upper right part of the stomach']"
624078,Zanidatamab-hrli Injection,"['abdominal pain', 'nausea', 'vomiting', 'fatigue', 'reduced appetite', 'diarrhea', 'new or worsening shortness of breath, feeling more tired than usual, swelling of your ankles or feet, loss of consciousness, irregular heartbeat, sudden weight gain, dizziness or lightheadedness']"
617032,Sarilumab Injection,"['stuffy or runny nose', 'redness or itching near the spot the medication was injected', 'bleeding or bruising easily', 'rash', 'hives', 'difficulty swallowing or breathing', 'swelling of your lips, tongue, or face', 'chest pain', 'feeling dizzy or faint', 'stomach pain', 'vomiting']"
603031,Omalizumab Injection,"['pain, redness, swelling, warmth, burning, bruising, hardness, or itching in the place omalizumab was injected', 'pain, especially in the joints, arms, or legs', 'tiredness', 'ear pain', 'headache', 'nausea', 'dizziness', 'runny or stuffy nose, sore throat, or cough', 'stomach pain', 'nose bleeds', 'fever, muscle aches, rash, and swollen glands within 1 to 5 days after receiving a dose of omalizumab injection', 'shortness of breath, chest pain, coughing up blood, fast heartbeat, dizziness, or fainting', 'sudden weakness or numbness of face, arm or leg on one side of the body, slowed or slurred speech, or vision problems', 'rash; shortness of breath; chest pain; or numbness, and tingling in your hands and feet', 'bone fracture']"
688022,"Terconazole Vaginal Cream, Vaginal Suppositories","['headache', 'missed menstrual periods', 'burning in vagina when cream or suppository is inserted', 'irritation in vagina when cream or suppository is inserted', 'stomach pain', 'fever', 'foul-smelling vaginal discharge']"
623030,Nalmefene Nasal Spray,"['headache', 'nasal congestion, discomfort, or pain', 'throat irritation', 'dizziness', 'hot flushes', 'red skin', 'feeling anxious', 'tiredness', 'decreased appetite', 'change in sense of taste', 'signs of opiate withdrawal such as body aches; diarrhea; fast, pounding, or irregular heartbeat; fever; runny nose; sneezing; sweating; yawning; nausea; vomiting; nervousness; restlessness; irritability; shivering or trembling; stomach cramps; weakness; and the appearance of hair on the skin standing on end', 'seizures', 'loss of consciousness']"
623029,Nalmefene Injection,"['nausea', 'vomiting', 'headache', 'fever', 'chills', 'dizziness', 'tiredness', 'feeling of rapid heart beat', 'ringing in ear', 'signs of opiate withdrawal such as body aches; diarrhea; fast, pounding, or irregular heartbeat; fever; runny nose; sneezing; sweating; yawning; nausea; vomiting; nervousness; restlessness; irritability; shivering or trembling; stomach cramps; weakness; and the appearance of hair on the skin standing on end', 'seizures']"
687010,Aztreonam Injection,"['nausea', 'vomiting', 'diarrhea', 'stomach pain', 'redness, irritation, or swelling at the injection site', 'severe diarrhea (watery or bloody stools) that may occur with or without fever and stomach cramps (may occur up to 2 months or more after your treatment)', 'hives', 'itching', 'rash', 'difficulty breathing or swallowing', 'blisters on the skin, mouth, nose, and eyes']"
682731,Cefazolin Injection,"['white patches in mouth', 'nausea', 'vomiting', 'diarrhea', 'pain, redness, swelling, or bleeding near the place where cefazolin was injected', 'watery or bloody stools, stomach cramps or fever during treatment or for up to two or more months after stopping treatment', 'rash, hives, itching, difficulty breathing or swallowing; or blistering, peeling, or shedding skin', 'swelling in legs and feet', 'decreased urination', 'dark urine, yellowing of skin or eyes, pain in the upper right part of stomach', 'fainting', 'a return of fever, sore throat, chills, or other signs of infection', 'seizures']"
684049,Econazole Topical,"['itching', 'burning', 'irritation', 'stinging', 'redness', 'rash']"
621037,Sotrovimab Injection,"['bleeding, bruising, pain, soreness, or swelling at injection site', 'fever, difficulty breathing, changes in heart rate, tiredness, weakness, or confusion']"
612022,Naloxone Injection,"['pain, burning, or redness at the injection site', 'hot flashes or flushing', 'rapid, pounding, or irregular heartbeat', 'seeing things or hearing voices that do not exist (hallucinations)', 'loss of consciousness', 'seizures', 'signs of opiate withdrawal such as body aches, diarrhea, fast heart beat, fever, runny nose, sneezing, sweating, yawning, nausea, vomiting, nervousness, restlessness, irritability, shivering or trembling, stomach cramps, weakness, and the appearance of hair on the skin standing on end', 'crying more than usual (in babies treated with naloxone injection)', 'stronger than normal reflexes (in babies treated with naloxone injection)']"
616003,Naloxone Nasal Spray,"['headache', 'nasal dryness, nasal swelling, or congestion', 'muscle pain', 'change in sense of taste', 'stomach pain', 'signs of opiate withdrawal such as body aches, diarrhea, fast, pounding, or irregular heartbeat, fever, runny nose, sneezing, sweating, yawning, nausea, vomiting, nervousness, restlessness, irritability, shivering, trembling, stomach cramps, weakness, and the appearance of hair on the skin standing on end', 'seizures', 'loss of consciousness', 'crying more than usual (in babies treated with naloxone nasal spray)', 'stronger than normal reflexes (in babies treated with naloxone nasal spray)']"
620008,Cefiderocol Injection,"['nausea', 'vomiting', 'diarrhea', 'constipation', 'swelling, pain, or redness near the spot where the medication was injected', 'genital itching', 'white patches in mouth', 'seizures', 'rash, itching, hives, difficulty breathing or swallowing ,wheezing, or swelling of the face, throat, tongue, lips, or eyes', 'severe diarrhea (watery or bloody stools) that may occur with or without fever and stomach cramps (may occur up to 2 months or more after your treatment)']"
622075,Mirvetuximab soravtansine-gynx Injection,"['feeling tired', 'diarrhea', 'nausea', 'vomiting', 'decreased appetite', 'abdominal pain', 'constipation', 'muscle weakness or spasms', 'muscle, bone, or joint pain', 'headache', 'trouble breathing, cough, shortness of breath, or chest pain', 'new or worsening tingling or numbness in your hands or feet or muscle weakness', 'unusual bruising or bleeding']"
686007,Ceftazidime Injection,"['pain, redness, swelling, or bleeding near the place where cefuroxime was injected', 'diarrhea', 'watery or bloody stools, stomach cramps, or fever during treatment or for up to two or more months after stopping treatment', 'swelling of the face, throat, tongue, lips, and eyes', 'difficulty swallowing or breathing', 'hoarseness', 'rash', 'itching', 'peeling, blistering, or shedding skin', 'seizures', 'a return of fever, sore throat, chills, or other signs of infection']"
616024,Defibrotide Injection,"['dizziness', 'diarrhea', 'vomiting', 'nausea', 'nose bleeding', 'rash', 'hives', 'itching', 'swelling of the face, lips, tongue or throat', 'unusual bleeding or bruising', 'blood in urine or stool', 'headache', 'confusion', 'slurred speech', 'vision changes', 'fever, cough, or other signs of infection']"
619025,Loteprednol Ophthalmic,"['burning feeling when the eye drops are instilled', 'headache', 'dry, red, or itchy eyes', 'teary eyes', 'runny nose', 'blurred vision or vision changes', 'eye pain', 'sensitivity to light', 'eye discharge or crusting', 'feeling that something is in the eye']"
696019,Gemcitabine Injection,"['nausea', 'vomiting', 'diarrhea', 'constipation', 'loss of appetite', 'sores in the mouth and throat', 'hair loss', 'headache', 'sore or painful muscles', 'pain, burning, or tingling in the hands or feet', 'swelling, pain, redness, or burning at the injection site', 'rash, itching, hives, throat or tongue swelling, shortness of breath, difficulty breathing, vomiting, lightheadedness, or fainting', 'redness, blistering, peeling of skin, fever, feeling ill, muscle aches and pains', 'unusual bleeding or bruising, red or black tarry stools, or coughing up or vomiting blood or material that looks like coffee grounds', 'changes in volume of urine', 'fever, sore throat, ongoing cough and congestion, or other signs of infection', 'unusual tiredness or weakness, shortness of breath, or wheezing', 'yellowing of the skin or eyes, dark urine, loss of appetite, fatigue, or pain or discomfort in right upper stomach area', 'swelling of the feet, ankles, or lower legs; stomach pain; watery stools; or tiredness', 'fast, irregular, or pounding heartbeat', 'headache, seizures, tiredness, confusion, or vision changes']"
625100,Gemcitabine Intravesical System,"['frequent, urgent, burning, or painful urination; or pain in the lower back or lower stomach', 'difficulty urinating', 'leakage of urine', 'fatigue', 'diarrhea', 'pain in the genital area', 'blood in the urine']"
618046,Glycopyrronium Topical,"['dryness of the mouth, nose, throat, eyes, or skin', 'widened pupils (black circles in the middle of the eyes)', 'sore throat', 'headache', 'burning, stinging, itching, or redness in the underarm area', 'constipation', 'urinating frequently, difficulty urinating, or urinating in a weak stream or drips']"
682274,Neomycin Topical,"['irritation', 'burning', 'redness', 'rash', 'itching', 'hearing difficulty', 'decreased urination']"
601099,Potassium,"['upset stomach', 'vomiting', 'diarrhea', 'mental confusion', 'listlessness', 'tingling, prickling, burning, tight, or pulling sensation of arms, hands, legs, or feet', 'heaviness or weakness of legs', 'cold, pale, gray skin', 'stomach pain', 'unusual stomach bulging', 'black stools']"
606010,Barium Sulfate,"['stomach cramps', 'diarrhea', 'nausea', 'vomiting', 'constipation', 'weakness', 'pale skin', 'sweating', 'ringing in the ears', 'hives', 'itching', 'red skin', 'swelling or tightening of the throat', 'difficulty breathing or swallowing', 'hoarseness', 'agitation', 'confusion', 'fast heartbeat', 'bluish skin color']"
